ocel_id;ocel_time;ocel_changed_field;price
o-990001;2023-04-03 12:08:18;;5543.97
o-990002;2023-04-03 16:36:55;;7970.94
o-990003;2023-04-03 23:31:23;;579.99
o-990004;2023-04-04 12:30:50;;1313.98
o-990005;2023-04-04 17:21:59;;1033.98
o-990006;2023-04-05 06:24:56;;8079.97
o-990007;2023-04-05 13:05:45;;2880.99
o-990008;2023-04-05 17:31:49;;3962.99
o-990009;2023-04-06 08:13:07;;718.99
o-990010;2023-04-06 13:09:59;;804.0
o-990011;2023-04-06 17:40:17;;1104.0
o-990012;2023-04-07 08:53:28;;283.99
o-990013;2023-04-07 14:10:31;;3304.0
o-990014;2023-04-07 18:41:21;;104.99
o-990015;2023-04-09 14:15:59;;1353.97
o-990016;2023-04-10 11:37:17;;2654.0
o-990017;2023-04-10 16:34:53;;853.99
o-990018;2023-04-10 23:25:17;;2581.99
o-990019;2023-04-11 12:24:07;;1588.98
o-990020;2023-04-11 17:08:33;;233.99
o-990021;2023-04-12 03:57:11;;3681.99
o-990022;2023-04-12 13:23:13;;1923.98
o-990023;2023-04-12 18:06:45;;1882.99
o-990024;2023-04-13 09:09:49;;1386.97
o-990025;2023-04-13 13:39:56;;1308.98
o-990026;2023-04-13 18:40:11;;293.98
o-990027;2023-04-14 10:16:41;;324.97
o-990028;2023-04-14 14:53:41;;968.95
o-990029;2023-04-14 20:21:40;;2809.98
o-990030;2023-04-17 02:45:08;;1831.99
o-990031;2023-04-17 13:03:58;;2501.98
o-990032;2023-04-17 17:28:15;;3783.97
o-990033;2023-04-18 07:33:53;;5131.95
o-990034;2023-04-18 13:21:35;;2937.96
o-990035;2023-04-18 18:03:28;;3049.99
o-990036;2023-04-19 09:03:02;;1079.98
o-990037;2023-04-19 13:26:23;;2947.97
o-990038;2023-04-19 18:13:05;;1012.98
o-990039;2023-04-20 09:22:28;;2853.97
o-990040;2023-04-20 14:05:15;;124.98
o-990041;2023-04-20 18:30:49;;6012.99
o-990042;2023-04-21 09:57:57;;5034.99
o-990043;2023-04-21 15:16:13;;334.98
o-990044;2023-04-21 20:29:16;;1280.0
o-990045;2023-04-24 03:30:44;;344.97
o-990046;2023-04-24 12:54:07;;2205.0
o-990047;2023-04-24 18:08:33;;1288.97
o-990048;2023-04-25 09:13:25;;1422.99
o-990049;2023-04-25 13:47:09;;4705.0
o-990050;2023-04-25 18:54:36;;3653.96
o-990051;2023-04-26 10:45:31;;4062.97
o-990052;2023-04-26 15:51:21;;2352.0
o-990053;2023-04-26 22:14:41;;704.0
o-990054;2023-04-27 11:48:20;;1205.98
o-990055;2023-04-27 16:56:59;;1473.97
o-990056;2023-04-28 02:49:57;;4892.93
o-990057;2023-04-28 13:09:15;;1642.99
o-990058;2023-04-28 17:38:49;;194.98
o-990059;2023-04-29 17:12:07;;1682.98
o-990060;2023-05-01 08:01:41;;1353.99
o-990061;2023-05-01 09:50:37;;7025.99
o-990062;2023-05-01 11:59:20;;2874.97
o-990063;2023-05-01 14:16:46;;1803.0
o-990064;2023-05-01 15:51:37;;1702.96
o-990065;2023-05-01 18:01:20;;539.99
o-990066;2023-05-01 19:40:11;;3363.98
o-990067;2023-05-01 22:56:34;;2770.99
o-990068;2023-05-02 09:41:19;;6260.95
o-990069;2023-05-02 11:40:44;;104.99
o-990070;2023-05-02 13:39:33;;1472.97
o-990071;2023-05-02 15:37:12;;3497.0
o-990072;2023-05-02 17:32:29;;4188.94
o-990073;2023-05-02 19:23:04;;3654.0
o-990074;2023-05-02 22:22:19;;224.97
o-990075;2023-05-03 08:32:50;;1952.0
o-990076;2023-05-03 10:37:20;;3948.99
o-990077;2023-05-03 12:32:46;;2551.96
o-990078;2023-05-03 14:23:38;;1802.97
o-990079;2023-05-03 16:05:21;;2464.98
o-990080;2023-05-03 17:28:48;;2002.99
o-990081;2023-05-03 19:15:41;;2718.99
o-990082;2023-05-03 22:07:34;;1882.97
o-990083;2023-05-04 07:46:20;;1422.99
o-990084;2023-05-04 10:33:04;;1183.99
o-990085;2023-05-04 12:24:13;;2813.99
o-990086;2023-05-04 14:06:32;;1580.0
o-990087;2023-05-04 15:31:10;;3813.98
o-990088;2023-05-04 17:20:25;;3053.97
o-990089;2023-05-04 18:58:56;;1562.98
o-990090;2023-05-04 22:32:59;;3386.97
o-990091;2023-05-05 08:54:09;;1093.97
o-990092;2023-05-05 11:09:20;;2082.95
o-990093;2023-05-05 12:36:45;;1755.99
o-990094;2023-05-05 14:31:36;;1231.96
o-990095;2023-05-05 16:21:18;;1099.99
o-990096;2023-05-05 18:00:41;;4062.98
o-990097;2023-05-05 19:38:14;;663.97
o-990098;2023-05-05 22:52:40;;3873.94
o-990099;2023-05-06 20:05:12;;7642.97
o-990100;2023-05-07 19:24:17;;2432.98
o-990101;2023-05-08 09:01:42;;3222.99
o-990102;2023-05-08 10:21:30;;64.98
o-990103;2023-05-08 12:01:05;;6738.99
o-990104;2023-05-08 13:20:16;;134.98
o-990105;2023-05-08 14:58:38;;3694.99
o-990106;2023-05-08 17:15:21;;3282.99
o-990107;2023-05-08 18:48:48;;873.97
o-990108;2023-05-08 22:02:35;;2904.0
o-990109;2023-05-09 07:16:27;;653.99
o-990110;2023-05-09 10:00:11;;2304.99
o-990111;2023-05-09 11:18:28;;4262.98
o-990112;2023-05-09 12:55:01;;1403.0
o-990113;2023-05-09 15:08:08;;323.98
o-990114;2023-05-09 16:34:22;;3282.98
o-990115;2023-05-09 18:26:49;;3639.94
o-990116;2023-05-09 20:56:38;;1709.0
o-990117;2023-05-10 02:40:45;;1398.99
o-990118;2023-05-10 09:56:55;;760.98
o-990119;2023-05-10 12:11:56;;2052.0
o-990120;2023-05-10 13:41:57;;333.99
o-990121;2023-05-10 15:42:00;;134.0
o-990122;2023-05-10 17:42:06;;4428.97
o-990123;2023-05-10 19:42:29;;364.96
o-990124;2023-05-10 23:01:09;;5650.97
o-990125;2023-05-11 08:49:34;;3962.97
o-990126;2023-05-11 11:02:27;;1748.97
o-990127;2023-05-11 12:22:59;;5699.99
o-990128;2023-05-11 14:04:04;;2929.98
o-990129;2023-05-11 15:26:14;;2332.0
o-990130;2023-05-11 17:10:33;;4799.98
o-990131;2023-05-11 18:39:12;;2661.97
o-990132;2023-05-11 21:33:47;;943.98
o-990133;2023-05-12 05:23:39;;4541.99
o-990134;2023-05-12 09:56:06;;4608.96
o-990135;2023-05-12 12:10:18;;709.99
o-990136;2023-05-12 13:38:41;;2221.97
o-990137;2023-05-12 15:35:28;;404.96
o-990138;2023-05-12 17:29:02;;3948.97
o-990139;2023-05-12 19:16:09;;1602.99
o-990140;2023-05-12 22:08:30;;2357.98
o-990141;2023-05-13 15:33:56;;1399.98
o-990142;2023-05-14 15:44:48;;5347.98
o-990143;2023-05-15 08:24:33;;1103.96
o-990144;2023-05-15 10:24:55;;1062.98
o-990145;2023-05-15 12:07:56;;474.95
o-990146;2023-05-15 13:33:57;;2594.99
o-990147;2023-05-15 15:26:00;;589.99
o-990148;2023-05-15 17:10:05;;4831.96
o-990149;2023-05-15 18:38:16;;1982.98
o-990150;2023-05-15 21:30:59;;1489.97
o-990151;2023-05-16 05:06:51;;1588.96
o-990152;2023-05-16 09:37:38;;2687.98
o-990153;2023-05-16 11:33:21;;1262.99
o-990154;2023-05-16 13:24:48;;5124.99
o-990155;2023-05-16 15:07:41;;5886.99
o-990156;2023-05-16 16:33:28;;2363.99
o-990157;2023-05-16 18:25:02;;1423.97
o-990158;2023-05-16 20:51:17;;1003.98
o-990159;2023-05-17 02:08:38;;3443.95
o-990160;2023-05-17 09:21:36;;384.97
o-990161;2023-05-17 11:01:17;;1353.98
o-990162;2023-05-17 12:20:40;;1695.99
o-990163;2023-05-17 13:59:26;;570.99
o-990164;2023-05-17 16:16:57;;3133.99
o-990165;2023-05-17 17:52:00;;1222.98
o-990166;2023-05-17 20:12:11;;903.99
o-990167;2023-05-17 23:00:34;;4222.98
o-990168;2023-05-18 08:48:52;;2681.0
o-990169;2023-05-18 11:01:23;;2394.98
o-990170;2023-05-18 12:20:52;;2688.0
o-990171;2023-05-18 13:59:50;;154.99
o-990172;2023-05-18 16:17:45;;1453.98
o-990173;2023-05-18 17:53:36;;1122.94
o-990174;2023-05-18 20:16:59;;1032.99
o-990175;2023-05-18 23:10:09;;2634.0
o-990176;2023-05-19 09:00:22;;424.97
o-990177;2023-05-19 10:18:50;;1062.98
o-990178;2023-05-19 11:55:46;;1323.98
o-990179;2023-05-19 14:09:37;;993.98
o-990180;2023-05-19 15:37:20;;1272.99
o-990181;2023-05-19 17:32:46;;600.98
o-990182;2023-05-19 19:23:37;;2594.99
o-990183;2023-05-19 22:23:26;;520.99
o-990184;2023-05-20 17:03:32;;1801.94
o-990185;2023-05-21 16:44:00;;134.98
o-990186;2023-05-22 08:51:48;;6692.99
o-990187;2023-05-22 11:05:47;;2983.99
o-990188;2023-05-22 12:29:40;;4113.94
o-990189;2023-05-22 14:17:25;;778.99
o-990190;2023-05-22 15:52:56;;733.99
o-990191;2023-05-22 18:03:58;;579.99
o-990192;2023-05-22 19:48:05;;560.98
o-990193;2023-05-22 23:12:21;;2297.99
o-990194;2023-05-23 09:03:01;;7120.95
o-990195;2023-05-23 10:24:07;;8912.99
o-990196;2023-05-23 12:06:20;;364.97
o-990197;2023-05-23 13:30:46;;3079.99
o-990198;2023-05-23 15:19:37;;5599.98
o-990199;2023-05-23 16:57:20;;7638.97
o-990200;2023-05-23 19:12:46;;1143.99
o-990201;2023-05-23 22:01:43;;4149.0
o-990202;2023-05-24 07:11:14;;364.96
o-990203;2023-05-24 09:54:27;;763.97
o-990204;2023-05-24 12:07:00;;463.97
o-990205;2023-05-24 13:32:06;;6104.0
o-990206;2023-05-24 15:22:17;;2633.97
o-990207;2023-05-24 17:02:40;;2505.0
o-990208;2023-05-24 18:23:26;;1922.98
o-990209;2023-05-24 20:46:29;;3353.0
o-990210;2023-05-25 01:39:50;;903.97
o-990211;2023-05-25 09:49:55;;4854.0
o-990212;2023-05-25 11:57:55;;5557.98
o-990213;2023-05-25 14:13:56;;5011.96
o-990214;2023-05-25 15:45:58;;4072.97
o-990215;2023-05-25 17:50:01;;3243.99
o-990216;2023-05-25 20:06:15;;2423.99
o-990217;2023-05-25 22:48:41;;813.97
o-990218;2023-05-26 09:25:33;;2911.97
o-990219;2023-05-26 11:09:12;;2863.98
o-990220;2023-05-26 12:36:29;;1142.98
o-990221;2023-05-26 14:31:04;;2247.99
o-990222;2023-05-26 16:20:14;;2331.96
o-990223;2023-05-26 17:58:33;;4904.97
o-990224;2023-05-26 20:31:51;;1862.98
o-990225;2023-05-27 00:12:02;;953.96
o-990226;2023-05-27 22:40:19;;2594.99
o-990227;2023-05-28 22:34:31;;1842.99
o-990228;2023-05-29 09:30:57;;1104.0
o-990229;2023-05-29 11:20:00;;174.98
o-990230;2023-05-29 12:58:06;;704.0
o-990231;2023-05-29 15:14:17;;2823.98
o-990232;2023-05-29 16:46:40;;573.98
o-990233;2023-05-29 18:51:26;;2908.99
o-990234;2023-05-29 22:10:29;;6481.98
o-990235;2023-05-30 08:03:50;;483.98
o-990236;2023-05-30 09:53:51;;94.99
o-990237;2023-05-30 12:05:47;;1580.0
o-990238;2023-05-30 13:29:40;;274.97
o-990239;2023-05-30 15:17:26;;1692.99
o-990240;2023-05-30 16:52:57;;3070.99
o-990241;2023-05-30 19:04:00;;6729.98
o-990242;2023-05-30 21:44:11;;304.98
o-990243;2023-05-31 06:26:03;;1299.0
o-990244;2023-05-31 10:04:45;;4119.97
o-990245;2023-05-31 11:27:35;;1313.97
o-990246;2023-05-31 13:13:16;;853.98
o-990247;2023-05-31 14:44:37;;1379.97
o-990248;2023-05-31 16:47:20;;3312.98
o-990249;2023-05-31 18:52:46;;1902.97
o-990250;2023-05-31 22:14:29;;2001.98
o-990251;2023-06-01 08:17:09;;6319.99
o-990252;2023-06-01 10:13:49;;194.98
o-990253;2023-06-01 11:45:44;;3342.97
o-990254;2023-06-01 13:49:34;;823.98
o-990255;2023-06-01 15:57:13;;4827.99
o-990256;2023-06-01 18:12:32;;3539.97
o-990257;2023-06-01 20:13:47;;1658.98
o-990258;2023-06-01 23:03:46;;4405.0
o-990259;2023-06-02 08:52:42;;1053.97
o-990260;2023-06-02 11:07:09;;174.98
o-990261;2023-06-02 12:32:23;;1622.97
o-990262;2023-06-02 14:22:52;;2151.0
o-990263;2023-06-02 16:03:50;;3983.97
o-990264;2023-06-02 17:25:45;;2149.4
o-990265;2023-06-02 19:09:36;;1515.56
o-990266;2023-06-02 21:55:23;;3214.83
o-990267;2023-06-03 15:15:15;;4475.21
o-990268;2023-06-04 15:07:26;;6355.9
o-990269;2023-06-05 07:09:48;;5508.35
o-990270;2023-06-05 09:52:53;;973.46
o-990271;2023-06-05 12:03:51;;1306.04
o-990272;2023-06-05 13:25:48;;5888.87
o-990273;2023-06-05 15:09:42;;1119.38
o-990274;2023-06-05 16:37:29;;3527.59
o-990275;2023-06-05 18:33:04;;4181.23
o-990276;2023-06-05 21:15:23;;3913.28
o-990277;2023-06-06 03:33:15;;3910.18
o-990278;2023-06-06 09:54:40;;2536.1
o-990279;2023-06-06 12:07:25;;3418.11
o-990280;2023-06-06 13:32:56;;1421.72
o-990281;2023-06-06 15:23:58;;2559.08
o-990282;2023-06-06 17:06:01;;5859.67
o-990283;2023-06-06 18:30:08;;307.29
o-990284;2023-06-06 21:06:35;;989.12
o-990285;2023-06-07 02:40:27;;317.73
o-990286;2023-06-07 09:56:35;;6598.77
o-990287;2023-06-07 12:11:16;;3200.24
o-990288;2023-06-07 13:40:37;;2035.79
o-990289;2023-06-07 15:39:20;;1726.17
o-990290;2023-06-07 17:36:45;;9500.05
o-990291;2023-06-07 19:31:36;;1201.77
o-990292;2023-06-07 22:39:23;;4485.67
o-990293;2023-06-08 09:06:58;;1212.18
o-990294;2023-06-08 10:32:01;;1097.52
o-990295;2023-06-08 12:22:08;;1598.93
o-990296;2023-06-08 14:02:22;;2536.16
o-990297;2023-06-08 15:22:49;;130.08
o-990298;2023-06-08 17:03:44;;213.49
o-990299;2023-06-08 18:25:33;;2486.12
o-990300;2023-06-08 20:52:51;;213.49
o-990301;2023-06-09 02:18:02;;921.33
o-990302;2023-06-09 09:31:56;;5987.85
o-990303;2023-06-09 11:21:58;;3141.84
o-990304;2023-06-09 13:02:01;;636.74
o-990305;2023-06-09 14:22:08;;98.81
o-990306;2023-06-09 16:02:21;;98.81
o-990307;2023-06-09 17:22:48;;1586.44
o-990308;2023-06-09 19:03:42;;655.52
o-990309;2023-06-09 21:43:35;;566.89
o-990310;2023-06-10 14:04:26;;556.48
o-990311;2023-06-11 13:45:49;;4387.62
o-990312;2023-06-12 06:26:34;;681.57
o-990313;2023-06-12 10:05:19;;2441.29
o-990314;2023-06-12 11:28:44;;140.51
o-990315;2023-06-12 13:15:34;;3892.46
o-990316;2023-06-12 14:49:13;;1333.11
o-990317;2023-06-12 16:56:32;;3100.15
o-990318;2023-06-12 19:11:09;;3111.61
o-990319;2023-06-12 21:58:30;;1726.17
o-990320;2023-06-13 07:51:56;;1792.87
o-990321;2023-06-13 10:39:13;;3892.47
o-990322;2023-06-13 12:36:32;;46.69
o-990323;2023-06-13 14:31:10;;942.2
o-990324;2023-06-13 16:20:25;;2559.1
o-990325;2023-06-13 17:58:56;;1921.07
o-990326;2023-06-13 20:32:59;;2150.44
o-990327;2023-06-14 00:18:51;;2947.95
o-990328;2023-06-14 09:20:49;;3360.78
o-990329;2023-06-14 10:59:44;;3579.66
o-990330;2023-06-14 13:17:34;;3444.2
o-990331;2023-06-14 14:53:13;;2149.41
o-990332;2023-06-14 17:04:32;;4564.89
o-990333;2023-06-14 18:27:09;;869.22
o-990334;2023-06-14 20:57:39;;2352.7
o-990335;2023-06-15 02:46:50;;2489.25
o-990336;2023-06-15 10:03:37;;2849.97
o-990337;2023-06-15 11:25:19;;1441.55
o-990338;2023-06-15 13:08:44;;1566.67
o-990339;2023-06-15 14:35:34;;501.23
o-990340;2023-06-15 16:29:13;;2597.68
o-990341;2023-06-15 18:16:32;;9165.42
o-990342;2023-06-15 20:25:47;;2559.1
o-990343;2023-06-15 23:35:39;;139.48
o-990344;2023-06-16 09:30:58;;1481.15
o-990345;2023-06-16 11:20:01;;2951.09
o-990346;2023-06-16 12:58:08;;2900.0
o-990347;2023-06-16 15:14:22;;2868.75
o-990348;2023-06-16 16:46:49;;1287.26
o-990349;2023-06-16 18:51:44;;2705.06
o-990350;2023-06-16 22:11:23;;1646.94
o-990351;2023-06-17 15:51:14;;2320.37
o-990352;2023-06-18 16:19:25;;1202.83
o-990353;2023-06-19 08:22:17;;1146.52
o-990354;2023-06-19 10:21:31;;1051.63
o-990355;2023-06-19 12:01:08;;2992.78
o-990356;2023-06-19 13:20:22;;1629.17
o-990357;2023-06-19 14:58:49;;2933.37
o-990358;2023-06-19 17:15:44;;3745.47
o-990359;2023-06-19 18:49:33;;566.89
o-990360;2023-06-19 22:04:51;;4988.14
o-990361;2023-06-20 07:30:02;;2270.35
o-990362;2023-06-20 10:15:08;;886.91
o-990363;2023-06-20 11:48:22;;3721.5
o-990364;2023-06-20 13:54:49;;1521.81
o-990365;2023-06-20 16:07:44;;369.85
o-990366;2023-06-20 17:33:34;;1094.4
o-990367;2023-06-20 19:25:13;;223.89
o-990368;2023-06-20 22:26:37;;1441.55
o-990369;2023-06-21 08:41:26;;3121.02
o-990370;2023-06-21 10:50:14;;2361.01
o-990371;2023-06-21 12:58:34;;869.22
o-990372;2023-06-21 15:15:14;;1906.5
o-990373;2023-06-21 16:48:33;;109.24
o-990374;2023-06-21 18:55:12;;1177.78
o-990375;2023-06-21 22:21:47;;1546.83
o-990376;2023-06-22 08:31:45;;2329.76
o-990377;2023-06-22 10:35:44;;7622.51
o-990378;2023-06-22 12:29:33;;1338.34
o-990379;2023-06-22 14:17:12;;182.2
o-990380;2023-06-22 15:52:30;;2357.89
o-990381;2023-06-22 18:03:05;;1959.66
o-990382;2023-06-22 19:45:26;;1670.87
o-990383;2023-06-22 23:07:04;;3282.62
o-990384;2023-06-23 08:56:40;;3161.69
o-990385;2023-06-23 11:13:05;;1233.05
o-990386;2023-06-23 12:44:16;;130.07
o-990387;2023-06-23 14:46:38;;997.46
o-990388;2023-06-23 16:51:21;;7631.91
o-990389;2023-06-23 19:00:48;;3028.23
o-990390;2023-06-23 21:37:47;;4210.43
o-990391;2023-06-24 13:29:39;;2805.13
o-990392;2023-06-25 13:36:14;;2814.54
o-990393;2023-06-26 06:07:24;;3121.02
o-990394;2023-06-26 09:44:14;;140.5
o-990395;2023-06-26 11:46:34;;608.59
o-990396;2023-06-26 13:51:14;;1306.03
o-990397;2023-06-26 16:00:33;;4360.52
o-990398;2023-06-26 17:19:12;;1338.34
o-990399;2023-06-26 18:56:30;;1307.07
o-990400;2023-06-26 22:25:41;;4271.93
o-990401;2023-06-27 08:39:33;;1941.89
o-990402;2023-06-27 10:47:25;;1104.82
o-990403;2023-06-27 12:52:56;;3850.77
o-990404;2023-06-27 15:03:58;;1202.83
o-990405;2023-06-27 16:26:01;;296.86
o-990406;2023-06-27 18:10:08;;3135.59
o-990407;2023-06-27 20:06:35;;989.12
o-990408;2023-06-27 22:49:21;;1368.56
o-990409;2023-06-28 09:26:54;;1389.43
o-990410;2023-06-28 11:11:53;;4017.56
o-990411;2023-06-28 12:41:52;;1390.46
o-990412;2023-06-28 14:41:50;;4824.47
o-990413;2023-06-28 16:41:45;;1983.62
o-990414;2023-06-28 18:41:36;;4558.62
o-990415;2023-06-28 21:40:59;;3503.61
o-990416;2023-06-29 06:06:51;;77.95
o-990417;2023-06-29 09:43:37;;2129.58
o-990418;2023-06-29 11:45:20;;1459.26
o-990419;2023-06-29 13:48:46;;556.48
o-990420;2023-06-29 15:55:37;;1229.94
o-990421;2023-06-29 18:09:20;;7361.91
o-990422;2023-06-29 20:04:11;;556.48
o-990423;2023-06-29 22:44:33;;3076.17
o-990424;2023-06-30 09:17:18;;4088.46
o-990425;2023-06-30 10:52:41;;666.95
o-990426;2023-06-30 13:03:28;;1285.15
o-990427;2023-06-30 14:25:02;;1286.22
o-990428;2023-06-30 16:08:09;;130.07
o-990429;2023-06-30 17:34:24;;5611.55
o-990430;2023-06-30 19:26:53;;213.49
o-990431;2023-06-30 22:29:58;;2802.0
o-990432;2023-07-01 17:42:44;;1253.88
o-990433;2023-07-02 18:02:24;;2493.42
o-990434;2023-07-03 08:25:53;;1118.36
o-990435;2023-07-03 10:26:55;;3322.23
o-990436;2023-07-03 12:11:55;;2010.75
o-990437;2023-07-03 13:41:56;;161.36
o-990438;2023-07-03 15:41:58;;274.99
o-990439;2023-07-03 17:42:01;;2708.19
o-990440;2023-07-03 19:42:15;;5567.76
o-990441;2023-07-03 23:00:41;;2348.49
o-990442;2023-07-04 08:49:00;;587.74
o-990443;2023-07-04 11:01:36;;5370.75
o-990444;2023-07-04 12:21:18;;2694.61
o-990445;2023-07-04 14:00:41;;795.2
o-990446;2023-07-04 15:19:28;;1484.28
o-990447;2023-07-04 16:57:01;;4104.06
o-990448;2023-07-04 19:12:08;;1734.44
o-990449;2023-07-04 22:00:27;;1001.56
o-990450;2023-07-05 07:03:39;;2104.55
o-990451;2023-07-05 09:46:06;;3835.13
o-990452;2023-07-05 11:50:18;;213.49
o-990453;2023-07-05 13:58:42;;4436.66
o-990454;2023-07-05 16:15:29;;521.04
o-990455;2023-07-05 17:49:04;;4294.86
o-990456;2023-07-05 20:03:23;;3242.99
o-990457;2023-07-05 22:42:57;;1161.09
o-990458;2023-07-06 09:14:06;;1003.7
o-990459;2023-07-06 10:46:17;;411.53
o-990460;2023-07-06 12:50:40;;462.62
o-990461;2023-07-06 14:59:26;;754.51
o-990462;2023-07-06 17:16:57;;577.28
o-990463;2023-07-06 18:52:00;;2746.76
o-990464;2023-07-06 22:12:11;;3604.74
o-990465;2023-07-07 08:12:33;;1357.08
o-990466;2023-07-07 10:06:56;;1296.64
o-990467;2023-07-07 11:31:57;;1258.05
o-990468;2023-07-07 13:22:00;;192.62
o-990469;2023-07-07 15:02:05;;678.43
o-990470;2023-07-07 16:22:16;;983.88
o-990471;2023-07-07 18:02:38;;2819.74
o-990472;2023-07-07 19:44:05;;514.77
o-990473;2023-07-07 23:04:21;;182.2
o-990474;2023-07-08 20:38:56;;723.25
o-990475;2023-07-09 20:31:45;;2825.99
o-990476;2023-07-10 09:15:55;;2318.3
o-990477;2023-07-10 10:49:55;;2808.27
o-990478;2023-07-10 12:57:56;;1390.45
o-990479;2023-07-10 15:13:58;;1239.3
o-990480;2023-07-10 16:46:01;;36.26
o-990481;2023-07-10 18:50:08;;1712.6
o-990482;2023-07-10 22:06:35;;3433.75
o-990483;2023-07-11 07:40:26;;733.68
o-990484;2023-07-11 10:26:35;;1337.29
o-990485;2023-07-11 12:11:15;;6083.8
o-990486;2023-07-11 13:40:36;;2170.27
o-990487;2023-07-11 15:39:18;;4703.52
o-990488;2023-07-11 17:36:41;;4016.53
o-990489;2023-07-11 19:31:28;;3266.95
o-990490;2023-07-11 22:39:07;;6774.98
o-990491;2023-07-12 09:06:25;;2467.37
o-990492;2023-07-12 10:30:56;;3107.48
o-990493;2023-07-12 12:19:58;;4215.62
o-990494;2023-07-12 13:58:01;;2725.89
o-990495;2023-07-12 16:14:08;;2743.6
o-990496;2023-07-12 17:46:22;;535.59
o-990497;2023-07-12 19:55:17;;3282.62
o-990498;2023-07-12 23:26:45;;3027.21
o-990499;2023-07-13 09:20:17;;3086.59
o-990500;2023-07-13 10:58:40;;1962.8
o-990501;2023-07-13 13:15:26;;2672.71
o-990502;2023-07-13 14:48:57;;5143.47
o-990503;2023-07-13 16:56:00;;4928.7
o-990504;2023-07-13 19:10:06;;4349.09
o-990505;2023-07-13 21:56:23;;5086.15
o-990506;2023-07-14 07:39:14;;1782.45
o-990507;2023-07-14 10:25:15;;677.4
o-990508;2023-07-14 12:08:36;;255.18
o-990509;2023-07-14 13:35:18;;3485.9
o-990510;2023-07-14 15:28:41;;3609.94
o-990511;2023-07-14 17:15:28;;629.44
o-990512;2023-07-14 18:49:02;;1983.65
o-990513;2023-07-14 22:03:17;;274.98
o-990514;2023-07-15 15:02:38;;2520.53
o-990515;2023-07-16 14:42:13;;9742.96
o-990516;2023-07-17 07:19:22;;2933.35
o-990517;2023-07-17 10:03:24;;348.98
o-990518;2023-07-17 11:24:53;;2223.41
o-990519;2023-07-17 13:07:52;;1803.3
o-990520;2023-07-17 14:33:50;;1931.54
o-990521;2023-07-17 16:25:45;;6420.5
o-990522;2023-07-17 18:09:36;;3545.25
o-990523;2023-07-17 20:04:59;;2557.03
o-990524;2023-07-17 22:46:10;;749.33
o-990525;2023-07-18 09:20:31;;3478.6
o-990526;2023-07-18 10:59:07;;140.51
o-990527;2023-07-18 13:16:20;;6284.98
o-990528;2023-07-18 14:50:46;;1525.97
o-990529;2023-07-18 16:59:37;;1017.27
o-990530;2023-07-18 19:17:20;;2087.91
o-990531;2023-07-18 22:10:51;;1319.57
o-990532;2023-07-19 08:06:03;;3917.49
o-990533;2023-07-19 09:57:10;;770.19
o-990534;2023-07-19 12:12:25;;1076.68
o-990535;2023-07-19 13:42:56;;1751.18
o-990536;2023-07-19 15:43:58;;3308.65
o-990537;2023-07-19 17:46:01;;2298.5
o-990538;2023-07-19 19:54:15;;9693.96
o-990539;2023-07-19 23:24:41;;4007.13
o-990540;2023-07-20 09:17:48;;760.79
o-990541;2023-07-20 10:53:42;;1911.73
o-990542;2023-07-20 13:05:30;;2652.94
o-990543;2023-07-20 14:29:05;;1181.96
o-990544;2023-07-20 16:16:16;;763.92
o-990545;2023-07-20 17:50:38;;203.05
o-990546;2023-07-20 20:08:05;;733.71
o-990547;2023-07-20 22:52:21;;2489.27
o-990548;2023-07-21 09:32:53;;2910.43
o-990549;2023-07-21 11:23:52;;1630.21
o-990550;2023-07-21 13:05:50;;2463.15
o-990551;2023-07-21 14:29:45;;390.69
o-990552;2023-07-21 16:17:36;;337.53
o-990553;2023-07-21 17:53:18;;88.39
o-990554;2023-07-21 20:16:05;;2159.83
o-990555;2023-07-21 23:08:21;;1306.04
o-990556;2023-07-22 20:50:56;;1812.68
o-990557;2023-07-23 20:55:45;;5796.06
o-990558;2023-07-24 09:42:18;;2798.87
o-990559;2023-07-24 11:42:42;;1234.1
o-990560;2023-07-24 13:43:30;;501.23
o-990561;2023-07-24 15:45:05;;4926.62
o-990562;2023-07-24 17:48:16;;3891.44
o-990563;2023-07-24 20:00:59;;296.88
o-990564;2023-07-24 22:38:09;;1044.34
o-990565;2023-07-25 09:04:30;;2537.22
o-990566;2023-07-25 10:27:05;;5726.24
o-990567;2023-07-25 12:12:16;;4526.29
o-990568;2023-07-25 13:42:38;;4569.04
o-990569;2023-07-25 15:43:21;;4065.51
o-990570;2023-07-25 17:44:48;;2798.87
o-990571;2023-07-25 19:50:35;;556.48
o-990572;2023-07-25 23:17:22;;4231.25
o-990573;2023-07-26 09:09:01;;3471.28
o-990574;2023-07-26 10:36:08;;171.78
o-990575;2023-07-26 12:30:21;;347.97
o-990576;2023-07-26 14:18:48;;3183.57
o-990577;2023-07-26 15:55:42;;3502.55
o-990578;2023-07-26 18:09:29;;1490.52
o-990579;2023-07-26 20:04:39;;917.13
o-990580;2023-07-26 22:45:29;;3797.59
o-990581;2023-07-27 09:19:09;;2839.54
o-990582;2023-07-27 10:56:24;;1983.66
o-990583;2023-07-27 13:10:53;;833.77
o-990584;2023-07-27 14:39:52;;1046.45
o-990585;2023-07-27 16:37:50;;730.55
o-990586;2023-07-27 18:33:45;;677.4
o-990587;2023-07-27 21:17:27;;2514.29
o-990588;2023-07-28 03:45:38;;4041.52
o-990589;2023-07-28 10:08:17;;5515.63
o-990590;2023-07-28 11:34:40;;2603.88
o-990591;2023-07-28 13:27:26;;1691.75
o-990592;2023-07-28 15:12:57;;1545.8
o-990593;2023-07-28 16:44:00;;978.65
o-990594;2023-07-28 18:46:06;;2338.06
o-990595;2023-07-28 21:54:29;;795.2
o-990596;2023-07-29 15:09:50;;2550.79
o-990597;2023-07-30 14:56:37;;2814.54
o-990598;2023-07-31 07:48:10;;3496.33
o-990599;2023-07-31 10:35:05;;1427.97
o-990600;2023-07-31 12:28:15;;4034.25
o-990601;2023-07-31 14:14:36;;3906.02
o-990602;2023-07-31 15:47:18;;4318.8
o-990603;2023-07-31 17:52:41;;3274.27
o-990604;2023-07-31 20:14:15;;3221.1
o-990605;2023-07-31 23:04:41;;1348.76
o-990606;2023-08-01 08:53:48;;837.96
o-990607;2023-08-01 11:08:48;;98.81
o-990608;2023-08-01 12:35:42;;3814.26
o-990609;2023-08-01 14:29:29;;2475.7
o-990610;2023-08-01 16:17:04;;3168.98
o-990611;2023-08-01 17:52:13;;1435.76
o-990612;2023-08-01 20:12:51;;3074.04
o-990613;2023-08-01 23:01:53;;3599.55
o-990614;2023-08-02 08:50:27;;2749.57
o-990615;2023-08-02 11:03:46;;2874.07
o-990616;2023-08-02 12:25:38;;1074.12
o-990617;2023-08-02 14:09:21;;3074.04
o-990618;2023-08-02 15:36:48;;1227.3
o-990619;2023-08-02 17:31:42;;1627.27
o-990620;2023-08-02 19:21:29;;1926.22
o-990621;2023-08-02 22:19:10;;3012.34
o-990622;2023-08-03 08:26:31;;2077.28
o-990623;2023-08-03 10:27:52;;3938.89
o-990624;2023-08-03 12:13:50;;989.01
o-990625;2023-08-03 13:45:45;;4502.72
o-990626;2023-08-03 15:49:36;;2640.03
o-990627;2023-08-03 17:57:17;;727.3
o-990628;2023-08-03 20:28:03;;1885.78
o-990629;2023-08-03 23:49:14;;2215.55
o-990630;2023-08-04 09:47:16;;823.04
o-990631;2023-08-04 11:52:38;;2425.11
o-990632;2023-08-04 14:03:21;;7295.19
o-990633;2023-08-04 15:24:48;;3344.24
o-990634;2023-08-04 17:07:42;;3803.77
o-990635;2023-08-04 18:33:29;;2982.55
o-990636;2023-08-04 21:16:39;;3514.48
o-990637;2023-08-05 11:22:50;;5342.05
o-990638;2023-08-06 11:22:36;;1236.85
o-990639;2023-08-07 03:40:09;;2950.64
o-990640;2023-08-07 10:02:15;;1101.75
o-990641;2023-08-07 11:22:36;;715.6
o-990642;2023-08-07 13:03:18;;1636.87
o-990643;2023-08-07 14:24:41;;1344.29
o-990644;2023-08-07 16:07:28;;1105.95
o-990645;2023-08-07 17:33:02;;925.15
o-990646;2023-08-07 19:24:09;;948.55
o-990647;2023-08-07 22:24:29;;441.11
o-990648;2023-08-08 08:37:10;;2682.57
o-990649;2023-08-08 10:43:50;;3885.73
o-990650;2023-08-08 12:45:46;;908.15
o-990651;2023-08-08 14:49:38;;833.69
o-990652;2023-08-08 16:57:21;;313.48
o-990653;2023-08-08 19:12:48;;239.01
o-990654;2023-08-08 22:01:47;;2994.24
o-990655;2023-08-09 07:11:39;;3820.81
o-990656;2023-08-09 09:54:54;;249.63
o-990657;2023-08-09 12:07:54;;2696.36
o-990658;2023-08-09 13:33:53;;3397.44
o-990659;2023-08-09 15:25:52;;5167.59
o-990660;2023-08-09 17:09:50;;1113.47
o-990661;2023-08-09 18:37:45;;228.36
o-990662;2023-08-09 21:29:27;;4597.36
o-990663;2023-08-10 04:57:38;;1736.87
o-990664;2023-08-10 10:27:29;;5600.56
o-990665;2023-08-10 12:13:04;;748.57
o-990666;2023-08-10 13:44:14;;828.36
o-990667;2023-08-10 15:46:33;;482.64
o-990668;2023-08-10 17:51:12;;3946.36
o-990669;2023-08-10 20:09:47;;1949.6
o-990670;2023-08-10 22:55:46;;1629.4
o-990671;2023-08-11 09:39:43;;1578.31
o-990672;2023-08-11 11:37:31;;2508.05
o-990673;2023-08-11 13:33:08;;3149.57
o-990674;2023-08-11 15:24:22;;1045.39
o-990675;2023-08-11 17:06:49;;670.92
o-990676;2023-08-11 18:31:44;;961.35
o-990677;2023-08-11 21:11:23;;3227.23
o-990678;2023-08-12 10:51:15;;142.23
o-990679;2023-08-13 11:19:26;;2183.65
o-990680;2023-08-14 03:33:48;;5618.67
o-990681;2023-08-14 09:55:17;;196.46
o-990682;2023-08-14 12:08:39;;6322.89
o-990683;2023-08-14 13:35:24;;8404.75
o-990684;2023-08-14 15:28:54;;2989.98
o-990685;2023-08-14 17:15:53;;971.95
o-990686;2023-08-14 18:49:52;;5111.23
o-990687;2023-08-14 22:05:47;;3228.26
o-990688;2023-08-15 07:35:39;;766.66
o-990689;2023-08-15 10:21:18;;3753.81
o-990690;2023-08-15 12:00:42;;5803.76
o-990691;2023-08-15 13:19:29;;6906.9
o-990692;2023-08-15 14:57:04;;950.71
o-990693;2023-08-15 17:12:14;;2558.1
o-990694;2023-08-15 18:42:33;;237.96
o-990695;2023-08-15 21:43:51;;1704.94
o-990696;2023-08-16 06:24:02;;1577.28
o-990697;2023-08-16 10:02:32;;248.6
o-990698;2023-08-16 11:23:10;;7022.85
o-990699;2023-08-16 13:04:25;;2770.87
o-990700;2023-08-16 14:26:56;;1312.4
o-990701;2023-08-16 16:11:57;;1519.83
o-990702;2023-08-16 17:42:00;;3448.5
o-990703;2023-08-16 19:42:11;;6160.09
o-990704;2023-08-16 23:00:34;;3988.9
o-990705;2023-08-17 08:48:52;;1471.94
o-990706;2023-08-17 11:01:23;;3883.59
o-990707;2023-08-17 12:20:52;;2959.17
o-990708;2023-08-17 13:59:50;;2802.78
o-990709;2023-08-17 16:17:45;;844.33
o-990710;2023-08-17 17:53:36;;1180.47
o-990711;2023-08-17 20:16:59;;2364.48
o-990712;2023-08-17 23:10:09;;2578.32
o-990713;2023-08-18 09:00:23;;6571.82
o-990714;2023-08-18 10:18:51;;4119.76
o-990715;2023-08-18 11:55:48;;940.07
o-990716;2023-08-18 14:09:41;;5937.8
o-990717;2023-08-18 15:37:28;;1980.48
o-990718;2023-08-18 17:33:02;;2104.95
o-990719;2023-08-18 19:24:09;;1236.87
o-990720;2023-08-18 22:24:30;;3189.99
o-990721;2023-08-19 17:09:56;;1301.74
o-990722;2023-08-20 16:56:48;;1661.28
o-990723;2023-08-21 09:07:09;;864.52
o-990724;2023-08-21 10:32:24;;90.09
o-990725;2023-08-21 12:22:54;;1333.67
o-990726;2023-08-21 14:03:53;;4129.33
o-990727;2023-08-21 15:25:52;;111.37
o-990728;2023-08-21 17:09:49;;2951.69
o-990729;2023-08-21 18:37:44;;301.78
o-990730;2023-08-21 21:29:23;;758.14
o-990731;2023-08-22 04:57:15;;3716.58
o-990732;2023-08-22 10:27:04;;4448.49
o-990733;2023-08-22 12:12:14;;1892.14
o-990734;2023-08-22 13:42:33;;3833.62
o-990735;2023-08-22 15:43:12;;1800.69
o-990736;2023-08-22 17:44:29;;917.73
o-990737;2023-08-22 19:49:39;;3567.64
o-990738;2023-08-22 23:15:29;;175.18
o-990739;2023-08-23 09:06:46;;886.88
o-990740;2023-08-23 10:31:38;;36.9
o-990741;2023-08-23 12:21:21;;482.64
o-990742;2023-08-23 14:00:48;;3514.48
o-990743;2023-08-23 15:19:42;;1438.99
o-990744;2023-08-23 16:57:29;;217.75
o-990745;2023-08-23 19:13:04;;7582.42
o-990746;2023-08-23 22:02:19;;2002.81
o-990747;2023-08-24 07:14:51;;876.22
o-990748;2023-08-24 09:58:25;;511.37
o-990749;2023-08-24 12:14:56;;3884.66
o-990750;2023-08-24 13:47:58;;313.45
o-990751;2023-08-24 15:54:01;;1736.87
o-990752;2023-08-24 18:06:08;;3258.09
o-990753;2023-08-24 19:54:35;;5705.84
o-990754;2023-08-24 23:25:21;;164.55
o-990755;2023-08-25 09:18:37;;4051.68
o-990756;2023-08-25 10:55:19;;1578.33
o-990757;2023-08-25 13:08:44;;2908.11
o-990758;2023-08-25 14:35:34;;3514.48
o-990759;2023-08-25 16:29:13;;1364.5
o-990760;2023-08-25 18:16:32;;5854.84
o-990761;2023-08-25 20:25:47;;3610.21
o-990762;2023-08-25 23:35:39;;217.75
o-990763;2023-08-26 22:12:49;;882.61
o-990764;2023-08-27 21:39:31;;1173.0
o-990765;2023-08-28 09:30:28;;800.71
o-990766;2023-08-28 11:19:01;;886.87
o-990767;2023-08-28 12:56:08;;748.6
o-990768;2023-08-28 15:10:22;;3864.46
o-990769;2023-08-28 16:38:49;;1311.35
o-990770;2023-08-28 18:35:44;;1546.4
o-990771;2023-08-28 21:23:23;;1491.12
o-990772;2023-08-29 04:21:14;;1396.42
o-990773;2023-08-29 09:47:27;;1323.03
o-990774;2023-08-29 11:53:00;;377.3
o-990775;2023-08-29 14:04:06;;111.34
o-990776;2023-08-29 15:26:17;;1700.7
o-990777;2023-08-29 17:10:40;;1513.45
o-990778;2023-08-29 18:39:26;;1961.27
o-990779;2023-08-29 21:34:29;;1986.83
o-990780;2023-08-30 05:27:50;;558.13
o-990781;2023-08-30 10:00:43;;3165.55
o-990782;2023-08-30 11:19:32;;3237.87
o-990783;2023-08-30 12:57:09;;239.0
o-990784;2023-08-30 15:12:24;;4608.06
o-990785;2023-08-30 16:42:54;;5118.64
o-990786;2023-08-30 18:43:53;;1359.2
o-990787;2023-08-30 21:47:50;;3610.21
o-990788;2023-08-31 06:47:57;;2640.03
o-990789;2023-08-31 10:28:50;;4020.85
o-990790;2023-08-31 12:15:46;;5086.73
o-990791;2023-08-31 13:49:37;;886.88
o-990792;2023-08-31 15:57:20;;2845.31
o-990793;2023-08-31 18:12:46;;6733.55
o-990794;2023-08-31 20:14:29;;5111.23
o-990795;2023-08-31 23:05:09;;1025.15
o-990796;2023-09-01 08:54:22;;727.3
o-990797;2023-09-01 11:09:39;;886.87
o-990798;2023-09-01 12:37:24;;100.73
o-990799;2023-09-01 14:32:53;;3784.65
o-990800;2023-09-01 16:23:52;;1311.35
o-990801;2023-09-01 18:05:50;;2641.06
o-990802;2023-09-01 19:53:41;;2848.55
o-990803;2023-09-01 23:23:33;;3088.96
o-990804;2023-09-02 21:36:32;;1871.94
o-990805;2023-09-03 21:26:57;;642.19
o-990806;2023-09-04 09:16:38;;3886.8
o-990807;2023-09-04 10:51:21;;132.63
o-990808;2023-09-04 13:00:48;;6163.31
o-990809;2023-09-04 14:19:41;;2937.85
o-990810;2023-09-04 15:57:28;;504.92
o-990811;2023-09-04 18:13:02;;3291.07
o-990812;2023-09-04 20:15:17;;3661.27
o-990813;2023-09-04 23:06:45;;724.12
o-990814;2023-09-05 08:56:18;;207.1
o-990815;2023-09-05 11:12:32;;2629.37
o-990816;2023-09-05 12:43:10;;1525.14
o-990817;2023-09-05 14:44:25;;1259.21
o-990818;2023-09-05 16:46:56;;100.73
o-990819;2023-09-05 18:51:58;;8546.24
o-990820;2023-09-05 22:12:05;;2441.09
o-990821;2023-09-06 08:12:21;;1885.77
o-990822;2023-09-06 10:06:37;;3365.51
o-990823;2023-09-06 11:31:20;;3789.99
o-990824;2023-09-06 13:20:46;;5109.06
o-990825;2023-09-06 14:59:37;;1609.17
o-990826;2023-09-06 17:17:20;;1534.72
o-990827;2023-09-06 18:52:46;;3567.65
o-990828;2023-09-06 22:14:29;;3532.53
o-990829;2023-09-07 08:17:09;;1892.16
o-990830;2023-09-07 10:13:49;;3408.1
o-990831;2023-09-07 11:45:44;;4877.18
o-990832;2023-09-07 13:49:34;;2345.36
o-990833;2023-09-07 15:57:13;;1438.99
o-990834;2023-09-07 18:12:32;;3608.06
o-990835;2023-09-07 20:13:47;;1802.78
o-990836;2023-09-07 23:03:45;;1174.12
o-990837;2023-09-08 08:52:42;;780.5
o-990838;2023-09-08 11:07:08;;3259.15
o-990839;2023-09-08 12:32:22;;526.23
o-990840;2023-09-08 14:22:50;;2108.13
o-990841;2023-09-08 16:03:45;;563.48
o-990842;2023-09-08 17:25:36;;791.12
o-990843;2023-09-08 19:09:18;;934.71
o-990844;2023-09-08 21:54:47;;3471.89
o-990845;2023-09-09 15:11:38;;1885.78
o-990846;2023-09-10 15:00:13;;832.61
o-990847;2023-09-11 06:55:22;;2040.03
o-990848;2023-09-11 10:37:00;;1461.31
o-990849;2023-09-11 12:32:05;;2125.16
o-990850;2023-09-11 14:22:16;;2802.76
o-990851;2023-09-11 16:02:38;;1174.12
o-990852;2023-09-11 17:23:21;;3514.48
o-990853;2023-09-11 19:04:48;;2486.82
o-990854;2023-09-11 21:45:47;;3405.95
o-990855;2023-09-12 06:35:39;;1503.85
o-990856;2023-09-12 10:15:18;;1014.53
o-990857;2023-09-12 11:48:42;;1049.64
o-990858;2023-09-12 13:55:29;;1683.66
o-990859;2023-09-12 16:09:04;;6896.26
o-990860;2023-09-12 17:36:14;;829.41
o-990861;2023-09-12 19:30:33;;3386.8
o-990862;2023-09-12 22:37:18;;5467.61
o-990863;2023-09-13 09:02:47;;1652.82
o-990864;2023-09-13 10:23:40;;637.95
o-990865;2023-09-13 12:05:25;;175.18
o-990866;2023-09-13 13:28:56;;2609.14
o-990867;2023-09-13 15:15:57;;2118.74
o-990868;2023-09-13 16:50:00;;2646.41
o-990869;2023-09-13 18:58:06;;217.75
o-990870;2023-09-13 22:30:29;;2451.73
o-990871;2023-09-14 08:49:09;;578.37
o-990872;2023-09-14 11:01:49;;2246.41
o-990873;2023-09-14 12:21:44;;2707.04
o-990874;2023-09-14 14:01:34;;780.5
o-990875;2023-09-14 15:21:13;;440.07
o-990876;2023-09-14 17:00:32;;3663.39
o-990877;2023-09-14 18:19:10;;1133.68
o-990878;2023-09-14 20:33:41;;302.82
o-990879;2023-09-15 00:23:02;;4232.51
o-990880;2023-09-15 09:25:26;;483.65
o-990881;2023-09-15 11:08:58;;90.09
o-990882;2023-09-15 12:36:01;;227.32
o-990883;2023-09-15 14:30:08;;8088.82
o-990884;2023-09-15 16:18:22;;5131.43
o-990885;2023-09-15 17:54:49;;3230.41
o-990886;2023-09-15 20:20:39;;356.03
o-990887;2023-09-15 23:17:29;;301.78
o-990888;2023-09-16 21:18:20;;695.36
o-990889;2023-09-17 20:50:32;;2855.96
o-990890;2023-09-18 09:36:35;;1950.68
o-990891;2023-09-18 11:31:15;;3298.5
o-990892;2023-09-18 13:20:36;;90.09
o-990893;2023-09-18 14:59:18;;791.11
o-990894;2023-09-18 17:16:41;;1126.23
o-990895;2023-09-18 18:51:28;;3184.68
o-990896;2023-09-18 22:10:35;;4172.95
o-990897;2023-09-19 08:04:27;;1736.85
o-990898;2023-09-19 09:54:46;;2034.7
o-990899;2023-09-19 12:07:37;;2792.13
o-990900;2023-09-19 13:33:20;;2749.56
o-990901;2023-09-19 15:24:46;;4571.87
o-990902;2023-09-19 17:07:37;;4268.64
o-990903;2023-09-19 18:33:20;;4056.98
o-990904;2023-09-19 21:16:11;;1397.48
o-990905;2023-09-20 03:38:03;;1811.31
o-990906;2023-09-20 09:59:57;;4085.68
o-990907;2023-09-20 12:17:59;;2738.94
o-990908;2023-09-20 13:54:04;;525.18
o-990909;2023-09-20 16:06:14;;756.02
o-990910;2023-09-20 17:30:33;;3001.7
o-990911;2023-09-20 19:19:12;;4736.74
o-990912;2023-09-20 22:14:35;;3411.24
o-990913;2023-09-21 08:17:21;;567.75
o-990914;2023-09-21 10:14:07;;2098.51
o-990915;2023-09-21 11:46:20;;2304.93
o-990916;2023-09-21 13:50:46;;1333.67
o-990917;2023-09-21 15:59:37;;511.37
o-990918;2023-09-21 18:17:20;;2480.44
o-990919;2023-09-21 20:28:11;;3365.53
o-990920;2023-09-21 23:50:03;;1587.93
o-990921;2023-09-22 09:48:15;;727.29
o-990922;2023-09-22 11:54:35;;2215.55
o-990923;2023-09-22 14:07:16;;366.64
o-990924;2023-09-22 15:32:37;;143.28
o-990925;2023-09-22 17:23:20;;567.75
o-990926;2023-09-22 19:04:46;;90.09
o-990927;2023-09-22 21:45:43;;1884.72
o-990928;2023-09-23 14:17:14;;1609.18
o-990929;2023-09-24 14:11:25;;2001.74
o-990930;2023-09-25 06:17:46;;1035.77
o-990931;2023-09-25 09:55:38;;1246.42
o-990932;2023-09-25 12:09:22;;5536.75
o-990933;2023-09-25 13:36:50;;397.52
o-990934;2023-09-25 15:31:45;;270.91
o-990935;2023-09-25 17:21:36;;1573.01
o-990936;2023-09-25 19:01:18;;90.09
o-990937;2023-09-25 21:38:47;;1418.77
o-990938;2023-09-26 05:53:38;;531.58
o-990939;2023-09-26 10:29:06;;6226.08
o-990940;2023-09-26 12:16:17;;1874.1
o-990941;2023-09-26 13:50:40;;1174.12
o-990942;2023-09-26 15:59:26;;610.24
o-990943;2023-09-26 18:16:57;;1259.16
o-990944;2023-09-26 20:27:03;;748.6
o-990945;2023-09-26 23:43:14;;3524.03
o-990946;2023-09-27 09:40:04;;543.27
o-990947;2023-09-27 11:38:14;;1264.48
o-990948;2023-09-27 13:34:33;;3672.98
o-990949;2023-09-27 15:27:12;;142.23
o-990950;2023-09-27 17:12:30;;8034.52
o-990951;2023-09-27 18:43:05;;1736.84
o-990952;2023-09-27 21:45:26;;1944.27
o-990953;2023-09-28 06:33:33;;6227.16
o-990954;2023-09-28 10:13:00;;430.46
o-990955;2023-09-28 11:44:05;;6917.52
o-990956;2023-09-28 13:46:16;;451.76
o-990957;2023-09-28 15:50:38;;2883.63
o-990958;2023-09-28 17:59:21;;511.37
o-990959;2023-09-28 20:34:15;;1600.7
o-990960;2023-09-29 00:26:26;;1211.33
o-990961;2023-09-29 09:29:10;;3833.62
o-990962;2023-09-29 11:16:26;;854.92
o-990963;2023-09-29 12:50:57;;3518.71
o-990964;2023-09-29 15:00:00;;2579.36
o-990965;2023-09-29 16:18:06;;1265.58
o-990966;2023-09-29 17:54:17;;724.12
o-990967;2023-09-29 20:19:03;;3086.84
o-990968;2023-09-29 23:14:17;;2324.09
o-990969;2023-09-30 21:08:44;;5534.06
o-990970;2023-10-01 20:31:20;;2970.88
o-990971;2023-10-02 09:15:28;;1146.71
o-990972;2023-10-02 10:49:01;;3755.61
o-990973;2023-10-02 12:56:08;;678.7
o-990974;2023-10-02 15:10:22;;5381.66
o-990975;2023-10-02 16:38:49;;1831.31
o-990976;2023-10-02 18:35:44;;2479.97
o-990977;2023-10-02 21:23:23;;145.4
o-990978;2023-10-03 04:21:15;;8814.45
o-990979;2023-10-03 09:47:28;;1548.34
o-990980;2023-10-03 11:53:01;;3463.92
o-990981;2023-10-03 14:04:08;;1254.49
o-990982;2023-10-03 15:26:22;;417.46
o-990983;2023-10-03 17:10:49;;4135.45
o-990984;2023-10-03 18:39:44;;2299.31
o-990985;2023-10-03 21:35:23;;396.78
o-990986;2023-10-04 05:33:15;;2831.6
o-990987;2023-10-04 10:06:40;;2823.94
o-990988;2023-10-04 11:31:25;;3953.69
o-990989;2023-10-04 13:20:56;;765.8
o-990990;2023-10-04 14:59:58;;699.37
o-990991;2023-10-04 17:18:01;;10894.43
o-990992;2023-10-04 18:54:08;;543.76
o-990993;2023-10-04 22:18:35;;1462.34
o-990994;2023-10-05 08:25:21;;1103.18
o-990995;2023-10-05 10:26:08;;3301.76
o-990996;2023-10-05 12:10:21;;2802.14
o-990997;2023-10-05 13:38:48;;631.91
o-990998;2023-10-05 15:35:41;;1283.88
o-990999;2023-10-05 17:29:28;;1874.86
o-991000;2023-10-05 19:17:02;;1190.25
o-991001;2023-10-05 22:10:15;;925.73
o-991002;2023-10-06 08:02:26;;3368.08
o-991003;2023-10-06 09:51:45;;4118.05
o-991004;2023-10-06 12:01:36;;2200.26
o-991005;2023-10-06 13:21:17;;493.69
o-991006;2023-10-06 15:00:40;;4443.5
o-991007;2023-10-06 16:19:26;;9909.44
o-991008;2023-10-06 17:56:57;;4443.48
o-991009;2023-10-06 20:27:03;;2780.39
o-991010;2023-10-06 23:43:14;;5805.07
o-991011;2023-10-07 22:35:35;;1440.57
o-991012;2023-10-08 22:25:02;;7018.63
o-991013;2023-10-09 09:20:32;;1418.81
o-991014;2023-10-09 10:59:10;;222.64
o-991015;2023-10-09 13:16:25;;1462.34
o-991016;2023-10-09 14:50:56;;4742.81
o-991017;2023-10-09 16:59:57;;4172.47
o-991018;2023-10-09 19:18:00;;1255.57
o-991019;2023-10-09 22:12:11;;1914.03
o-991020;2023-10-10 08:12:34;;537.21
o-991021;2023-10-10 10:06:56;;3646.78
o-991022;2023-10-10 11:31:58;;727.68
o-991023;2023-10-10 13:22:02;;5625.46
o-991024;2023-10-10 15:02:09;;1130.39
o-991025;2023-10-10 16:22:24;;2946.92
o-991026;2023-10-10 18:02:53;;3682.7
o-991027;2023-10-10 19:44:51;;190.0
o-991028;2023-10-10 23:05:53;;10290.37
o-991029;2023-10-11 08:55:15;;2786.94
o-991030;2023-10-11 11:10:58;;2522.45
o-991031;2023-10-11 12:40:02;;656.93
o-991032;2023-10-11 14:38:09;;3819.84
o-991033;2023-10-11 16:34:24;;8573.95
o-991034;2023-10-11 18:26:54;;4320.49
o-991035;2023-10-11 20:56:53;;7606.36
o-991036;2023-10-12 02:42:14;;2501.77
o-991037;2023-10-12 09:58:33;;3569.47
o-991038;2023-10-12 12:15:12;;70.28
o-991039;2023-10-12 13:48:30;;3514.0
o-991040;2023-10-12 15:55:05;;7338.62
o-991041;2023-10-12 18:08:16;;10255.52
o-991042;2023-10-12 20:00:59;;493.69
o-991043;2023-10-12 22:38:09;;3186.36
o-991044;2023-10-13 09:04:30;;657.96
o-991045;2023-10-13 10:27:05;;2826.09
o-991046;2023-10-13 12:12:16;;2435.37
o-991047;2023-10-13 13:42:38;;375.0
o-991048;2023-10-13 15:43:21;;1580.97
o-991049;2023-10-13 17:44:48;;907.24
o-991050;2023-10-13 19:50:35;;4250.83
o-991051;2023-10-13 23:17:21;;1353.51
o-991052;2023-10-14 21:17:56;;1853.09
o-991053;2023-10-15 20:49:45;;1450.4
o-991054;2023-10-16 09:35:43;;4029.92
o-991055;2023-10-16 11:29:31;;3342.02
o-991056;2023-10-16 13:17:08;;1092.3
o-991057;2023-10-16 14:52:22;;482.76
o-991058;2023-10-16 17:02:49;;1410.09
o-991059;2023-10-16 18:23:44;;537.21
o-991060;2023-10-16 20:47:23;;2847.85
o-991061;2023-10-17 01:45:15;;1392.72
o-991062;2023-10-17 09:55:52;;809.3
o-991063;2023-10-17 12:09:49;;3426.93
o-991064;2023-10-17 13:37:44;;959.5
o-991065;2023-10-17 15:33:34;;580.76
o-991066;2023-10-17 17:25:13;;1689.85
o-991067;2023-10-17 19:08:32;;3059.06
o-991068;2023-10-17 21:53:15;;4025.49
o-991069;2023-10-18 07:20:27;;1395.97
o-991070;2023-10-18 10:04:35;;1668.08
o-991071;2023-10-18 11:27:15;;1353.51
o-991072;2023-10-18 13:12:36;;543.76
o-991073;2023-10-18 14:43:18;;1912.97
o-991074;2023-10-18 16:44:41;;124.7
o-991075;2023-10-18 18:47:28;;1621.26
o-991076;2023-10-18 21:58:35;;1201.11
o-991077;2023-10-19 07:52:27;;309.71
o-991078;2023-10-19 10:39:47;;3665.23
o-991079;2023-10-19 12:37:40;;493.69
o-991080;2023-10-19 14:33:25;;396.78
o-991081;2023-10-19 16:24:56;;1025.89
o-991082;2023-10-19 18:07:58;;200.88
o-991083;2023-10-19 20:00:05;;2201.34
o-991084;2023-10-19 22:36:21;;1341.56
o-991085;2023-10-20 09:00:53;;4777.65
o-991086;2023-10-20 10:19:52;;1440.57
o-991087;2023-10-20 11:57:50;;2662.85
o-991088;2023-10-20 14:13:45;;3221.2
o-991089;2023-10-20 15:45:36;;3323.52
o-991090;2023-10-20 17:49:18;;7654.28
o-991091;2023-10-20 20:04:05;;266.18
o-991092;2023-10-20 22:44:21;;729.84
o-991093;2023-10-21 19:09:03;;2103.4
o-991094;2023-10-22 18:50:30;;2361.4
o-991095;2023-10-23 09:23:36;;384.82
o-991096;2023-10-23 11:05:17;;1418.83
o-991097;2023-10-23 12:28:40;;870.26
o-991098;2023-10-23 14:15:26;;4122.41
o-991099;2023-10-23 15:48:57;;2268.83
o-991100;2023-10-23 17:56:00;;6556.04
o-991101;2023-10-23 20:24:11;;1646.28
o-991102;2023-10-23 23:26:03;;3439.96
o-991103;2023-10-24 09:19:26;;1385.08
o-991104;2023-10-24 10:56:58;;1635.44
o-991105;2023-10-24 13:12:02;;2998.06
o-991106;2023-10-24 14:42:09;;841.94
o-991107;2023-10-24 16:42:24;;146.46
o-991108;2023-10-24 18:42:54;;3490.04
o-991109;2023-10-24 21:44:53;;1304.52
o-991110;2023-10-25 06:30:14;;3559.68
o-991111;2023-10-25 10:09:21;;2059.89
o-991112;2023-10-25 11:36:48;;4574.1
o-991113;2023-10-25 13:31:42;;2399.48
o-991114;2023-10-25 15:21:29;;285.8
o-991115;2023-10-25 17:01:04;;7155.77
o-991116;2023-10-25 18:20:13;;2506.09
o-991117;2023-10-25 20:36:51;;679.76
o-991118;2023-10-26 00:42:02;;1739.92
o-991119;2023-10-26 09:46:20;;815.82
o-991120;2023-10-26 11:50:46;;2059.89
o-991121;2023-10-26 13:59:37;;1842.2
o-991122;2023-10-26 16:17:20;;2312.41
o-991123;2023-10-26 17:52:46;;3839.44
o-991124;2023-10-26 20:14:29;;2472.36
o-991125;2023-10-26 23:05:09;;5935.69
o-991126;2023-10-27 08:54:22;;6446.1
o-991127;2023-10-27 11:09:39;;674.34
o-991128;2023-10-27 12:37:23;;1424.25
o-991129;2023-10-27 14:32:52;;685.24
o-991130;2023-10-27 16:23:50;;37.64
o-991131;2023-10-27 18:05:45;;1259.91
o-991132;2023-10-27 19:53:27;;5541.68
o-991133;2023-10-27 23:23:05;;863.74
o-991134;2023-10-28 21:35:08;;2069.67
o-991135;2023-10-29 21:12:08;;2715.06
o-991136;2023-10-30 09:00:20;;3851.39
o-991137;2023-10-30 10:18:46;;798.42
o-991138;2023-10-30 11:55:38;;222.67
o-991139;2023-10-30 14:09:21;;3757.8
o-991140;2023-10-30 15:36:48;;3818.71
o-991141;2023-10-30 17:31:42;;385.88
o-991142;2023-10-30 19:21:29;;3214.69
o-991143;2023-10-30 22:19:10;;1738.81
o-991144;2023-10-31 08:26:31;;493.69
o-991145;2023-10-31 10:27:52;;907.28
o-991146;2023-10-31 12:13:50;;1863.96
o-991147;2023-10-31 13:45:45;;6989.25
o-991148;2023-10-31 15:49:36;;92.06
o-991149;2023-10-31 17:57:18;;504.52
o-991150;2023-10-31 20:28:05;;2732.53
o-991151;2023-10-31 23:49:26;;1114.06
o-991152;2023-11-01 09:47:31;;8923.36
o-991153;2023-11-01 11:53:07;;493.69
o-991154;2023-11-01 14:04:20;;825.64
o-991155;2023-11-01 15:26:46;;1994.56
o-991156;2023-11-01 17:11:37;;848.46
o-991157;2023-11-01 18:41:20;;1402.5
o-991158;2023-11-01 21:40:11;;1066.14
o-991159;2023-11-02 06:02:03;;555.72
o-991160;2023-11-02 09:38:20;;1771.45
o-991161;2023-11-02 11:34:46;;656.93
o-991162;2023-11-02 13:27:38;;3802.41
o-991163;2023-11-02 15:13:21;;2648.7
o-991164;2023-11-02 16:44:48;;1831.33
o-991165;2023-11-02 18:47:42;;2168.74
o-991166;2023-11-02 21:59:17;;3210.31
o-991167;2023-11-03 07:56:38;;1048.76
o-991168;2023-11-03 10:44:24;;6084.75
o-991169;2023-11-03 12:46:53;;3562.93
o-991170;2023-11-03 14:51:52;;3596.7
o-991171;2023-11-03 17:01:50;;5609.17
o-991172;2023-11-03 18:21:45;;92.06
o-991173;2023-11-03 20:41:27;;2856.57
o-991174;2023-11-04 05:23:20;;1608.21
o-991175;2023-11-05 01:56:04;;619.92
o-991176;2023-11-05 23:45:10;;6531.06
o-991177;2023-11-06 09:45:03;;1016.12
o-991178;2023-11-06 11:48:12;;961.68
o-991179;2023-11-06 13:54:29;;363.07
o-991180;2023-11-06 16:07:04;;4919.12
o-991181;2023-11-06 17:32:14;;925.75
o-991182;2023-11-06 19:22:33;;375.0
o-991183;2023-11-06 22:21:18;;1504.8
o-991184;2023-11-07 08:30:47;;4809.16
o-991185;2023-11-07 10:34:16;;102.94
o-991186;2023-11-07 12:26:38;;4454.38
o-991187;2023-11-07 14:11:21;;1413.34
o-991188;2023-11-07 15:40:48;;2831.6
o-991189;2023-11-07 17:39:42;;566.6
o-991190;2023-11-07 19:37:29;;3338.78
o-991191;2023-11-07 22:51:10;;537.21
o-991192;2023-11-08 09:30:31;;874.64
o-991193;2023-11-08 11:19:07;;1153.23
o-991194;2023-11-08 12:56:20;;287.94
o-991195;2023-11-08 15:10:46;;848.48
o-991196;2023-11-08 16:39:37;;4123.5
o-991197;2023-11-08 18:37:20;;2399.48
o-991198;2023-11-08 21:28:11;;1964.12
o-991199;2023-11-09 04:50:03;;5258.7
o-991200;2023-11-09 10:19:09;;1439.49
o-991201;2023-11-09 11:56:23;;4157.19
o-991202;2023-11-09 14:10:52;;1560.29
o-991203;2023-11-09 15:39:50;;1828.07
o-991204;2023-11-09 17:37:45;;624.27
o-991205;2023-11-09 19:33:36;;1614.7
o-991206;2023-11-09 22:43:23;;2628.02
o-991207;2023-11-10 09:14:57;;2397.32
o-991208;2023-11-10 10:48:00;;2484.37
o-991209;2023-11-10 12:54:06;;3051.41
o-991210;2023-11-10 15:06:17;;4337.92
o-991211;2023-11-10 16:30:40;;1917.32
o-991212;2023-11-10 18:19:26;;493.69
o-991213;2023-11-10 20:34:29;;1947.78
o-991214;2023-11-11 00:27:50;;2925.13
o-991215;2023-11-11 22:59:17;;2900.1
o-991216;2023-11-12 23:12:27;;3111.29
o-991217;2023-11-13 09:11:41;;3922.16
o-991218;2023-11-13 10:41:28;;146.48
o-991219;2023-11-13 12:41:01;;3900.36
o-991220;2023-11-13 14:40:08;;2000.04
o-991221;2023-11-13 16:38:21;;1201.16
o-991222;2023-11-13 18:34:48;;1853.11
o-991223;2023-11-13 21:20:35;;1363.32
o-991224;2023-11-14 04:04:27;;3353.97
o-991225;2023-11-14 09:28:59;;2222.03
o-991226;2023-11-14 11:16:04;;6489.66
o-991227;2023-11-14 12:50:13;;2544.21
o-991228;2023-11-14 14:58:32;;1580.98
o-991229;2023-11-14 17:15:10;;4063.59
o-991230;2023-11-14 18:48:25;;3508.53
o-991231;2023-11-14 22:01:27;;2048.99
o-991232;2023-11-15 07:09:38;;5428.5
o-991233;2023-11-15 09:52:41;;2342.85
o-991234;2023-11-15 12:03:28;;471.88
o-991235;2023-11-15 13:25:02;;2606.25
o-991236;2023-11-15 15:08:09;;4167.04
o-991237;2023-11-15 16:34:24;;2888.17
o-991238;2023-11-15 18:26:54;;1690.91
o-991239;2023-11-15 20:56:53;;3353.94
o-991240;2023-11-16 02:42:14;;1490.65
o-991241;2023-11-16 09:58:33;;537.21
o-991242;2023-11-16 12:15:12;;4453.27
o-991243;2023-11-16 13:48:30;;1070.52
o-991244;2023-11-16 15:55:05;;1070.52
o-991245;2023-11-16 18:08:16;;4387.97
o-991246;2023-11-16 20:00:59;;5608.03
o-991247;2023-11-16 22:38:09;;3331.14
o-991248;2023-11-17 09:04:30;;924.66
o-991249;2023-11-17 10:27:05;;1751.88
o-991250;2023-11-17 12:12:16;;3105.84
o-991251;2023-11-17 13:42:38;;1406.85
o-991252;2023-11-17 15:43:21;;2142.62
o-991253;2023-11-17 17:44:48;;3671.8
o-991254;2023-11-17 19:50:35;;914.87
o-991255;2023-11-17 23:17:21;;4628.5
o-991256;2023-11-18 21:17:56;;1560.3
o-991257;2023-11-19 20:49:45;;3595.64
o-991258;2023-11-20 09:35:43;;1191.35
o-991259;2023-11-20 11:29:31;;734.14
o-991260;2023-11-20 13:17:08;;2834.83
o-991261;2023-11-20 14:52:22;;4508.73
o-991262;2023-11-20 17:02:49;;1996.75
o-991263;2023-11-20 18:23:44;;3269.12
o-991264;2023-11-20 20:47:23;;580.76
o-991265;2023-11-21 01:45:15;;2104.51
o-991266;2023-11-21 09:55:52;;4717.73
o-991267;2023-11-21 12:09:49;;3730.61
o-991268;2023-11-21 13:37:44;;1576.64
o-991269;2023-11-21 15:33:34;;4552.34
o-991270;2023-11-21 17:25:13;;2330.9
o-991271;2023-11-21 19:08:32;;6207.79
o-991272;2023-11-21 21:53:15;;1952.08
o-991273;2023-11-22 07:20:26;;243.34
o-991274;2023-11-22 10:04:35;;1744.26
o-991275;2023-11-22 11:27:15;;2726.0
o-991276;2023-11-22 13:12:36;;1338.26
o-991277;2023-11-22 14:43:18;;2473.45
o-991278;2023-11-22 16:44:41;;570.92
o-991279;2023-11-22 18:47:28;;765.8
o-991280;2023-11-22 21:58:35;;641.7
o-991281;2023-11-23 07:52:27;;243.34
o-991282;2023-11-23 10:39:47;;1483.04
o-991283;2023-11-23 12:37:40;;4606.67
o-991284;2023-11-23 14:33:25;;2604.08
o-991285;2023-11-23 16:24:56;;255.31
o-991286;2023-11-23 18:07:57;;4482.64
o-991287;2023-11-23 20:00:03;;1394.89
o-991288;2023-11-23 22:36:17;;1070.52
o-991289;2023-11-24 09:00:45;;983.47
o-991290;2023-11-24 10:19:36;;3584.7
o-991291;2023-11-24 11:57:18;;1200.05
o-991292;2023-11-24 14:12:41;;92.06
o-991293;2023-11-24 15:43:28;;6534.29
o-991294;2023-11-24 17:45:01;;765.76
o-991295;2023-11-24 19:51:15;;1123.86
o-991296;2023-11-24 23:18:41;;4173.5
o-991297;2023-11-25 21:21:56;;804.95
o-991298;2023-11-26 20:57:45;;1719.24
o-991299;2023-11-27 09:44:30;;1750.77
o-991300;2023-11-27 11:47:06;;2682.42
o-991301;2023-11-27 13:52:18;;3942.8
o-991302;2023-11-27 16:02:41;;2148.04
o-991303;2023-11-27 17:23:28;;37.64
o-991304;2023-11-27 19:05:02;;3482.4
o-991305;2023-11-27 21:46:15;;1592.92
o-991306;2023-11-28 06:38:26;;994.34
o-991307;2023-11-28 10:18:22;;2637.82
o-991308;2023-11-28 11:54:50;;907.28
o-991309;2023-11-28 14:07:46;;3027.48
o-991310;2023-11-28 15:33:37;;3890.58
o-991311;2023-11-28 17:25:20;;320.6
o-991312;2023-11-28 19:08:46;;6125.09
o-991313;2023-11-28 21:53:43;;635.17
o-991314;2023-11-29 07:23:14;;1135.82
o-991315;2023-11-29 10:07:39;;2266.68
o-991316;2023-11-29 11:33:24;;1119.52
o-991317;2023-11-29 13:24:54;;1341.56
o-991318;2023-11-29 15:07:53;;146.47
o-991319;2023-11-29 16:33:52;;1167.39
o-991320;2023-11-29 18:25:49;;2571.4
o-991321;2023-11-29 20:53:39;;4070.19
o-991322;2023-11-30 02:22:50;;2157.86
o-991323;2023-11-30 09:37:13;;7523.64
o-991324;2023-11-30 11:32:31;;363.07
o-991325;2023-11-30 13:23:08;;3435.64
o-991326;2023-11-30 15:04:22;;907.27
o-991327;2023-11-30 16:26:49;;4715.6
o-991328;2023-11-30 18:11:44;;1549.41
o-991329;2023-11-30 20:11:23;;3067.3
o-991330;2023-11-30 22:58:58;;105.83
o-991331;2023-12-01 09:46:07;;2212.35
o-991332;2023-12-01 11:50:19;;3507.66
o-991333;2023-12-01 13:58:44;;1152.39
o-991334;2023-12-01 16:15:34;;1124.34
o-991335;2023-12-01 17:49:13;;1281.24
o-991336;2023-12-01 20:03:51;;559.65
o-991337;2023-12-01 22:43:53;;229.06
o-991338;2023-12-02 19:06:14;;2204.5
o-991339;2023-12-03 18:46:18;;429.63
o-991340;2023-12-04 09:18:33;;2467.88
o-991341;2023-12-04 10:55:11;;753.47
o-991342;2023-12-04 13:08:28;;475.54
o-991343;2023-12-04 14:35:01;;463.24
o-991344;2023-12-04 16:28:08;;2671.77
o-991345;2023-12-04 18:14:22;;3309.35
o-991346;2023-12-04 20:19:17;;7684.9
o-991347;2023-12-04 23:14:45;;3533.44
o-991348;2023-12-05 09:05:54;;2428.63
o-991349;2023-12-05 10:29:53;;6667.52
o-991350;2023-12-05 12:17:52;;1970.35
o-991351;2023-12-05 13:53:49;;788.2
o-991352;2023-12-05 16:05:44;;2362.54
o-991353;2023-12-05 17:29:34;;911.44
o-991354;2023-12-05 19:17:13;;6166.64
o-991355;2023-12-05 22:10:38;;3858.38
o-991356;2023-12-06 08:04:44;;3555.83
o-991357;2023-12-06 09:55:12;;821.83
o-991358;2023-12-06 12:08:29;;541.7
o-991359;2023-12-06 13:35:04;;1093.01
o-991360;2023-12-06 15:28:14;;6964.41
o-991361;2023-12-06 17:14:33;;329.92
o-991362;2023-12-06 18:47:12;;1342.89
o-991363;2023-12-06 21:57:47;;474.46
o-991364;2023-12-07 07:47:39;;5804.71
o-991365;2023-12-07 10:34:30;;105.83
o-991366;2023-12-07 12:27:06;;571.96
o-991367;2023-12-07 14:12:17;;49.8
o-991368;2023-12-07 15:42:40;;3398.99
o-991369;2023-12-07 17:43:26;;2827.55
o-991370;2023-12-07 19:46:29;;4988.99
o-991371;2023-12-07 23:09:09;;83.4
o-991372;2023-12-08 08:59:10;;229.09
o-991373;2023-12-08 11:16:51;;2685.22
o-991374;2023-12-08 12:51:48;;1291.34
o-991375;2023-12-08 15:01:41;;4686.38
o-991376;2023-12-08 16:21:28;;900.22
o-991377;2023-12-08 18:01:01;;788.2
o-991378;2023-12-08 19:39:15;;2308.76
o-991379;2023-12-08 22:54:41;;295.19
o-991380;2023-12-09 20:27:24;;821.8
o-991381;2023-12-10 20:08:40;;3560.35
o-991382;2023-12-11 08:50:32;;2624.7
o-991383;2023-12-11 11:03:53;;2400.62
o-991384;2023-12-11 12:25:52;;687.37
o-991385;2023-12-11 14:09:50;;1297.98
o-991386;2023-12-11 15:37:45;;1499.74
o-991387;2023-12-11 17:33:36;;1795.55
o-991388;2023-12-11 19:25:18;;3246.61
o-991389;2023-12-11 22:26:47;;7643.43
o-991390;2023-12-12 08:41:45;;1417.92
o-991391;2023-12-12 10:50:43;;1001.12
o-991392;2023-12-12 12:59:32;;1380.94
o-991393;2023-12-12 15:17:10;;3248.84
o-991394;2023-12-12 16:52:25;;1853.79
o-991395;2023-12-12 19:02:56;;4966.53
o-991396;2023-12-12 21:42:03;;128.23
o-991397;2023-12-13 06:13:14;;2434.21
o-991398;2023-12-13 09:50:40;;3052.73
o-991399;2023-12-13 11:59:25;;373.63
o-991400;2023-12-13 14:16:56;;559.65
o-991401;2023-12-13 15:51:57;;229.08
o-991402;2023-12-13 18:02:00;;2985.51
o-991403;2023-12-13 19:42:11;;1236.44
o-991404;2023-12-13 23:00:34;;5302.73
o-991405;2023-12-14 08:48:52;;3030.34
o-991406;2023-12-14 11:01:23;;4155.27
o-991407;2023-12-14 12:20:52;;538.36
o-991408;2023-12-14 13:59:50;;6624.87
o-991409;2023-12-14 16:17:45;;716.5
o-991410;2023-12-14 17:53:36;;374.74
o-991411;2023-12-14 20:16:59;;1213.99
o-991412;2023-12-14 23:10:09;;10054.71
o-991413;2023-12-15 09:00:23;;3398.94
o-991414;2023-12-15 10:18:51;;2371.47
o-991415;2023-12-15 11:55:48;;956.29
o-991416;2023-12-15 14:09:41;;38.6
o-991417;2023-12-15 15:37:28;;1193.84
o-991418;2023-12-15 17:33:02;;363.51
o-991419;2023-12-15 19:24:09;;1392.14
o-991420;2023-12-15 22:24:30;;3063.93
o-991421;2023-12-16 17:09:56;;2243.77
o-991422;2023-12-17 16:56:48;;597.74
o-991423;2023-12-18 09:07:09;;1212.88
o-991424;2023-12-18 10:32:24;;105.83
o-991425;2023-12-18 12:22:54;;4227.01
o-991426;2023-12-18 14:03:53;;877.87
o-991427;2023-12-18 15:25:52;;1131.09
o-991428;2023-12-18 17:09:49;;2044.27
o-991429;2023-12-18 18:37:44;;3051.62
o-991430;2023-12-18 21:29:23;;1973.72
o-991431;2023-12-19 04:57:15;;1012.33
o-991432;2023-12-19 10:27:04;;2939.56
o-991433;2023-12-19 12:12:14;;2895.88
o-991434;2023-12-19 13:42:33;;2101.44
o-991435;2023-12-19 15:43:12;;5749.82
o-991436;2023-12-19 17:44:29;;559.65
o-991437;2023-12-19 19:49:39;;772.52
o-991438;2023-12-19 23:15:29;;1250.96
o-991439;2023-12-20 09:06:46;;262.69
o-991440;2023-12-20 10:31:38;;1951.28
o-991441;2023-12-20 12:21:21;;3174.86
o-991442;2023-12-20 14:00:48;;251.43
o-991443;2023-12-20 15:19:42;;2771.48
o-991444;2023-12-20 16:57:29;;3735.14
o-991445;2023-12-20 19:13:04;;2895.85
o-991446;2023-12-20 22:02:19;;1406.71
o-991447;2023-12-21 07:14:51;;538.36
o-991448;2023-12-21 09:58:25;;2970.93
o-991449;2023-12-21 12:14:56;;3186.07
o-991450;2023-12-21 13:47:58;;3243.19
o-991451;2023-12-21 15:54:01;;1403.39
o-991452;2023-12-21 18:06:08;;4439.92
o-991453;2023-12-21 19:54:35;;1380.98
o-991454;2023-12-21 23:25:21;;2444.32
o-991455;2023-12-22 09:18:37;;2551.86
o-991456;2023-12-22 10:55:19;;1454.93
o-991457;2023-12-22 13:08:44;;1079.53
o-991458;2023-12-22 14:35:34;;1544.5
o-991459;2023-12-22 16:29:13;;1012.33
o-991460;2023-12-22 18:16:32;;2713.23
o-991461;2023-12-22 20:25:47;;1404.49
o-991462;2023-12-22 23:35:39;;1179.26
o-991463;2023-12-23 22:12:49;;7594.13
o-991464;2023-12-24 21:39:31;;1135.54
o-991465;2023-12-25 09:30:28;;4283.02
o-991466;2023-12-25 11:19:01;;2738.99
o-991467;2023-12-25 12:56:08;;4855.64
o-991468;2023-12-25 15:10:22;;1231.89
o-991469;2023-12-25 16:38:49;;2973.2
o-991470;2023-12-25 18:35:44;;3288.0
o-991471;2023-12-25 21:23:23;;3074.03
o-991472;2023-12-26 04:21:14;;3257.79
o-991473;2023-12-26 09:47:27;;2563.07
o-991474;2023-12-26 11:53:00;;709.78
o-991475;2023-12-26 14:04:06;;3398.99
o-991476;2023-12-26 15:26:17;;3806.76
o-991477;2023-12-26 17:10:40;;2466.73
o-991478;2023-12-26 18:39:26;;2242.6
o-991479;2023-12-26 21:34:29;;788.24
o-991480;2023-12-27 05:27:50;;2538.4
o-991481;2023-12-27 10:00:43;;3701.54
o-991482;2023-12-27 11:19:32;;294.08
o-991483;2023-12-27 12:57:09;;638.05
o-991484;2023-12-27 15:12:24;;1525.52
o-991485;2023-12-27 16:42:54;;294.08
o-991486;2023-12-27 18:43:53;;586.5
o-991487;2023-12-27 21:47:50;;105.83
o-991488;2023-12-28 06:47:57;;2523.89
o-991489;2023-12-28 10:28:50;;1011.2
o-991490;2023-12-28 12:15:46;;6220.41
o-991491;2023-12-28 13:49:37;;1168.03
o-991492;2023-12-28 15:57:20;;889.07
o-991493;2023-12-28 18:12:46;;1617.34
o-991494;2023-12-28 20:14:29;;3207.38
o-991495;2023-12-28 23:05:09;;2271.78
o-991496;2023-12-29 08:54:22;;1605.07
o-991497;2023-12-29 11:09:39;;2619.08
o-991498;2023-12-29 12:37:24;;150.65
o-991499;2023-12-29 14:32:53;;385.92
o-991500;2023-12-29 16:23:52;;3257.8
o-991501;2023-12-29 18:05:50;;1068.3
o-991502;2023-12-29 19:53:41;;4295.38
o-991503;2023-12-29 23:23:33;;5529.04
o-991504;2023-12-30 21:36:32;;671.69
o-991505;2023-12-31 21:26:57;;4205.74
o-991506;2024-01-01 09:16:38;;150.65
o-991507;2024-01-01 10:51:21;;3016.87
o-991508;2024-01-01 13:00:48;;1572.54
o-991509;2024-01-01 14:19:41;;3787.75
o-991510;2024-01-01 15:57:28;;788.24
o-991511;2024-01-01 18:13:02;;4820.89
o-991512;2024-01-01 20:15:17;;485.64
o-991513;2024-01-01 23:06:45;;3319.4
o-991514;2024-01-02 08:56:18;;5604.17
o-991515;2024-01-02 11:12:32;;3677.95
o-991516;2024-01-02 12:43:10;;1044.83
o-991517;2024-01-02 14:44:25;;5776.71
o-991518;2024-01-02 16:46:56;;720.97
o-991519;2024-01-02 18:51:58;;3107.64
o-991520;2024-01-02 22:12:05;;1481.81
o-991521;2024-01-03 08:12:21;;933.85
o-991522;2024-01-03 10:06:37;;1581.53
o-991523;2024-01-03 11:31:20;;4204.63
o-991524;2024-01-03 13:20:46;;682.9
o-991525;2024-01-03 14:59:37;;6211.41
o-991526;2024-01-03 17:17:20;;6509.43
o-991527;2024-01-03 18:52:46;;94.63
o-991528;2024-01-03 22:14:29;;150.65
o-991529;2024-01-04 08:17:09;;1209.51
o-991530;2024-01-04 10:13:49;;2026.35
o-991531;2024-01-04 11:45:44;;1348.48
o-991532;2024-01-04 13:49:34;;251.47
o-991533;2024-01-04 15:57:13;;2040.94
o-991534;2024-01-04 18:12:32;;1006.67
o-991535;2024-01-04 20:13:47;;383.68
o-991536;2024-01-04 23:03:45;;3992.82
o-991537;2024-01-05 08:52:42;;3302.63
o-991538;2024-01-05 11:07:08;;2148.5
o-991539;2024-01-05 12:32:22;;7678.17
o-991540;2024-01-05 14:22:50;;4225.9
o-991541;2024-01-05 16:03:45;;862.15
o-991542;2024-01-05 17:25:36;;2072.3
o-991543;2024-01-05 19:09:18;;1236.44
o-991544;2024-01-05 21:54:47;;1438.1
o-991545;2024-01-06 15:11:38;;6792.98
o-991546;2024-01-07 15:00:13;;1217.37
o-991547;2024-01-08 06:55:22;;906.97
o-991548;2024-01-08 10:37:00;;3701.46
o-991549;2024-01-08 12:32:05;;4776.02
o-991550;2024-01-08 14:22:16;;1890.79
o-991551;2024-01-08 16:02:38;;2613.52
o-991552;2024-01-08 17:23:21;;978.69
o-991553;2024-01-08 19:04:48;;1393.28
o-991554;2024-01-08 21:45:47;;1258.81
o-991555;2024-01-09 06:35:39;;4611.39
o-991556;2024-01-09 10:15:18;;2847.68
o-991557;2024-01-09 11:48:42;;1169.18
o-991558;2024-01-09 13:55:29;;1459.36
o-991559;2024-01-09 16:09:04;;1001.12
o-991560;2024-01-09 17:36:14;;4463.44
o-991561;2024-01-09 19:30:33;;559.65
o-991562;2024-01-09 22:37:18;;1739.54
o-991563;2024-01-10 09:02:47;;5985.08
o-991564;2024-01-10 10:23:40;;329.92
o-991565;2024-01-10 12:05:25;;1326.05
o-991566;2024-01-10 13:28:56;;508.1
o-991567;2024-01-10 15:15:57;;3373.21
o-991568;2024-01-10 16:50:00;;863.28
o-991569;2024-01-10 18:58:06;;463.24
o-991570;2024-01-10 22:30:29;;8340.38
o-991571;2024-01-11 08:49:09;;7678.13
o-991572;2024-01-11 11:01:49;;1750.7
o-991573;2024-01-11 12:21:44;;3890.88
o-991574;2024-01-11 14:01:34;;2907.08
o-991575;2024-01-11 15:21:13;;1147.9
o-991576;2024-01-11 17:00:32;;1578.19
o-991577;2024-01-11 18:19:10;;866.6
o-991578;2024-01-11 20:33:41;;340.0
o-991579;2024-01-12 00:23:02;;195.45
o-991580;2024-01-12 09:25:26;;173.05
o-991581;2024-01-12 11:08:58;;251.46
o-991582;2024-01-12 12:36:01;;3119.97
o-991583;2024-01-12 14:30:08;;4957.6
o-991584;2024-01-12 16:18:22;;2951.89
o-991585;2024-01-12 17:54:49;;1417.93
o-991586;2024-01-12 20:20:39;;1101.94
o-991587;2024-01-12 23:17:29;;906.99
o-991588;2024-01-13 21:18:20;;1971.44
o-991589;2024-01-14 20:50:32;;3365.39
o-991590;2024-01-15 09:36:35;;1739.54
o-991591;2024-01-15 11:31:15;;105.83
o-991592;2024-01-15 13:20:36;;295.19
o-991593;2024-01-15 14:59:18;;821.82
o-991594;2024-01-15 17:16:41;;1124.31
o-991595;2024-01-15 18:51:28;;2322.14
o-991596;2024-01-15 22:10:35;;653.75
o-991597;2024-01-16 08:04:27;;2502.59
o-991598;2024-01-16 09:54:46;;2727.79
o-991599;2024-01-16 12:07:37;;1380.98
o-991600;2024-01-16 13:33:20;;2277.37
o-991601;2024-01-16 15:24:46;;6169.98
o-991602;2024-01-16 17:07:37;;2593.33
o-991603;2024-01-16 18:33:20;;3757.55
o-991604;2024-01-16 21:16:11;;642.54
o-991605;2024-01-17 03:38:03;;6054.59
o-991606;2024-01-17 09:59:57;;818.45
o-991607;2024-01-17 12:17:59;;1433.65
o-991608;2024-01-17 13:54:04;;1062.75
o-991609;2024-01-17 16:06:14;;1891.92
o-991610;2024-01-17 17:30:33;;4061.21
o-991611;2024-01-17 19:19:12;;1246.49
o-991612;2024-01-17 22:14:35;;684.01
o-991613;2024-01-18 08:17:21;;341.11
o-991614;2024-01-18 10:14:07;;4439.91
o-991615;2024-01-18 11:46:20;;716.5
o-991616;2024-01-18 13:50:46;;1089.58
o-991617;2024-01-18 15:59:37;;105.83
o-991618;2024-01-18 18:17:20;;706.41
o-991619;2024-01-18 20:28:11;;5189.57
o-991620;2024-01-18 23:50:03;;7465.21
o-991621;2024-01-19 09:48:15;;229.08
o-991622;2024-01-19 11:54:35;;5488.68
o-991623;2024-01-19 14:07:16;;2634.83
o-991624;2024-01-19 15:32:37;;3019.12
o-991625;2024-01-19 17:23:20;;967.49
o-991626;2024-01-19 19:04:46;;150.65
o-991627;2024-01-19 21:45:43;;608.93
o-991628;2024-01-20 14:17:14;;195.45
o-991629;2024-01-21 14:11:25;;3360.9
o-991630;2024-01-22 06:17:46;;2141.77
o-991631;2024-01-22 09:55:38;;419.52
o-991632;2024-01-22 12:09:22;;4383.91
o-991633;2024-01-22 13:36:50;;351.2
o-991634;2024-01-22 15:31:45;;341.1
o-991635;2024-01-22 17:21:36;;4585.57
o-991636;2024-01-22 19:01:18;;2732.29
o-991637;2024-01-22 21:38:47;;597.74
o-991638;2024-01-23 05:53:38;;2470.1
o-991639;2024-01-23 10:29:06;;2271.78
o-991640;2024-01-23 12:16:17;;2344.6
o-991641;2024-01-23 13:50:40;;7538.04
o-991642;2024-01-23 15:59:26;;3262.28
o-991643;2024-01-23 18:16:57;;2898.08
o-991644;2024-01-23 20:27:03;;3477.4
o-991645;2024-01-23 23:43:14;;206.65
o-991646;2024-01-24 09:40:04;;1426.89
o-991647;2024-01-24 11:38:14;;1071.72
o-991648;2024-01-24 13:34:33;;3260.03
o-991649;2024-01-24 15:27:12;;3114.38
o-991650;2024-01-24 17:12:30;;3523.29
o-991651;2024-01-24 18:43:05;;4032.03
o-991652;2024-01-24 21:45:26;;2769.26
o-991653;2024-01-25 06:33:33;;1992.76
o-991654;2024-01-25 10:13:00;;206.67
o-991655;2024-01-25 11:44:05;;2782.69
o-991656;2024-01-25 13:46:16;;408.31
o-991657;2024-01-25 15:50:38;;3689.17
o-991658;2024-01-25 17:59:21;;4004.03
o-991659;2024-01-25 20:34:15;;329.92
o-991660;2024-01-26 00:26:26;;929.39
o-991661;2024-01-26 09:29:10;;961.84
o-991662;2024-01-26 11:16:26;;229.09
o-991663;2024-01-26 12:50:57;;352.31
o-991664;2024-01-26 15:00:00;;4686.44
o-991665;2024-01-26 16:18:06;;5615.28
o-991666;2024-01-26 17:54:17;;8682.1
o-991667;2024-01-26 20:19:03;;728.8
o-991668;2024-01-26 23:14:17;;1294.67
o-991669;2024-01-27 21:08:44;;1909.85
o-991670;2024-01-28 20:31:20;;3309.35
o-991671;2024-01-29 09:15:28;;828.53
o-991672;2024-01-29 10:49:01;;1124.37
o-991673;2024-01-29 12:56:08;;1729.41
o-991674;2024-01-29 15:10:22;;261.58
o-991675;2024-01-29 16:38:49;;7173.98
o-991676;2024-01-29 18:35:44;;3286.9
o-991677;2024-01-29 21:23:23;;3167.04
o-991678;2024-01-30 04:21:15;;617.39
o-991679;2024-01-30 09:47:28;;107.24
o-991680;2024-01-30 11:53:01;;1458.17
o-991681;2024-01-30 14:04:08;;2838.62
o-991682;2024-01-30 15:26:22;;4807.65
o-991683;2024-01-30 17:10:49;;2955.68
o-991684;2024-01-30 18:39:44;;2612.54
o-991685;2024-01-30 21:35:23;;867.34
o-991686;2024-01-31 05:33:15;;545.83
o-991687;2024-01-31 10:06:40;;844.59
o-991688;2024-01-31 11:31:25;;3186.28
o-991689;2024-01-31 13:20:56;;1015.07
o-991690;2024-01-31 14:59:58;;2228.54
o-991691;2024-01-31 17:18:01;;2364.89
o-991692;2024-01-31 18:54:08;;5933.67
o-991693;2024-01-31 22:18:35;;424.21
o-991694;2024-02-01 08:25:21;;1503.62
o-991695;2024-02-01 10:26:08;;2753.43
o-991696;2024-02-01 12:10:21;;3274.98
o-991697;2024-02-01 13:38:48;;7440.24
o-991698;2024-02-01 15:35:41;;708.29
o-991699;2024-02-01 17:29:28;;1287.76
o-991700;2024-02-01 19:17:02;;4623.58
o-991701;2024-02-01 22:10:15;;2675.04
o-991702;2024-02-02 08:02:26;;693.52
o-991703;2024-02-02 09:51:45;;4964.49
o-991704;2024-02-02 12:01:36;;2456.86
o-991705;2024-02-02 13:21:17;;2979.58
o-991706;2024-02-02 15:00:40;;5581.4
o-991707;2024-02-02 16:19:26;;5036.05
o-991708;2024-02-02 17:56:57;;3079.54
o-991709;2024-02-02 20:27:03;;601.49
o-991710;2024-02-02 23:43:14;;333.31
o-991711;2024-02-03 22:35:35;;3985.06
o-991712;2024-02-04 22:25:02;;152.68
o-991713;2024-02-05 09:20:32;;715.09
o-991714;2024-02-05 10:59:10;;1059.39
o-991715;2024-02-05 13:16:25;;3105.68
o-991716;2024-02-05 14:50:56;;1389.99
o-991717;2024-02-05 16:59:57;;1475.24
o-991718;2024-02-05 19:18:00;;3814.68
o-991719;2024-02-05 22:12:11;;693.52
o-991720;2024-02-06 08:12:34;;787.81
o-991721;2024-02-06 10:06:56;;2663.68
o-991722;2024-02-06 11:31:58;;7215.29
o-991723;2024-02-06 13:22:02;;50.43
o-991724;2024-02-06 15:02:09;;607.13
o-991725;2024-02-06 16:22:24;;1117.31
o-991726;2024-02-06 18:02:53;;2845.5
o-991727;2024-02-06 19:44:51;;3753.28
o-991728;2024-02-06 23:05:53;;5068.99
o-991729;2024-02-07 08:55:15;;4329.36
o-991730;2024-02-07 11:10:58;;1234.34
o-991731;2024-02-07 12:40:02;;5907.56
o-991732;2024-02-07 14:38:09;;617.39
o-991733;2024-02-07 16:34:24;;1968.31
o-991734;2024-02-07 18:26:54;;4820.2
o-991735;2024-02-07 20:56:53;;625.33
o-991736;2024-02-08 02:42:14;;2309.21
o-991737;2024-02-08 09:58:33;;299.24
o-991738;2024-02-08 12:15:12;;2939.77
o-991739;2024-02-08 13:48:30;;448.08
o-991740;2024-02-08 15:55:05;;4293.01
o-991741;2024-02-08 18:08:16;;3840.81
o-991742;2024-02-08 20:00:59;;6536.97
o-991743;2024-02-08 22:38:09;;1185.49
o-991744;2024-02-09 09:04:30;;4554.28
o-991745;2024-02-09 10:27:05;;1546.83
o-991746;2024-02-09 12:12:16;;1367.3
o-991747;2024-02-09 13:42:38;;1651.33
o-991748;2024-02-09 15:43:21;;2161.52
o-991749;2024-02-09 17:44:48;;2364.87
o-991750;2024-02-09 19:50:35;;152.69
o-991751;2024-02-09 23:17:21;;1422.95
o-991752;2024-02-10 21:17:56;;2936.39
o-991753;2024-02-11 20:49:45;;3272.7
o-991754;2024-02-12 09:35:43;;3753.33
o-991755;2024-02-12 11:29:31;;425.35
o-991756;2024-02-12 13:17:08;;2773.9
o-991757;2024-02-12 14:52:22;;4898.6
o-991758;2024-02-12 17:02:49;;5887.11
o-991759;2024-02-12 18:23:44;;243.56
o-991760;2024-02-12 20:47:23;;1639.96
o-991761;2024-02-13 01:45:15;;958.26
o-991762;2024-02-13 09:55:52;;1071.84
o-991763;2024-02-13 12:09:49;;3974.89
o-991764;2024-02-13 13:37:44;;1968.35
o-991765;2024-02-13 15:33:34;;5809.8
o-991766;2024-02-13 17:25:13;;220.83
o-991767;2024-02-13 19:08:32;;3685.11
o-991768;2024-02-13 21:53:15;;1900.13
o-991769;2024-02-14 07:20:27;;2417.11
o-991770;2024-02-14 10:04:35;;7701.63
o-991771;2024-02-14 11:27:15;;980.93
o-991772;2024-02-14 13:12:36;;567.42
o-991773;2024-02-14 14:43:18;;1278.65
o-991774;2024-02-14 16:44:41;;3013.62
o-991775;2024-02-14 18:47:28;;2205.77
o-991776;2024-02-14 21:58:35;;220.85
o-991777;2024-02-15 07:52:27;;3927.16
o-991778;2024-02-15 10:39:47;;254.93
o-991779;2024-02-15 12:37:40;;750.31
o-991780;2024-02-15 14:33:25;;3740.8
o-991781;2024-02-15 16:24:56;;5064.47
o-991782;2024-02-15 18:07:58;;1210.49
o-991783;2024-02-15 20:00:05;;752.62
o-991784;2024-02-15 22:36:21;;6836.96
o-991785;2024-02-16 09:00:53;;1694.52
o-991786;2024-02-16 10:19:52;;912.83
o-991787;2024-02-16 11:57:50;;345.84
o-991788;2024-02-16 14:13:45;;3238.6
o-991789;2024-02-16 15:45:36;;1270.7
o-991790;2024-02-16 17:49:18;;3810.13
o-991791;2024-02-16 20:04:05;;107.24
o-991792;2024-02-16 22:44:21;;2879.57
o-991793;2024-02-17 19:09:03;;924.17
o-991794;2024-02-18 18:50:30;;2383.07
o-991795;2024-02-19 09:23:36;;3026.14
o-991796;2024-02-19 11:05:17;;3949.89
o-991797;2024-02-19 12:28:40;;1741.11
o-991798;2024-02-19 14:15:26;;715.09
o-991799;2024-02-19 15:48:57;;6741.52
o-991800;2024-02-19 17:56:00;;11166.99
o-991801;2024-02-19 20:24:11;;1547.95
o-991802;2024-02-19 23:26:03;;2237.57
o-991803;2024-02-20 09:19:26;;95.89
o-991804;2024-02-20 10:56:58;;3390.78
o-991805;2024-02-20 13:12:02;;945.78
o-991806;2024-02-20 14:42:09;;4195.29
o-991807;2024-02-20 16:42:24;;2606.88
o-991808;2024-02-20 18:42:54;;1253.69
o-991809;2024-02-20 21:44:53;;5564.43
o-991810;2024-02-21 06:30:14;;1707.04
o-991811;2024-02-21 10:09:21;;3209.05
o-991812;2024-02-21 11:36:48;;9986.5
o-991813;2024-02-21 13:31:42;;459.46
o-991814;2024-02-21 15:21:29;;2723.94
o-991815;2024-02-21 17:01:04;;773.06
o-991816;2024-02-21 18:20:13;;4457.73
o-991817;2024-02-21 20:36:51;;1513.87
o-991818;2024-02-22 00:42:02;;1344.56
o-991819;2024-02-22 09:46:20;;1763.81
o-991820;2024-02-22 11:50:46;;2595.53
o-991821;2024-02-22 13:59:37;;1605.86
o-991822;2024-02-22 16:17:20;;2672.79
o-991823;2024-02-22 17:52:46;;5943.85
o-991824;2024-02-22 20:14:29;;1820.64
o-991825;2024-02-22 23:05:09;;2186.48
o-991826;2024-02-23 08:54:22;;1854.73
o-991827;2024-02-23 11:09:39;;2001.31
o-991828;2024-02-23 12:37:23;;1310.49
o-991829;2024-02-23 14:32:52;;877.54
o-991830;2024-02-23 16:23:50;;4043.05
o-991831;2024-02-23 18:05:45;;3865.8
o-991832;2024-02-23 19:53:27;;3045.47
o-991833;2024-02-23 23:23:05;;3987.38
o-991834;2024-02-24 21:35:08;;2845.5
o-991835;2024-02-25 21:24:08;;368.54
o-991836;2024-02-26 09:13:32;;1060.52
o-991837;2024-02-26 10:45:10;;920.73
o-991838;2024-02-26 12:48:26;;4147.57
o-991839;2024-02-26 14:54:57;;3847.61
o-991840;2024-02-26 17:08:00;;254.92
o-991841;2024-02-26 18:34:06;;4744.05
o-991842;2024-02-26 21:18:29;;685.55
o-991843;2024-02-27 03:51:50;;1003.68
o-991844;2024-02-27 10:15:07;;606.05
o-991845;2024-02-27 11:48:20;;1344.56
o-991846;2024-02-27 13:54:45;;1270.71
o-991847;2024-02-27 16:07:36;;1877.45
o-991848;2024-02-27 17:33:18;;1117.33
o-991849;2024-02-27 19:24:41;;2652.32
o-991850;2024-02-27 22:25:33;;1908.13
o-991851;2024-02-28 08:39:18;;1411.58
o-991852;2024-02-28 10:47:02;;3273.83
o-991853;2024-02-28 12:52:10;;2857.97
o-991854;2024-02-28 15:02:26;;2992.07
o-991855;2024-02-28 16:22:57;;896.86
o-991856;2024-02-28 18:04:00;;3956.7
o-991857;2024-02-28 19:48:11;;3669.23
o-991858;2024-02-28 23:12:33;;7370.93
o-991859;2024-02-29 09:03:15;;808.29
o-991860;2024-02-29 10:24:36;;715.11
o-991861;2024-02-29 12:07:18;;277.64
o-991862;2024-02-29 13:32:41;;658.31
o-991863;2024-02-29 15:23:28;;2947.74
o-991864;2024-02-29 17:05:02;;1412.73
o-991865;2024-02-29 18:28:09;;681.03
o-991866;2024-02-29 21:00:38;;4185.06
o-991867;2024-03-01 02:04:45;;1838.82
o-991868;2024-03-01 09:17:19;;1622.93
o-991869;2024-03-01 10:52:44;;4240.76
o-991870;2024-03-01 13:03:33;;5321.25
o-991871;2024-03-01 14:25:12;;5708.65
o-991872;2024-03-01 16:08:29;;3285.16
o-991873;2024-03-01 17:35:04;;266.29
o-991874;2024-03-01 19:28:14;;4294.16
o-991875;2024-03-01 22:32:39;;2445.55
o-991876;2024-03-02 17:58:50;;107.24
o-991877;2024-03-03 18:34:37;;1161.62
o-991878;2024-03-04 09:04:31;;833.22
o-991879;2024-03-04 10:27:08;;3355.65
o-991880;2024-03-04 12:12:22;;1320.71
o-991881;2024-03-04 13:42:49;;4416.78
o-991882;2024-03-04 15:43:44;;628.76
o-991883;2024-03-04 17:45:34;;4466.86
o-991884;2024-03-04 19:52:53;;1400.26
o-991885;2024-03-04 23:21:57;;4558.88
o-991886;2024-03-05 09:14:32;;1577.49
o-991887;2024-03-05 10:47:10;;1945.61
o-991888;2024-03-05 12:52:25;;7790.19
o-991889;2024-03-05 15:02:56;;3160.2
o-991890;2024-03-05 16:23:57;;1594.49
o-991891;2024-03-05 18:06:00;;4951.99
o-991892;2024-03-05 19:54:11;;5098.56
o-991893;2024-03-05 23:24:34;;3499.96
o-991894;2024-03-06 09:17:40;;4752.04
o-991895;2024-03-06 10:53:25;;5685.95
o-991896;2024-03-06 13:04:56;;538.96
o-991897;2024-03-06 14:27:58;;2218.32
o-991898;2024-03-06 16:14:01;;1617.21
o-991899;2024-03-06 17:46:08;;2077.42
o-991900;2024-03-06 19:54:35;;2161.52
o-991901;2024-03-06 23:25:21;;3673.78
o-991902;2024-03-07 09:18:37;;1786.54
o-991903;2024-03-07 10:55:20;;186.78
o-991904;2024-03-07 13:08:45;;39.07
o-991905;2024-03-07 14:35:36;;2879.57
o-991906;2024-03-07 16:29:17;;1140.0
o-991907;2024-03-07 18:16:40;;3446.5
o-991908;2024-03-07 20:26:11;;828.72
o-991909;2024-03-07 23:38:03;;95.86
o-991910;2024-03-08 09:33:51;;2504.64
o-991911;2024-03-08 11:25:47;;289.01
o-991912;2024-03-08 13:09:40;;220.83
o-991913;2024-03-08 14:37:26;;1333.19
o-991914;2024-03-08 16:32:57;;2865.9
o-991915;2024-03-08 18:24:00;;731.0
o-991916;2024-03-08 20:48:11;;1117.33
o-991917;2024-03-09 09:15:54;;2815.96
o-991918;2024-03-10 09:01:35;;1891.06
o-991919;2024-03-11 00:58:06;;3457.89
o-991920;2024-03-11 10:04:00;;1752.42
o-991921;2024-03-11 11:26:06;;545.83
o-991922;2024-03-11 13:10:18;;1567.27
o-991923;2024-03-11 14:38:41;;3386.33
o-991924;2024-03-11 16:35:28;;504.87
o-991925;2024-03-11 18:29:01;;243.58
o-991926;2024-03-11 21:03:15;;4716.8
o-991927;2024-03-12 02:20:26;;5345.14
o-991928;2024-03-12 09:34:34;;890.1
o-991929;2024-03-12 11:27:14;;606.05
o-991930;2024-03-12 13:12:34;;2252.39
o-991931;2024-03-12 14:43:13;;4013.52
o-991932;2024-03-12 16:44:32;;957.09
o-991933;2024-03-12 18:47:10;;7611.77
o-991934;2024-03-12 21:57:41;;640.12
o-991935;2024-03-13 07:47:02;;7093.73
o-991936;2024-03-13 10:33:50;;2934.1
o-991937;2024-03-13 12:25:46;;1463.87
o-991938;2024-03-13 14:09:37;;3177.29
o-991939;2024-03-13 15:37:20;;1542.26
o-991940;2024-03-13 17:32:46;;4070.3
o-991941;2024-03-13 19:23:37;;3277.19
o-991942;2024-03-13 22:23:25;;356.05
o-991943;2024-03-14 08:35:02;;2592.12
o-991944;2024-03-14 10:40:38;;6623.32
o-991945;2024-03-14 12:39:22;;1299.12
o-991946;2024-03-14 14:36:50;;5883.62
o-991947;2024-03-14 16:31:45;;2610.32
o-991948;2024-03-14 18:21:36;;3887.34
o-991949;2024-03-14 20:40:59;;4074.87
o-991950;2024-03-15 01:06:51;;8375.32
o-991951;2024-03-15 09:13:37;;4012.37
o-991952;2024-03-15 10:45:20;;1543.39
o-991953;2024-03-15 12:48:46;;1537.72
o-991954;2024-03-15 14:55:37;;2504.64
o-991955;2024-03-15 17:09:20;;1003.72
o-991956;2024-03-15 18:36:46;;84.5
o-991957;2024-03-15 21:26:29;;95.89
o-991958;2024-03-16 12:21:50;;1900.13
o-991959;2024-03-17 12:20:37;;3864.61
o-991960;2024-03-18 04:36:10;;1316.16
o-991961;2024-03-18 10:03:53;;695.79
o-991962;2024-03-18 11:25:51;;164.04
o-991963;2024-03-18 13:09:48;;1480.92
o-991964;2024-03-18 14:37:41;;2947.74
o-991965;2024-03-18 16:33:28;;1338.87
o-991966;2024-03-18 18:25:02;;2606.88
o-991967;2024-03-18 20:51:17;;4070.3
o-991968;2024-03-19 02:08:38;;1253.69
o-991969;2024-03-19 09:21:36;;924.14
o-991970;2024-03-19 11:01:17;;2731.87
o-991971;2024-03-19 12:20:40;;232.23
o-991972;2024-03-19 13:59:26;;3169.3
o-991973;2024-03-19 16:16:57;;1026.44
o-991974;2024-03-19 17:52:00;;2558.05
o-991975;2024-03-19 20:12:11;;1412.73
o-991976;2024-03-19 23:00:34;;2843.21
o-991977;2024-03-20 08:48:52;;567.42
o-991978;2024-03-20 11:01:23;;753.73
o-991979;2024-03-20 12:20:52;;3816.92
o-991980;2024-03-20 13:59:50;;1340.04
o-991981;2024-03-20 16:17:45;;1158.18
o-991982;2024-03-20 17:53:36;;323.08
o-991983;2024-03-20 20:16:59;;1309.32
o-991984;2024-03-20 23:10:09;;1093.41
o-991985;2024-03-21 09:00:22;;3501.02
o-991986;2024-03-21 10:18:50;;2615.94
o-991987;2024-03-21 11:55:46;;6306.33
o-991988;2024-03-21 14:09:37;;6657.42
o-991989;2024-03-21 15:37:20;;3014.79
o-991990;2024-03-21 17:32:46;;2660.29
o-991991;2024-03-21 19:23:37;;3061.35
o-991992;2024-03-21 22:23:26;;1627.49
o-991993;2024-03-22 08:35:03;;425.33
o-991994;2024-03-22 10:40:40;;2786.38
o-991995;2024-03-22 12:39:26;;1480.92
o-991996;2024-03-22 14:36:57;;594.65
o-991997;2024-03-22 16:32:00;;606.05
o-991998;2024-03-22 18:22:06;;39.07
o-991999;2024-03-22 20:42:29;;640.12
o-992000;2024-03-23 06:16:03;;2502.33
