ocel_id;ocel_time;ocel_changed_field;Cargo ID;Num of trucks;Total pickup weight
Pcp1544;2024-04-29 21:00:00;;Cr1778;3;26167.4
Pcp1270;2024-05-01 04:00:00;;Cr1249;5;45320.4
Pcp1439;2024-05-01 23:22:09;;Cr454;7;60077.6
Pcp157;2024-05-03 00:00:00;;Cr1033;6;56907.3
Pcp1313;2024-05-03 23:42:46;;Cr1185;3;27275.7
Pcp217;2024-05-06 20:34:00;;Cr1853;4;32980.6
Pcp1661;2024-05-08 19:00:00;;Cr1563;7;63727.2
Pcp1555;2024-05-08 22:46:44;;Cr1885;7;59012.5
Pcp1803;2024-05-10 08:00:00;;Cr303;7;57211.5
Pcp1745;2024-05-11 22:30:40;;Cr497;4;33226.1
Pcp739;2024-05-12 06:38:12;;Cr1795;6;49020.3
Pcp378;2024-05-12 10:06:48;;Cr208;4;30226.7
Pcp1242;2024-05-15 06:43:12;;Cr1722;7;61212.0
Pcp1310;2024-05-17 10:34:48;;Cr301;5;45258.2
Pcp74;2024-05-17 19:05:25;;Cr870;7;63914.2
Pcp788;2024-05-18 07:44:51;;Cr1655;4;37223.8
Pcp500;2024-05-19 01:57:13;;Cr1065;6;50414.9
Pcp430;2024-05-20 20:38:51;;Cr1865;6;50086.9
Pcp15;2024-05-22 03:57:45;;Cr1669;5;42273.3
Pcp367;2024-05-22 05:30:27;;Cr470;7;59167.2
Pcp1029;2024-05-25 15:22:40;;Cr1126;4;34836.9
Pcp1718;2024-05-28 01:16:56;;Cr188;4;37380.1
Pcp1322;2024-05-28 08:10:30;;Cr349;6;52274.7
Pcp1704;2024-05-30 16:06:36;;Cr1830;7;58291.8
Pcp1229;2024-05-31 01:01:41;;Cr1250;5;45267.0
Pcp1275;2024-06-01 16:39:06;;Cr1209;6;52879.8
Pcp447;2024-06-01 20:36:12;;Cr1587;5;41857.0
Pcp538;2024-06-02 09:43:24;;Cr1350;7;62920.1
Pcp1161;2024-06-02 20:05:19;;Cr518;3;28321.7
Pcp159;2024-06-04 09:49:21;;Cr716;7;62635.8
Pcp67;2024-06-05 12:57:30;;Cr1246;5;41331.8
Pcp1099;2024-06-09 03:15:24;;Cr1144;5;41802.4
Pcp1138;2024-06-10 11:34:15;;Cr136;6;50545.7
Pcp94;2024-06-11 10:50:33;;Cr128;5;40809.8
Pcp374;2024-06-12 02:32:06;;Cr1214;5;44875.0
Pcp983;2024-06-12 03:57:00;;Cr989;7;59772.3
Pcp844;2024-06-15 01:42:53;;Cr708;5;44504.1
Pcp1477;2024-06-16 06:52:12;;Cr277;5;41413.2
Pcp1183;2024-06-17 07:23:12;;Cr1519;3;25882.9
Pcp714;2024-06-17 19:46:12;;Cr1829;3;28256.5
Pcp29;2024-06-22 05:23:44;;Cr375;5;46320.9
Pcp1122;2024-06-22 12:27:24;;Cr866;5;44640.9
Pcp1155;2024-06-23 20:37:45;;Cr264;5;46239.7
Pcp1391;2024-06-24 16:36:21;;Cr357;6;54712.3
Pcp1408;2024-06-25 07:27:28;;Cr1398;5;41434.8
Pcp744;2024-06-26 04:54:28;;Cr1203;6;54326.7
Pcp1814;2024-06-27 17:21:54;;Cr123;4;31939.4
Pcp582;2024-06-27 23:30:03;;Cr222;4;35446.1
Pcp1727;2024-06-29 01:15:44;;Cr1471;6;51954.5
Pcp164;2024-07-03 12:21:32;;Cr157;4;29467.2
Pcp458;2024-07-05 00:19:56;;Cr262;6;49947.2
Pcp1568;2024-07-05 08:44:30;;Cr1247;5;44245.4
Pcp1652;2024-07-05 13:19:36;;Cr515;5;41948.7
Pcp1588;2024-07-06 09:56:21;;Cr1167;5;43434.2
Pcp1251;2024-07-06 13:43:51;;Cr1140;7;62181.4
Pcp1938;2024-07-06 13:56:42;;Cr1759;6;49706.2
Pcp913;2024-07-07 15:07:08;;Cr536;6;53615.5
Pcp8;2024-07-07 16:42:36;;Cr600;7;58071.3
Pcp301;2024-07-08 22:32:06;;Cr1388;4;31357.2
Pcp1532;2024-07-12 01:02:02;;Cr565;7;64069.0
Pcp1188;2024-07-15 15:00:00;;Cr1576;6;54812.9
Pcp1304;2024-07-15 21:17:00;;Cr1251;5;44560.3
Pcp1014;2024-07-16 11:13:11;;Cr929;4;36516.0
Pcp173;2024-07-18 22:32:39;;Cr1487;4;34115.2
Pcp778;2024-07-19 11:48:09;;Cr1904;7;62279.2
Pcp792;2024-07-19 14:19:22;;Cr109;6;56480.8
Pcp1738;2024-07-20 19:02:15;;Cr8;6;55717.5
Pcp826;2024-07-21 11:33:54;;Cr1827;4;31031.7
Pcp1531;2024-07-22 06:21:20;;Cr1181;3;27150.8
Pcp1887;2024-07-22 10:48:47;;Cr22;6;53654.4
Pcp680;2024-07-24 18:18:30;;Cr878;4;32325.2
Pcp1874;2024-07-24 22:53:12;;Cr1701;6;49275.9
Pcp1416;2024-07-26 14:56:36;;Cr257;6;51804.3
Pcp1049;2024-07-27 04:17:59;;Cr47;7;64846.0
Pcp1031;2024-08-03 12:29:33;;Cr1193;6;55450.4
Pcp349;2024-08-03 12:47:20;;Cr1375;4;36401.8
Pcp940;2024-08-03 13:43:12;;Cr413;5;45592.2
Pcp1290;2024-08-06 07:52:50;;Cr1141;3;27628.1
Pcp449;2024-08-07 12:22:00;;Cr1978;5;47152.1
Pcp375;2024-08-08 16:34:55;;Cr973;5;41770.6
Pcp1952;2024-08-09 06:21:15;;Cr461;7;58028.7
Pcp901;2024-08-10 03:36:30;;Cr270;4;31147.4
Pcp1697;2024-08-11 11:47:30;;Cr1629;6;53817.3
Pcp1427;2024-08-11 23:24:12;;Cr88;7;57942.9
Pcp1066;2024-08-12 00:39:45;;Cr1922;5;39515.8
Pcp812;2024-08-13 03:20:18;;Cr1864;4;30281.8
Pcp1924;2024-08-13 10:14:24;;Cr73;4;36673.7
Pcp1928;2024-08-14 07:10:54;;Cr1318;6;50383.8
Pcp1234;2024-08-15 16:18:27;;Cr842;7;63730.6
Pcp1768;2024-08-15 22:27:18;;Cr734;6;49652.8
Pcp220;2024-08-16 12:48:50;;Cr1614;3;27906.6
Pcp1006;2024-08-21 20:48:48;;Cr1680;3;25443.7
Pcp1552;2024-08-22 19:17:41;;Cr1632;6;52287.6
Pcp1833;2024-08-26 12:02:21;;Cr130;4;33575.0
Pcp121;2024-08-26 21:34:46;;Cr386;5;43639.1
Pcp118;2024-08-27 05:32:24;;Cr915;6;49556.4
Pcp50;2024-08-28 01:14:13;;Cr693;4;33606.8
Pcp348;2024-08-29 13:05:52;;Cr684;7;60631.2
Pcp1077;2024-08-31 23:30:10;;Cr1818;6;56158.3
Pcp392;2024-09-01 06:41:40;;Cr480;7;57808.2
Pcp1390;2024-09-01 23:47:15;;Cr836;4;30930.4
Pcp802;2024-09-02 04:11:35;;Cr693;5;41887.1
Pcp534;2024-09-03 19:28:05;;Cr474;6;50921.0
Pcp1865;2024-09-04 03:02:55;;Cr1107;6;48061.4
Pcp995;2024-09-05 05:22:42;;Cr733;6;50030.8
Pcp1747;2024-09-06 02:22:30;;Cr788;6;56495.1
Pcp325;2024-09-06 19:25:03;;Cr1938;5;38315.9
Pcp1200;2024-09-07 13:56:24;;Cr1382;5;39669.0
Pcp1344;2024-09-07 23:41:10;;Cr115;5;46116.5
Pcp80;2024-09-08 05:31:21;;Cr472;7;63481.6
Pcp677;2024-09-08 10:45:54;;Cr302;7;60487.8
Pcp772;2024-09-11 08:50:11;;Cr664;4;34467.4
Pcp418;2024-09-14 01:59:15;;Cr879;4;33294.2
Pcp314;2024-09-19 23:26:20;;Cr1751;7;64863.3
Pcp1369;2024-09-20 02:12:00;;Cr1675;7;60062.1
Pcp296;2024-09-20 03:47:50;;Cr1852;6;47542.7
Pcp978;2024-09-21 21:34:35;;Cr919;3;27440.7
Pcp1537;2024-09-23 10:37:30;;Cr787;5;38977.0
Pcp1701;2024-09-23 15:10:30;;Cr1871;6;56369.7
Pcp1163;2024-09-24 21:39:04;;Cr309;4;30949.4
Pcp1676;2024-09-26 10:28:10;;Cr689;4;33924.2
Pcp76;2024-09-28 09:20:51;;Cr103;5;41931.5
Pcp728;2024-09-30 19:11:15;;Cr1873;6;50557.9
Pcp926;2024-09-30 20:06:54;;Cr1813;6;56825.8
Pcp791;2024-10-01 23:28:03;;Cr917;6;48838.0
Pcp195;2024-10-02 07:59:15;;Cr260;4;33811.8
Pcp577;2024-10-02 10:56:48;;Cr999;5;45545.6
Pcp1778;2024-10-06 10:28:50;;Cr1359;6;49341.2
Pcp1955;2024-10-07 02:07:48;;Cr1000;7;59309.7
Pcp1667;2024-10-08 09:12:14;;Cr1779;6;52496.0
Pcp445;2024-10-10 18:14:56;;Cr1872;7;63116.9
Pcp1301;2024-10-14 00:57:13;;Cr493;4;30069.0
Pcp206;2024-10-14 02:57:39;;Cr281;7;59793.8
Pcp53;2024-10-14 16:48:20;;Cr163;5;38841.1
Pcp196;2024-10-15 04:50:20;;Cr1455;6;51011.5
Pcp37;2024-10-16 07:46:48;;Cr1788;3;27764.6
Pcp773;2024-10-17 12:25:06;;Cr1964;4;31918.9
Pcp355;2024-10-18 01:45:36;;Cr1762;7;59417.6
Pcp506;2024-10-19 05:40:03;;Cr1723;4;30897.5
Pcp1946;2024-10-20 22:58:30;;Cr110;6;56481.5
Pcp1076;2024-10-23 15:07:12;;Cr498;6;51164.3
Pcp1362;2024-10-24 21:31:47;;Cr1912;7;61628.2
Pcp1035;2024-10-29 03:06:57;;Cr360;6;51385.9
Pcp1640;2024-10-29 11:19:54;;Cr759;5;44550.0
Pcp1562;2024-10-31 09:23:06;;Cr1970;3;26658.0
Pcp1268;2024-11-01 23:37:11;;Cr213;4;32024.0
Pcp1864;2024-11-02 04:37:03;;Cr756;5;38561.2
Pcp1065;2024-11-02 13:24:44;;Cr387;4;36505.0
Pcp1178;2024-11-03 23:00:00;;Cr1493;6;54737.4
Pcp269;2024-11-04 09:21:42;;Cr1807;5;43301.9
Pcp1787;2024-11-04 13:01:51;;Cr458;4;36941.2
Pcp595;2024-11-04 15:23:21;;Cr905;7;64071.5
Pcp1375;2024-11-06 00:07:28;;Cr382;4;36429.7
Pcp249;2024-11-07 15:41:52;;Cr1046;3;26498.7
Pcp881;2024-11-07 21:11:44;;Cr810;4;34462.8
Pcp403;2024-11-09 02:39:43;;Cr1272;3;26804.0
Pcp254;2024-11-09 17:30:18;;Cr533;7;58971.3
Pcp497;2024-11-10 02:58:42;;Cr154;7;60900.1
Pcp1960;2024-11-10 18:13:06;;Cr1286;6;56326.7
Pcp109;2024-11-10 23:21:36;;Cr1271;6;52782.1
Pcp1294;2024-11-11 14:03:30;;Cr466;4;28734.2
Pcp1646;2024-11-11 19:41:00;;Cr1892;4;37830.1
Pcp1639;2024-11-11 22:40:36;;Cr460;7;60090.5
Pcp1118;2024-11-12 05:42:08;;Cr1862;3;28451.3
Pcp869;2024-11-12 05:52:08;;Cr67;4;31442.1
Pcp833;2024-11-13 03:13:57;;Cr368;3;25459.8
Pcp1675;2024-11-16 20:24:32;;Cr567;7;58802.4
Pcp319;2024-11-19 05:07:55;;Cr821;6;48998.1
Pcp979;2024-11-19 10:42:43;;Cr787;3;26401.4
Pcp1232;2024-11-22 00:42:46;;Cr478;6;48364.0
Pcp1632;2024-11-25 18:32:40;;Cr1487;4;37682.0
Pcp650;2024-11-26 14:08:42;;Cr1280;5;47121.3
Pcp1709;2024-11-26 19:55:12;;Cr1308;7;58203.1
Pcp1663;2024-11-27 14:02:05;;Cr628;7;57449.5
Pcp691;2024-12-01 18:36:55;;Cr1110;4;35706.2
Pcp356;2024-12-02 08:16:30;;Cr1757;6;51097.6
Pcp1260;2024-12-03 01:32:00;;Cr363;7;64857.3
Pcp35;2024-12-03 10:53:54;;Cr1338;7;62539.2
Pcp1942;2024-12-04 04:40:48;;Cr1603;5;39779.9
Pcp711;2024-12-04 06:36:04;;Cr373;7;61398.6
Pcp1790;2024-12-04 15:30:52;;Cr69;7;63431.4
Pcp183;2024-12-04 21:58:08;;Cr1085;5;44352.3
Pcp1213;2024-12-05 23:02:40;;Cr1658;5;47407.8
Pcp1306;2024-12-07 10:52:12;;Cr651;3;27788.2
Pcp1520;2024-12-08 01:49:29;;Cr191;6;56740.5
Pcp1386;2024-12-08 06:01:39;;Cr1901;4;35139.7
Pcp386;2024-12-09 14:00:10;;Cr602;4;30692.8
Pcp371;2024-12-10 08:21:50;;Cr342;3;26605.5
Pcp160;2024-12-10 10:52:20;;Cr1139;3;26364.5
Pcp347;2024-12-10 14:29:32;;Cr1784;5;43326.6
Pcp1834;2024-12-11 17:29:04;;Cr1874;4;33732.3
Pcp1453;2024-12-14 09:38:07;;Cr1018;4;29911.6
Pcp472;2024-12-16 22:48:16;;Cr199;5;45277.1
Pcp1189;2024-12-17 17:57:00;;Cr1925;5;44684.1
Pcp19;2024-12-21 13:49:30;;Cr703;7;60463.0
Pcp1411;2024-12-23 06:25:24;;Cr897;4;37666.2
Pcp1184;2024-12-25 20:49:20;;Cr1513;6;47780.2
Pcp1349;2024-12-26 02:16:56;;Cr679;6;51700.1
Pcp1972;2024-12-28 18:48:27;;Cr667;5;38679.4
Pcp1957;2024-12-29 04:49:36;;Cr412;6;48703.7
Pcp1199;2024-12-30 08:20:30;;Cr515;4;35686.6
Pcp1524;2024-12-31 02:58:50;;Cr664;3;26611.7
Pcp1476;2024-12-31 21:14:50;;Cr277;4;29634.5
Pcp1971;2025-01-01 09:23:35;;Cr1108;6;51785.1
Pcp1054;2025-01-04 02:51:52;;Cr1135;7;64588.5
Pcp689;2025-01-04 04:58:40;;Cr822;4;29683.0
Pcp1348;2025-01-05 06:04:57;;Cr521;5;46136.5
Pcp753;2025-01-05 10:13:17;;Cr991;4;34106.2
Pcp1379;2025-01-05 22:59:24;;Cr808;7;58010.9
Pcp1023;2025-01-06 00:10:54;;Cr299;5;38743.9
Pcp1653;2025-01-10 12:58:28;;Cr852;7;59666.5
Pcp1428;2025-01-11 09:16:12;;Cr1800;5;40087.6
Pcp1906;2025-01-12 09:27:05;;Cr1960;6;48555.5
Pcp847;2025-01-14 00:17:04;;Cr568;4;33383.3
Pcp219;2025-01-16 07:09:00;;Cr1530;5;43529.3
Pcp1853;2025-01-16 14:26:06;;Cr491;6;55056.7
Pcp203;2025-01-16 18:30:27;;Cr25;6;54747.7
Pcp961;2025-01-17 09:34:57;;Cr765;6;55820.6
Pcp1909;2025-01-17 11:54:42;;Cr328;6;56872.2
Pcp271;2025-01-19 10:53:36;;Cr310;7;62871.1
Pcp1132;2025-01-20 22:48:09;;Cr980;4;35293.1
Pcp1144;2025-01-21 04:37:00;;Cr427;7;64905.2
Pcp1930;2025-01-22 23:59:15;;Cr1847;7;61200.7
Pcp508;2025-01-23 17:49:03;;Cr27;5;44620.1
Pcp1939;2025-01-25 00:48:27;;Cr874;5;43644.2
Pcp1925;2025-01-26 00:58:12;;Cr911;5;41303.4
Pcp96;2025-01-30 21:39:04;;Cr1175;4;34154.8
Pcp539;2025-01-31 18:37:00;;Cr669;3;26181.8
Pcp1325;2025-02-01 07:53:33;;Cr1305;6;53295.6
Pcp1707;2025-02-01 11:35:36;;Cr603;4;28609.8
Pcp1997;2025-02-06 15:00:00;;Cr1176;7;60080.6
Pcp1203;2025-02-08 15:00:00;;Cr542;6;52018.0
Pcp1512;2025-02-08 15:00:00;;Cr1814;4;36260.1
Pcp1633;2025-02-09 09:00:00;;Cr1731;4;35161.7
Pcp493;2025-02-14 11:00:00;;Cr243;5;41267.4
Pcp544;2025-02-15 11:00:00;;Cr1961;5;40629.3
Pcp693;2025-02-22 23:00:00;;Cr1651;4;33609.9
Pcp440;2025-02-23 00:00:00;;Cr668;5;40269.5
Pcp1528;2025-02-25 08:07:21;;Cr1072;5;38992.9
Pcp987;2025-02-25 11:07:51;;Cr1183;4;34656.1
Pcp1754;2025-02-26 06:49:00;;Cr81;4;36707.0
Pcp1080;2025-03-01 01:31:42;;Cr1587;4;29677.0
Pcp712;2025-03-04 01:12:59;;Cr1857;5;41434.4
Pcp573;2025-03-04 21:00:00;;Cr80;7;62084.3
Pcp143;2025-03-05 09:00:00;;Cr690;6;49281.3
Pcp1033;2025-03-06 21:06:10;;Cr1177;5;47061.9
Pcp1478;2025-03-10 01:09:15;;Cr1901;6;51017.9
Pcp340;2025-03-12 12:50:46;;Cr1922;7;64934.2
Pcp1892;2025-03-12 15:33:46;;Cr359;5;45870.4
Pcp1149;2025-03-14 10:00:00;;Cr1304;3;26674.9
Pcp1566;2025-03-14 18:11:52;;Cr1496;5;45354.3
Pcp957;2025-03-16 00:51:45;;Cr809;4;30961.3
Pcp147;2025-03-16 16:17:00;;Cr1147;4;32469.1
Pcp363;2025-03-16 19:21:09;;Cr618;6;56462.6
Pcp865;2025-03-18 17:22:51;;Cr1124;6;51233.6
Pcp1299;2025-03-18 20:15:00;;Cr570;6;53927.6
Pcp1038;2025-03-19 06:51:20;;Cr1263;5;42942.0
Pcp1791;2025-03-20 09:34:45;;Cr851;6;50455.8
Pcp427;2025-03-22 11:30:18;;Cr561;5;45084.1
Pcp1494;2025-03-23 18:37:57;;Cr97;6;51152.0
Pcp860;2025-03-25 16:52:36;;Cr898;3;28338.0
Pcp48;2025-03-29 02:18:38;;Cr1010;7;61887.7
Pcp654;2025-03-29 05:35:44;;Cr1291;4;31103.2
Pcp1058;2025-04-01 09:16:33;;Cr402;3;25502.1
Pcp1261;2025-04-03 07:00:00;;Cr12;6;52987.3
Pcp404;2025-04-05 10:43:48;;Cr875;3;26688.1
Pcp1227;2025-04-06 04:35:14;;Cr57;5;46298.9
Pcp1580;2025-04-06 05:33:53;;Cr1746;4;34972.7
Pcp186;2025-04-09 05:03:36;;Cr789;4;30696.0
Pcp575;2025-04-09 12:47:48;;Cr908;7;57963.5
Pcp866;2025-04-09 13:24:06;;Cr430;5;42401.8
Pcp1940;2025-04-10 18:00:00;;Cr1349;6;50674.9
Pcp1085;2025-04-11 09:13:19;;Cr564;5;38800.4
Pcp733;2025-04-13 05:16:36;;Cr14;4;32102.2
Pcp888;2025-04-15 09:41:48;;Cr1218;4;30638.1
Pcp1762;2025-04-17 03:53:27;;Cr541;6;55428.5
Pcp43;2025-04-17 19:31:42;;Cr1826;4;34179.9
Pcp1297;2025-04-17 22:50:30;;Cr1495;3;27169.8
Pcp1621;2025-04-18 12:58:14;;Cr725;5;47273.8
Pcp1056;2025-04-18 21:00:00;;Cr720;5;41445.6
Pcp1628;2025-04-20 02:59:24;;Cr1394;6;48957.9
Pcp272;2025-04-21 11:22:20;;Cr833;6;52122.3
Pcp1341;2025-04-22 18:19:00;;Cr526;7;57448.4
Pcp549;2025-04-23 20:15:55;;Cr261;5;42809.1
Pcp212;2025-04-25 03:51:18;;Cr131;5;46038.9
Pcp1336;2025-04-26 10:04:05;;Cr430;4;31592.8
Pcp238;2025-04-26 22:19:05;;Cr1973;4;36407.7
Pcp1837;2025-04-28 02:31:42;;Cr189;6;54884.1
Pcp925;2025-04-30 21:11:36;;Cr569;3;25550.4
Pcp1982;2025-05-02 04:40:00;;Cr493;7;64228.5
Pcp501;2025-05-03 02:35:12;;Cr1909;6;50518.7
Pcp130;2025-05-03 11:37:28;;Cr1407;7;61991.7
Pcp1471;2025-05-03 20:47:33;;Cr1940;6;51058.0
Pcp1996;2025-05-05 00:24:44;;Cr1819;5;47294.2
Pcp178;2025-05-05 19:05:25;;Cr1900;6;54761.0
Pcp22;2025-05-06 00:03:45;;Cr1886;4;33319.6
Pcp1381;2025-05-07 12:16:38;;Cr906;3;25364.9
Pcp1968;2025-05-09 01:43:12;;Cr385;6;48760.9
Pcp553;2025-05-09 20:28:00;;Cr1090;5;40604.6
Pcp586;2025-05-10 09:02:56;;Cr691;6;53058.2
Pcp290;2025-05-11 00:25:58;;Cr253;3;26374.2
Pcp1601;2025-05-11 17:38:50;;Cr317;4;35142.6
Pcp609;2025-05-12 07:11:12;;Cr377;5;38103.8
Pcp1212;2025-05-12 11:18:18;;Cr548;7;60771.5
Pcp276;2025-05-12 23:32:21;;Cr305;7;64795.5
Pcp955;2025-05-13 12:03:10;;Cr800;4;32474.9
Pcp537;2025-05-13 12:27:50;;Cr148;6;56426.7
Pcp405;2025-05-13 16:51:22;;Cr954;6;54485.9
Pcp1062;2025-05-14 01:42:47;;Cr306;6;49075.6
Pcp218;2025-05-14 07:48:56;;Cr1415;6;55235.0
Pcp564;2025-05-15 23:16:30;;Cr138;4;29756.7
Pcp1751;2025-05-15 23:26:15;;Cr501;7;60440.8
Pcp968;2025-05-19 01:39:40;;Cr333;4;34879.7
Pcp329;2025-05-20 10:37:21;;Cr1743;7;63006.1
Pcp24;2025-05-21 12:50:21;;Cr1157;4;31486.5
Pcp1556;2025-05-23 06:17:20;;Cr1117;5;41042.4
Pcp1429;2025-05-25 11:14:00;;Cr382;7;60376.1
Pcp1289;2025-05-26 09:42:20;;Cr442;3;26380.3
Pcp1110;2025-05-29 15:41:05;;Cr65;3;26286.3
Pcp1755;2025-05-29 19:37:07;;Cr1435;4;37374.9
Pcp927;2025-05-29 23:50:42;;Cr1794;4;29849.6
Pcp871;2025-05-30 16:01:19;;Cr1879;6;56040.0
Pcp507;2025-05-30 19:23:37;;Cr519;7;62521.9
Pcp169;2025-05-31 08:01:04;;Cr1754;5;47436.4
Pcp166;2025-06-01 15:13:12;;Cr93;7;60099.0
Pcp841;2025-06-03 07:39:29;;Cr689;7;58548.9
Pcp1496;2025-06-03 13:31:44;;Cr450;4;37315.4
Pcp976;2025-06-03 21:43:09;;Cr1247;6;49111.6
Pcp799;2025-06-04 16:58:12;;Cr933;6;50813.5
Pcp492;2025-06-05 17:44:19;;Cr1434;7;63500.1
Pcp417;2025-06-06 01:00:50;;Cr166;6;54926.0
Pcp936;2025-06-06 17:45:00;;Cr1504;7;59502.9
Pcp1572;2025-06-06 21:13:12;;Cr119;3;25048.2
Pcp265;2025-06-07 13:18:00;;Cr1969;4;36804.9
Pcp138;2025-06-07 20:01:39;;Cr1772;5;41165.0
Pcp198;2025-06-09 01:13:00;;Cr1888;6;52531.8
Pcp1274;2025-06-10 11:50:50;;Cr1264;4;31594.7
Pcp1461;2025-06-10 21:55:50;;Cr128;6;56372.9
Pcp1201;2025-06-12 12:43:40;;Cr343;4;29260.5
Pcp532;2025-06-14 03:15:18;;Cr1439;5;45052.2
Pcp1279;2025-06-15 00:44:13;;Cr1621;5;47030.6
Pcp1392;2025-06-20 09:08:08;;Cr1505;6;55829.2
Pcp1597;2025-06-20 20:38:33;;Cr599;7;58296.9
Pcp223;2025-06-21 07:57:36;;Cr574;4;32946.4
Pcp1191;2025-06-23 05:14:20;;Cr574;5;45342.5
Pcp105;2025-06-24 20:46:36;;Cr946;6;51808.9
Pcp921;2025-06-28 01:58:24;;Cr359;7;60579.7
Pcp1431;2025-06-29 14:25:50;;Cr291;4;33552.7
Pcp879;2025-06-30 19:36:36;;Cr1776;7;57698.4
Pcp1931;2025-07-01 15:03:32;;Cr1623;5;45990.4
Pcp617;2025-07-02 18:34:20;;Cr730;4;30146.7
Pcp1372;2025-07-03 23:34:57;;Cr1475;5;44591.1
Pcp1177;2025-07-04 02:35:20;;Cr1195;4;29588.8
Pcp698;2025-07-07 16:32:11;;Cr384;7;60318.1
Pcp838;2025-07-07 18:54:03;;Cr1165;7;57128.5
Pcp423;2025-07-10 08:13:04;;Cr152;4;31389.0
Pcp209;2025-07-12 20:46:40;;Cr374;7;64288.7
Pcp1109;2025-07-13 14:12:16;;Cr1573;7;58175.3
Pcp45;2025-07-15 12:04:24;;Cr1093;4;34291.4
Pcp88;2025-07-18 22:50:38;;Cr1879;7;60473.2
Pcp1788;2025-07-23 23:18:01;;Cr19;3;25777.8
Pcp36;2025-07-24 14:00:00;;Cr1203;7;63250.0
Pcp335;2025-07-24 16:00:00;;Cr1401;7;64366.4
Pcp480;2025-07-25 08:00:00;;Cr316;4;33517.9
Pcp257;2025-07-26 02:37:20;;Cr1195;5;41273.2
Pcp442;2025-07-26 02:45:11;;Cr1709;6;48001.8
Pcp1010;2025-07-28 00:23:25;;Cr1465;4;30611.7
Pcp1128;2025-07-30 07:00:15;;Cr1127;3;26029.7
Pcp1708;2025-07-31 06:03:25;;Cr973;4;33851.4
Pcp330;2025-07-31 11:02:48;;Cr1441;4;30441.3
Pcp1918;2025-08-01 18:11:20;;Cr287;4;35221.1
Pcp68;2025-08-02 05:23:12;;Cr858;6;54909.7
Pcp797;2025-08-03 00:01:20;;Cr806;6;55118.9
Pcp1218;2025-08-04 12:14:15;;Cr1187;7;58270.1
Pcp397;2025-08-05 19:35:30;;Cr633;4;32439.0
Pcp1402;2025-08-07 06:17:55;;Cr184;4;30082.9
Pcp1985;2025-08-09 14:16:44;;Cr1121;6;51937.8
Pcp1445;2025-08-10 16:47:09;;Cr438;5;41829.2
Pcp1481;2025-08-10 18:10:00;;Cr735;4;33633.7
Pcp662;2025-08-13 03:13:00;;Cr1777;7;63146.8
Pcp294;2025-08-13 08:40:36;;Cr1026;7;61160.3
Pcp376;2025-08-13 17:10:20;;Cr633;5;40494.6
Pcp1831;2025-08-14 05:06:27;;Cr425;3;25852.9
Pcp1257;2025-08-15 10:29:08;;Cr730;5;41244.1
Pcp281;2025-08-17 08:16:00;;Cr590;6;54061.7
Pcp476;2025-08-17 09:28:15;;Cr1609;7;64619.2
Pcp884;2025-08-21 17:42:45;;Cr308;7;64197.9
Pcp1119;2025-08-23 22:10:10;;Cr573;4;29999.1
Pcp984;2025-08-24 02:15:48;;Cr562;6;52856.3
Pcp666;2025-08-25 22:00:00;;Cr1522;7;61008.4
Pcp1217;2025-08-28 06:11:24;;Cr1239;6;47579.5
Pcp1847;2025-08-28 07:04:12;;Cr1682;7;63673.5
Pcp721;2025-08-29 22:00:00;;Cr1623;7;57742.2
Pcp825;2025-08-30 05:00:00;;Cr704;3;28049.7
Pcp1668;2025-09-01 14:45:45;;Cr1127;6;50765.7
Pcp1793;2025-09-02 13:02:10;;Cr397;7;59941.5
Pcp65;2025-09-02 17:06:25;;Cr84;5;41770.9
Pcp1941;2025-09-03 22:05:16;;Cr1693;6;52111.0
Pcp527;2025-09-04 08:49:12;;Cr1984;6;52674.1
Pcp918;2025-09-06 00:22:35;;Cr639;7;63772.9
Pcp191;2025-09-08 22:28:40;;Cr46;3;25588.9
Pcp51;2025-09-10 10:06:36;;Cr1153;6;48461.4
Pcp1414;2025-09-11 03:49:12;;Cr409;4;35500.8
Pcp656;2025-09-12 10:10:36;;Cr1866;6;48721.8
Pcp1856;2025-09-19 10:00:00;;Cr1007;4;35274.1
Pcp504;2025-09-19 14:00:00;;Cr629;4;34666.5
Pcp1828;2025-09-20 07:00:00;;Cr1153;5;44895.9
Pcp54;2025-09-26 07:00:00;;Cr1539;4;36214.5
Pcp803;2025-09-26 08:00:00;;Cr1508;5;44924.9
Pcp877;2025-09-26 22:00:00;;Cr1805;7;60022.2
Pcp279;2025-09-29 09:31:25;;Cr1099;4;31654.8
Pcp382;2025-09-29 14:53:55;;Cr1057;5;45914.7
Pcp1629;2025-09-30 03:26:30;;Cr208;6;49747.3
Pcp1086;2025-09-30 20:37:28;;Cr1591;7;61465.9
Pcp1815;2025-09-30 22:39:32;;Cr564;3;26791.8
Pcp1694;2025-10-01 16:07:51;;Cr119;6;56295.3
Pcp1586;2025-10-02 06:49:20;;Cr1776;6;51245.2
Pcp1295;2025-10-02 23:03:00;;Cr534;7;60756.0
Pcp727;2025-10-06 06:45:45;;Cr492;5;43464.2
Pcp81;2025-10-07 14:12:32;;Cr650;4;34809.8
Pcp1335;2025-10-09 01:18:36;;Cr1803;5;41063.1
Pcp193;2025-10-09 04:54:12;;Cr1020;5;46049.8
Pcp21;2025-10-09 07:34:30;;Cr18;6;49335.8
Pcp1377;2025-10-10 16:15:36;;Cr1670;4;29094.2
Pcp64;2025-10-12 00:30:27;;Cr380;5;41447.6
Pcp1098;2025-10-13 16:09:03;;Cr953;4;29919.6
Pcp882;2025-10-14 05:16:51;;Cr298;3;28049.9
Pcp1869;2025-10-14 09:09:30;;Cr356;4;37725.5
Pcp137;2025-10-15 07:03:15;;Cr290;5;41716.6
Pcp1679;2025-10-16 08:27:10;;Cr1301;6;49073.5
Pcp1651;2025-10-17 11:01:54;;Cr226;7;59410.2
Pcp1849;2025-10-19 12:24:13;;Cr1604;5;47097.4
Pcp1468;2025-10-20 13:56:03;;Cr114;4;31312.1
Pcp702;2025-10-20 17:55:03;;Cr1456;4;32656.2
Pcp1263;2025-10-21 01:07:45;;Cr204;4;32642.9
Pcp393;2025-10-21 17:42:30;;Cr1848;7;57335.2
Pcp907;2025-10-23 10:10:06;;Cr568;5;43014.7
Pcp634;2025-10-23 20:17:36;;Cr904;5;39328.5
Pcp1340;2025-10-24 23:04:57;;Cr560;4;32297.0
Pcp1559;2025-10-28 21:32:35;;Cr997;5;40684.4
Pcp1987;2025-10-28 22:23:06;;Cr641;7;63770.5
Pcp1366;2025-10-29 17:39:42;;Cr1536;4;29831.1
Pcp669;2025-10-30 01:28:06;;Cr1048;4;35891.7
Pcp52;2025-11-01 07:58:10;;Cr916;6;49855.3
Pcp1786;2025-11-03 14:10:32;;Cr1486;7;61746.6
Pcp530;2025-11-04 10:29:00;;Cr141;5;42115.1
Pcp91;2025-11-04 10:41:15;;Cr94;5;38952.7
Pcp578;2025-11-05 10:45:36;;Cr1008;4;34450.3
Pcp1215;2025-11-06 07:43:36;;Cr1582;6;49134.4
Pcp546;2025-11-07 00:10:40;;Cr1403;3;25649.1
Pcp1519;2025-11-07 13:48:48;;Cr709;7;63235.7
Pcp1126;2025-11-08 20:15:13;;Cr1170;6;49521.5
Pcp1664;2025-11-09 12:05:05;;Cr509;4;31985.7
Pcp631;2025-11-10 02:08:37;;Cr1787;4;30254.6
Pcp937;2025-11-11 13:08:40;;Cr453;5;46330.5
Pcp321;2025-11-11 22:56:36;;Cr1469;7;57845.4
Pcp1339;2025-11-12 18:42:45;;Cr1969;4;36227.8
Pcp1591;2025-11-13 22:17:28;;Cr1646;6;49465.3
Pcp1841;2025-11-13 23:58:24;;Cr33;6;52938.1
Pcp106;2025-11-14 22:47:44;;Cr1107;4;31620.4
Pcp1312;2025-11-15 18:30:35;;Cr879;5;42455.6
Pcp141;2025-11-18 07:12:00;;Cr1430;5;39056.1
Pcp1120;2025-11-18 16:16:50;;Cr582;3;26560.0
Pcp579;2025-11-19 21:04:12;;Cr609;4;29603.2
Pcp444;2025-11-20 03:29:12;;Cr813;4;30428.3
Pcp1700;2025-11-21 03:46:08;;Cr198;3;25985.8
Pcp1510;2025-11-22 02:56:40;;Cr1312;7;60696.1
Pcp1795;2025-11-22 15:57:10;;Cr906;5;43072.0
Pcp482;2025-11-23 13:05:10;;Cr838;4;32346.9
Pcp56;2025-11-24 02:29:40;;Cr994;5;43925.8
Pcp402;2025-11-25 18:23:08;;Cr1331;4;35268.4
Pcp754;2025-11-27 17:35:00;;Cr1407;7;59177.7
Pcp1087;2025-11-27 18:47:20;;Cr1211;4;30842.5
Pcp1634;2025-11-29 23:30:48;;Cr1581;5;38117.4
Pcp1216;2025-11-30 03:19:47;;Cr1725;4;31518.6
Pcp274;2025-12-02 03:29:50;;Cr977;5;47278.4
Pcp612;2025-12-02 09:42:48;;Cr1480;7;57964.5
Pcp1051;2025-12-05 02:34:00;;Cr1050;5;39357.8
Pcp596;2025-12-06 14:56:00;;Cr952;6;50264.0
Pcp592;2025-12-08 09:27:44;;Cr1086;5;38451.3
Pcp1654;2025-12-08 10:05:09;;Cr1443;7;61599.4
Pcp1020;2025-12-09 08:52:40;;Cr321;4;29911.8
Pcp20;2025-12-10 08:33:30;;Cr1322;3;26734.8
Pcp551;2025-12-11 09:08:56;;Cr1661;4;34784.2
Pcp808;2025-12-12 05:39:20;;Cr1441;4;34369.5
Pcp483;2025-12-13 20:04:11;;Cr241;6;54753.9
Pcp1250;2025-12-15 00:46:01;;Cr175;5;43485.7
Pcp708;2025-12-16 12:49:41;;Cr87;4;30406.2
Pcp1067;2025-12-17 21:02:07;;Cr1303;7;64767.6
Pcp503;2025-12-20 21:41:30;;Cr1133;5;40888.7
Pcp1503;2025-12-21 08:40:48;;Cr1693;7;63150.1
Pcp1070;2025-12-22 02:59:20;;Cr1924;6;53845.4
Pcp345;2025-12-25 03:16:30;;Cr818;5;41057.5
Pcp1509;2025-12-26 07:25:50;;Cr845;7;62710.1
Pcp248;2025-12-27 12:24:48;;Cr591;3;27873.8
Pcp1489;2025-12-27 12:31:38;;Cr70;6;47709.8
Pcp1608;2025-12-30 09:33:28;;Cr1720;4;31681.4
Pcp28;2025-12-30 22:05:52;;Cr483;5;38094.6
Pcp606;2025-12-31 05:44:48;;Cr1717;4;35362.7
Pcp821;2025-12-31 18:32:48;;Cr1598;5;45772.6
Pcp1737;2026-01-02 05:14:54;;Cr275;3;26899.7
Pcp1822;2026-01-02 12:03:27;;Cr724;6;53504.1
Pcp161;2026-01-03 05:36:35;;Cr935;7;58173.8
Pcp1103;2026-01-04 03:49:45;;Cr1334;7;60894.4
Pcp589;2026-01-08 16:37:09;;Cr510;6;49696.3
Pcp601;2026-01-09 09:00:00;;Cr145;6;50867.0
Pcp1659;2026-01-12 18:18:36;;Cr1051;5;39546.7
Pcp1904;2026-01-12 19:05:21;;Cr1331;4;30793.6
Pcp1008;2026-01-13 18:25:06;;Cr812;5;45564.3
Pcp1934;2026-01-13 23:00:00;;Cr576;6;56584.9
Pcp679;2026-01-14 21:45:38;;Cr1631;7;61527.9
Pcp1321;2026-01-15 00:50:12;;Cr1588;7;63225.2
Pcp750;2026-01-15 20:17:27;;Cr3;6;50751.9
Pcp1863;2026-01-18 04:52:40;;Cr1241;6;56691.1
Pcp332;2026-01-18 14:55:50;;Cr247;7;57310.8
Pcp1102;2026-01-21 09:43:40;;Cr1447;3;28333.4
Pcp1137;2026-01-21 18:00:27;;Cr60;6;48422.3
Pcp126;2026-01-22 11:39:00;;Cr705;4;28933.5
Pcp664;2026-01-23 06:49:44;;Cr1931;4;36905.8
Pcp583;2026-01-28 19:38:36;;Cr1905;4;36637.1
Pcp819;2026-01-29 23:00:00;;Cr970;6;52589.8
Pcp1192;2026-02-01 06:15:58;;Cr402;6;51471.4
Pcp1944;2026-02-02 12:00:00;;Cr422;5;46787.1
Pcp1108;2026-02-04 02:28:54;;Cr496;6;50108.6
Pcp1880;2026-02-04 08:15:12;;Cr1383;6;53042.2
Pcp1845;2026-02-05 16:33:45;;Cr1238;6;47961.6
Pcp1052;2026-02-08 06:15:00;;Cr1948;5;44607.1
Pcp934;2026-02-08 12:03:12;;Cr312;3;26346.2
Pcp942;2026-02-09 04:29:51;;Cr512;6;49782.1
Pcp1447;2026-02-09 11:24:26;;Cr1184;5;44245.8
Pcp1557;2026-02-12 09:41:25;;Cr794;4;31162.2
Pcp724;2026-02-14 05:48:56;;Cr1863;4;34819.7
Pcp769;2026-02-15 00:40:55;;Cr1424;3;27203.1
Pcp1355;2026-02-16 20:45:35;;Cr278;3;26826.7
Pcp717;2026-02-17 17:29:28;;Cr499;4;35365.8
Pcp994;2026-02-18 00:36:33;;Cr1283;4;33166.1
Pcp1342;2026-02-21 10:23:04;;Cr553;4;31217.7
Pcp122;2026-02-21 19:39:45;;Cr1664;7;59083.2
Pcp674;2026-02-22 05:00:00;;Cr1073;3;25945.0
Pcp1146;2026-02-25 21:21:36;;Cr1494;3;26925.2
Pcp1351;2026-02-26 02:45:59;;Cr1397;7;62291.3
Pcp1936;2026-03-06 17:00:00;;Cr1146;6;55292.3
Pcp131;2026-03-07 12:00:00;;Cr75;6;53922.7
Pcp1838;2026-03-07 18:00:00;;Cr969;7;57958.8
Pcp144;2026-03-07 18:00:00;;Cr1174;5;43514.8
Pcp746;2026-03-12 08:46:12;;Cr252;7;61962.7
Pcp446;2026-03-12 10:10:40;;Cr1141;4;34890.9
Pcp100;2026-03-13 15:00:00;;Cr171;3;26238.3
Pcp1499;2026-03-14 15:14:45;;Cr1790;6;56759.9
Pcp554;2026-03-15 17:33:18;;Cr235;4;29315.3
Pcp1210;2026-03-16 05:29:10;;Cr1934;3;25926.4
Pcp1230;2026-03-16 13:21:57;;Cr1180;6;52566.7
Pcp1678;2026-03-17 06:04:00;;Cr962;4;33142.0
Pcp443;2026-03-18 14:21:03;;Cr1390;5;45941.9
Pcp1308;2026-03-20 10:42:12;;Cr670;4;31862.1
Pcp475;2026-03-20 23:11:16;;Cr1391;4;36509.5
Pcp1373;2026-03-22 09:29:22;;Cr704;7;62506.1
Pcp287;2026-03-22 10:34:46;;Cr1024;4;30485.3
Pcp86;2026-03-23 02:03:14;;Cr592;4;34175.0
Pcp1359;2026-03-23 21:48:16;;Cr1918;5;41065.5
Pcp989;2026-03-25 17:35:20;;Cr240;6;55468.7
Pcp339;2026-03-26 04:28:45;;Cr12;7;58945.7
Pcp148;2026-03-26 04:51:40;;Cr1878;4;31112.5
Pcp974;2026-03-27 17:37:57;;Cr1729;7;58696.6
Pcp1619;2026-03-28 08:58:40;;Cr1116;6;47996.3
Pcp1464;2026-03-29 21:13:18;;Cr162;3;25930.1
Pcp275;2026-03-30 01:43:00;;Cr907;6;56938.2
Pcp917;2026-04-03 06:06:32;;Cr672;6;52251.3
Pcp1522;2026-04-05 06:31:44;;Cr152;6;53900.3
Pcp1089;2026-04-06 12:10:24;;Cr1990;4;35321.5
Pcp489;2026-04-08 06:24:30;;Cr366;7;63789.3
Pcp646;2026-04-09 16:00:00;;Cr445;6;53573.1
Pcp1614;2026-04-10 11:14:00;;Cr834;3;28248.9
Pcp1174;2026-04-10 11:56:04;;Cr1499;5;46133.1
Pcp46;2026-04-10 13:33:26;;Cr184;7;63521.4
Pcp1530;2026-04-11 13:31:13;;Cr1633;7;62131.5
Pcp408;2026-04-14 01:23:02;;Cr724;7;59097.7
Pcp933;2026-04-14 09:41:42;;Cr60;7;57981.6
Pcp958;2026-04-15 13:11:23;;Cr1586;4;36505.5
Pcp1584;2026-04-15 21:16:05;;Cr440;4;33957.7
Pcp421;2026-04-16 12:49:05;;Cr1054;6;55650.6
Pcp229;2026-04-16 21:08:33;;Cr1531;5;38776.5
Pcp1287;2026-04-20 07:35:39;;Cr1336;5;41577.3
Pcp1072;2026-04-20 13:52:31;;Cr15;5;40283.6
Pcp26;2026-04-21 13:26:06;;Cr404;6;48508.3
Pcp1617;2026-04-24 02:59:24;;Cr1501;4;32253.4
Pcp260;2026-04-25 22:20:54;;Cr843;5;46223.9
Pcp670;2026-04-26 05:54:00;;Cr1221;7;57141.3
Pcp594;2026-04-29 03:25:04;;Cr1795;6;53062.9
Pcp1448;2026-04-30 01:27:00;;Cr770;5;38930.8
Pcp222;2026-04-30 06:55:02;;Cr1669;6;49536.7
Pcp167;2026-05-01 01:45:06;;Cr976;4;34141.1
Pcp709;2026-05-01 06:25:26;;Cr899;4;35274.4
Pcp735;2026-05-03 04:35:12;;Cr1063;6;53066.7
Pcp1817;2026-05-04 15:08:56;;Cr896;6;49216.9
Pcp1961;2026-05-04 22:14:48;;Cr1855;3;25316.2
Pcp298;2026-05-07 09:55:15;;Cr732;5;43376.9
Pcp1280;2026-05-07 13:01:15;;Cr1217;4;29632.8
Pcp1457;2026-05-10 04:54:08;;Cr853;5;46778.9
Pcp1079;2026-05-11 05:27:00;;Cr613;7;64185.0
Pcp1237;2026-05-11 10:36:44;;Cr200;7;62117.0
Pcp1792;2026-05-13 00:56:00;;Cr1677;5;38916.9
Pcp1267;2026-05-13 19:35:15;;Cr1069;5;39291.4
Pcp1665;2026-05-13 23:41:55;;Cr1742;4;34146.7
Pcp1271;2026-05-15 14:45:55;;Cr1869;7;59009.9
Pcp859;2026-05-15 14:52:15;;Cr658;6;54991.9
Pcp1618;2026-05-16 20:11:18;;Cr1282;4;36828.2
Pcp776;2026-05-18 11:53:43;;Cr395;4;33093.3
Pcp1181;2026-05-18 13:27:50;;Cr449;3;27368.8
Pcp1240;2026-05-18 19:34:31;;Cr253;3;26615.6
Pcp645;2026-05-19 21:32:42;;Cr1704;3;25038.7
Pcp366;2026-05-20 07:28:05;;Cr609;5;43291.6
Pcp1758;2026-05-20 19:30:45;;Cr1958;7;62559.4
Pcp214;2026-05-21 00:00:15;;Cr329;3;26946.8
Pcp1919;2026-05-22 08:24:25;;Cr1691;7;60412.5
Pcp286;2026-05-23 03:08:42;;Cr1792;4;36599.8
Pcp1116;2026-05-23 10:07:43;;Cr1874;5;38504.9
Pcp1180;2026-05-26 10:21:27;;Cr1113;5;43357.4
Pcp1220;2026-05-30 03:26:04;;Cr1366;7;64827.3
Pcp519;2026-05-30 23:23:22;;Cr316;7;62618.0
Pcp360;2026-06-02 16:07:15;;Cr1829;4;29578.4
Pcp1561;2026-06-05 08:00:00;;Cr758;7;62989.7
Pcp1802;2026-06-06 20:00:00;;Cr280;7;59052.7
Pcp1721;2026-06-07 13:38:54;;Cr254;6;51992.9
Pcp516;2026-06-07 18:53:18;;Cr242;7;64770.6
Pcp1329;2026-06-09 13:12:56;;Cr840;3;28445.7
Pcp1249;2026-06-11 23:13:30;;Cr1288;5;41117.7
Pcp1736;2026-06-12 09:44:25;;Cr1145;4;32158.4
Pcp526;2026-06-12 19:05:36;;Cr778;6;55207.8
Pcp1991;2026-06-13 11:22:40;;Cr886;7;63799.3
Pcp1688;2026-06-14 00:25:44;;Cr930;7;58748.4
Pcp620;2026-06-14 22:49:15;;Cr413;3;27307.6
Pcp1490;2026-06-15 08:36:15;;Cr928;4;31580.4
Pcp548;2026-06-19 09:46:20;;Cr674;4;28843.3
Pcp1889;2026-06-19 16:03:08;;Cr1424;3;26517.1
Pcp741;2026-06-20 03:16:48;;Cr1809;4;31997.4
Pcp658;2026-06-21 22:15:46;;Cr1246;6;51371.2
Pcp1150;2026-06-21 23:56:34;;Cr1046;5;45690.2
Pcp1923;2026-06-22 22:10:52;;Cr984;5;44147.5
Pcp1480;2026-06-23 05:01:56;;Cr9;5;39885.7
Pcp941;2026-06-23 05:35:32;;Cr920;6;49740.0
Pcp1272;2026-06-25 09:09:44;;Cr717;7;57521.6
Pcp1303;2026-06-27 04:25:50;;Cr677;6;55644.9
Pcp484;2026-06-30 01:06:30;;Cr667;4;34156.4
Pcp765;2026-06-30 12:10:50;;Cr825;5;47304.5
Pcp1239;2026-07-01 11:40:17;;Cr1114;6;48530.6
Pcp1840;2026-07-03 21:22:03;;Cr504;5;41905.0
Pcp1197;2026-07-04 01:39:15;;Cr737;4;31356.9
Pcp675;2026-07-06 00:27:00;;Cr322;4;29968.1
Pcp293;2026-07-07 08:13:24;;Cr630;5;46147.6
Pcp801;2026-07-09 21:27:00;;Cr1531;5;45617.0
Pcp1424;2026-07-09 21:50:14;;Cr1348;7;59339.3
Pcp1819;2026-07-10 09:42:45;;Cr660;5;43221.9
Pcp851;2026-07-11 10:00:00;;Cr1897;4;30525.5
Pcp1779;2026-07-11 20:00:00;;Cr1917;6;49342.0
Pcp467;2026-07-19 16:00:00;;Cr711;5;44362.3
Pcp794;2026-07-21 10:00:00;;Cr1719;7;59508.9
Pcp849;2026-07-24 09:17:07;;Cr1440;6;52864.0
Pcp1262;2026-07-24 09:22:29;;Cr1164;6;55874.3
Pcp1656;2026-07-24 11:16:57;;Cr566;6;52691.9
Pcp1912;2026-07-25 01:28:20;;Cr1919;4;29120.3
Pcp190;2026-07-25 19:00:00;;Cr1740;6;52341.2
Pcp1198;2026-07-26 08:00:00;;Cr1198;7;62694.1
Pcp199;2026-07-26 15:05:20;;Cr1974;5;43928.3
Pcp1730;2026-07-27 23:18:58;;Cr452;6;47589.1
Pcp1487;2026-07-28 05:29:02;;Cr1232;3;26831.5
Pcp1041;2026-07-28 16:13:04;;Cr293;6;54659.2
Pcp1330;2026-07-29 20:24:50;;Cr1454;7;62896.4
Pcp353;2026-07-30 19:07:40;;Cr1351;7;59051.7
Pcp1598;2026-08-02 08:42:57;;Cr411;4;31655.6
Pcp92;2026-08-02 13:32:25;;Cr816;5;45920.6
Pcp485;2026-08-05 06:20:29;;Cr1083;6;53064.1
Pcp365;2026-08-06 15:47:36;;Cr1918;4;32991.6
Pcp795;2026-08-06 16:05:36;;Cr764;4;36721.9
Pcp1599;2026-08-09 07:32:50;;Cr1056;3;26593.4
Pcp1441;2026-08-10 17:40:30;;Cr331;5;38652.9
Pcp1084;2026-08-11 10:48:44;;Cr212;6;54843.5
Pcp233;2026-08-14 09:15:42;;Cr571;5;41956.0
Pcp528;2026-08-14 11:38:54;;Cr862;4;30472.5
Pcp1872;2026-08-17 21:18:35;;Cr340;4;36745.5
Pcp1990;2026-08-18 01:37:14;;Cr140;3;28289.4
Pcp1710;2026-08-18 05:12:25;;Cr23;6;54143.2
Pcp1214;2026-08-20 20:24:16;;Cr1240;5;41110.1
Pcp1526;2026-08-22 13:19:25;;Cr1320;4;34843.4
Pcp1479;2026-08-23 00:41:54;;Cr103;4;36693.8
Pcp663;2026-08-23 19:21:42;;Cr111;5;38762.9
Pcp435;2026-08-25 13:35:52;;Cr1510;6;56051.0
Pcp346;2026-08-26 19:11:26;;Cr584;4;34909.4
Pcp1061;2026-08-29 13:12:34;;Cr681;4;35714.0
Pcp334;2026-08-29 13:27:46;;Cr233;7;62638.6
Pcp424;2026-08-29 20:13:48;;Cr1150;4;30325.2
Pcp456;2026-08-30 08:00:00;;Cr1618;6;54883.6
Pcp407;2026-08-30 20:00:00;;Cr1652;4;31232.2
Pcp1876;2026-08-30 23:00:00;;Cr1030;4;31970.9
Pcp618;2026-08-31 22:16:27;;Cr1080;7;60237.8
Pcp536;2026-09-01 05:30:00;;Cr1525;7;58152.4
Pcp1007;2026-09-01 10:41:00;;Cr511;3;26173.4
Pcp1886;2026-09-06 05:55:21;;Cr1491;4;33174.0
Pcp478;2026-09-06 14:09:27;;Cr1360;4;31946.7
Pcp241;2026-09-06 23:21:36;;Cr249;5;44509.0
Pcp9;2026-09-07 19:12:20;;Cr479;6;53293.6
Pcp1726;2026-09-09 15:41:24;;Cr1899;5;43865.5
Pcp170;2026-09-10 00:26:05;;Cr1372;6;54939.4
Pcp972;2026-09-10 18:54:10;;Cr32;6;56632.0
Pcp162;2026-09-12 16:10:30;;Cr773;6;53274.5
Pcp572;2026-09-12 16:53:30;;Cr1928;4;34092.8
Pcp1256;2026-09-12 19:19:24;;Cr1748;5;44169.1
Pcp1;2026-09-12 23:51:24;;Cr942;7;62840.0
Pcp1859;2026-09-13 10:02:16;;Cr629;3;28352.9
Pcp952;2026-09-15 09:27:27;;Cr682;4;30237.6
Pcp1527;2026-09-16 19:24:27;;Cr1875;7;62515.2
Pcp1148;2026-09-17 10:38:33;;Cr239;5;38888.2
Pcp185;2026-09-18 02:56:10;;Cr1384;3;27569.6
Pcp1101;2026-09-18 06:08:30;;Cr1265;5;41091.1
Pcp1723;2026-09-18 07:49:40;;Cr1449;5;39946.9
Pcp1595;2026-09-20 11:38:33;;Cr1076;4;31089.8
Pcp1185;2026-09-21 07:33:10;;Cr153;4;34666.6
Pcp1156;2026-09-21 13:59:00;;Cr1151;5;45356.1
Pcp1057;2026-09-22 04:13:33;;Cr1308;6;49301.5
Pcp1920;2026-09-24 19:01:24;;Cr1520;5;44900.8
Pcp1989;2026-09-24 22:37:18;;Cr1861;7;61409.5
Pcp1538;2026-09-26 14:43:53;;Cr951;5;42826.1
Pcp699;2026-09-27 04:34:00;;Cr670;6;56428.8
Pcp270;2026-09-27 06:39:10;;Cr1806;6;48019.2
Pcp234;2026-09-27 19:26:32;;Cr332;5;41143.9
Pcp988;2026-09-28 13:54:24;;Cr1833;4;31847.5
Pcp1221;2026-09-28 16:59:12;;Cr1447;4;31116.4
Pcp1564;2026-09-30 13:52:15;;Cr329;7;62020.3
Pcp1465;2026-10-02 09:15:29;;Cr1828;4;31593.1
Pcp172;2026-10-04 23:38:15;;Cr235;4;32814.8
Pcp98;2026-10-06 08:53:06;;Cr1404;7;59738.5
Pcp541;2026-10-06 12:02:44;;Cr521;5;40500.4
Pcp895;2026-10-07 20:01:24;;Cr584;7;63033.5
Pcp1777;2026-10-08 17:38:16;;Cr745;6;54359.3
Pcp610;2026-10-09 22:33:00;;Cr20;5;43132.5
Pcp1100;2026-10-13 16:35:44;;Cr537;6;52182.6
Pcp641;2026-10-15 16:32:48;;Cr685;3;26308.1
Pcp1631;2026-10-16 14:25:42;;Cr1003;3;26623.7
Pcp1752;2026-10-18 08:54:50;;Cr31;7;58529.6
Pcp1959;2026-10-18 19:38:39;;Cr1738;4;32534.4
Pcp1004;2026-10-19 08:37:21;;Cr1074;6;54360.4
Pcp307;2026-10-23 17:24:59;;Cr1001;4;36315.3
Pcp1486;2026-10-25 12:00:00;;Cr4;6;53597.9
Pcp1760;2026-10-26 21:00:00;;Cr932;5;46731.2
Pcp857;2026-10-28 02:24:52;;Cr1392;6;49462.4
Pcp2;2026-10-29 01:40:34;;Cr1877;7;64750.8
Pcp1910;2026-10-29 12:05:38;;Cr1379;4;34495.1
Pcp103;2026-10-31 16:23:32;;Cr1138;6;52498.2
Pcp1579;2026-11-06 12:00:00;;Cr1485;6;55501.2
Pcp102;2026-11-07 18:00:00;;Cr1744;4;32105.2
Pcp1846;2026-11-09 16:25:16;;Cr1840;5;41776.5
Pcp240;2026-11-11 10:00:00;;Cr292;4;36986.8
Pcp58;2026-11-12 05:25:44;;Cr700;4;32875.9
Pcp1848;2026-11-13 02:33:40;;Cr1753;7;61248.7
Pcp1807;2026-11-13 21:14:32;;Cr1044;6;50465.5
Pcp179;2026-11-14 21:35:11;;Cr1518;5;41521.9
Pcp798;2026-11-17 12:39:00;;Cr1090;4;32834.9
Pcp807;2026-11-19 04:33:04;;Cr415;5;41641.2
Pcp1193;2026-11-22 08:38:21;;Cr1765;4;34484.4
Pcp642;2026-11-23 12:00:00;;Cr972;4;31570.0
Pcp1905;2026-11-24 00:00:00;;Cr1417;4;28882.9
Pcp1107;2026-11-25 07:40:08;;Cr156;7;58434.0
Pcp462;2026-11-25 08:26:03;;Cr1328;4;30535.0
Pcp855;2026-11-27 03:00:00;;Cr1484;6;51017.0
Pcp870;2026-11-27 17:12:15;;Cr423;7;57316.1
Pcp259;2026-11-28 10:20:39;;Cr1076;4;36699.6
Pcp1112;2026-12-01 15:20:34;;Cr960;7;57024.0
Pcp1113;2026-12-05 11:00:00;;Cr1205;5;44390.7
Pcp563;2026-12-06 09:00:00;;Cr1100;5;44144.0
Pcp949;2026-12-06 14:00:00;;Cr1223;3;26985.0
Pcp454;2026-12-06 21:00:00;;Cr500;3;25211.1
Pcp425;2026-12-08 03:30:00;;Cr1540;7;63680.7
Pcp1725;2026-12-08 11:47:56;;Cr1579;5;38278.0
Pcp1071;2026-12-08 19:21:09;;Cr1309;4;35283.2
Pcp667;2026-12-10 12:24:40;;Cr137;4;34527.1
Pcp786;2026-12-11 06:49:24;;Cr231;6;51446.0
Pcp253;2026-12-11 14:35:18;;Cr1511;3;25758.3
Pcp873;2026-12-11 22:53:42;;Cr1427;6;53181.2
Pcp653;2026-12-11 22:58:54;;Cr755;3;26111.0
Pcp1269;2026-12-14 22:46:48;;Cr1061;7;64208.1
Pcp1055;2026-12-15 06:55:04;;Cr500;6;55845.9
Pcp1988;2026-12-17 10:39:30;;Cr339;7;57977.5
Pcp31;2026-12-19 14:28:24;;Cr1568;5;44690.7
Pcp1017;2026-12-23 12:07:02;;Cr445;4;35103.0
Pcp1879;2026-12-23 16:19:45;;Cr347;6;53285.2
Pcp1053;2026-12-23 23:00:00;;Cr1405;7;62195.8
Pcp384;2026-12-24 22:00:00;;Cr1933;4;32190.5
Pcp7;2026-12-25 07:00:00;;Cr828;5;45864.2
Pcp910;2026-12-25 23:51:10;;Cr1981;6;49745.3
Pcp585;2026-12-26 01:42:00;;Cr228;5;39660.9
Pcp1604;2026-12-27 17:36:13;;Cr678;7;62521.8
Pcp1553;2026-12-27 17:54:11;;Cr43;6;53346.4
Pcp1550;2026-12-27 23:29:07;;Cr1898;5;44384.2
Pcp515;2026-12-30 20:31:45;;Cr660;4;28523.8
Pcp1774;2027-01-01 18:28:57;;Cr546;4;33690.1
Pcp823;2027-01-02 22:31:03;;Cr1084;6;53868.7
Pcp338;2027-01-05 08:25:15;;Cr674;4;32483.9
Pcp1899;2027-01-05 15:17:55;;Cr863;5;47272.4
Pcp3;2027-01-05 19:37:54;;Cr1556;6;56371.3
Pcp437;2027-01-06 21:03:15;;Cr1491;7;63984.1
Pcp468;2027-01-07 03:59:16;;Cr1565;4;35629.0
Pcp1243;2027-01-07 06:10:48;;Cr1836;4;33928.1
Pcp614;2027-01-07 11:40:39;;Cr897;5;46104.4
Pcp1741;2027-01-09 20:18:22;;Cr1585;5;38262.0
Pcp948;2027-01-10 23:09:36;;Cr1665;6;48918.9
Pcp324;2027-01-12 00:21:10;;Cr915;6;51582.3
Pcp790;2027-01-12 05:34:45;;Cr1386;6;48334.6
Pcp1368;2027-01-12 22:03:04;;Cr1548;4;36203.0
Pcp1442;2027-01-13 12:43:02;;Cr1544;6;48831.4
Pcp154;2027-01-13 15:07:08;;Cr1385;5;38948.9
Pcp593;2027-01-14 02:49:06;;Cr1353;6;51644.5
Pcp282;2027-01-16 17:40:36;;Cr1578;6;56303.6
Pcp1867;2027-01-18 18:13:55;;Cr1650;4;33564.0
Pcp1513;2027-01-18 21:10:45;;Cr1009;5;39890.1
Pcp1115;2027-01-19 07:20:20;;Cr605;5;38256.4
Pcp428;2027-01-20 12:38:24;;Cr747;4;28835.5
Pcp1324;2027-01-21 19:36:36;;Cr1425;7;57739.7
Pcp1763;2027-01-21 22:42:08;;Cr1749;5;41875.5
Pcp411;2027-01-22 14:16:30;;Cr928;5;45323.1
Pcp665;2027-01-22 19:27:36;;Cr1843;5;42521.3
Pcp1319;2027-01-24 06:41:42;;Cr1835;7;58003.9
Pcp149;2027-01-25 08:16:42;;Cr1119;3;28320.5
Pcp1964;2027-01-28 02:20:58;;Cr1863;4;31254.9
Pcp1459;2027-01-28 17:47:00;;Cr860;7;61270.6
Pcp4;2027-01-30 03:59:58;;Cr622;7;61661.6
Pcp1965;2027-01-30 20:17:30;;Cr1011;5;41498.4
Pcp1484;2027-01-31 12:20:01;;Cr1570;3;25590.4
Pcp562;2027-02-05 16:58:24;;Cr1834;4;32401.6
Pcp856;2027-02-06 12:07:16;;Cr620;4;28508.3
Pcp145;2027-02-07 16:22:16;;Cr1131;5;44638.1
Pcp1104;2027-02-08 10:25:37;;Cr702;4;31456.1
Pcp1284;2027-02-08 21:25:53;;Cr1647;7;59190.2
Pcp1497;2027-02-10 03:42:14;;Cr1914;7;60197.7
Pcp1644;2027-02-10 11:25:28;;Cr1417;4;34334.3
Pcp262;2027-02-12 18:43:10;;Cr132;7;58029.2
Pcp341;2027-02-13 07:56:32;;Cr1590;4;32054.9
Pcp401;2027-02-14 11:13:56;;Cr514;6;50716.0
Pcp1576;2027-02-16 11:50:08;;Cr1705;5;45565.6
Pcp1570;2027-02-18 08:23:43;;Cr1809;7;63922.0
Pcp1363;2027-02-19 19:27:51;;Cr87;7;60524.2
Pcp731;2027-02-23 09:12:15;;Cr1284;6;51956.5
Pcp685;2027-02-25 01:00:00;;Cr1142;4;33257.6
Pcp862;2027-02-25 03:00:00;;Cr923;6;50605.0
Pcp1151;2027-02-25 09:00:00;;Cr1964;4;35748.4
Pcp1860;2027-02-26 06:28:40;;Cr780;4;33384.1
Pcp1911;2027-02-27 00:00:00;;Cr1442;4;36074.4
Pcp828;2027-02-27 15:48:56;;Cr1378;3;28270.3
Pcp1647;2027-03-01 01:49:10;;Cr1123;5;43460.5
Pcp174;2027-03-01 18:01:15;;Cr46;7;59982.2
Pcp1291;2027-03-01 21:19:20;;Cr1234;6;51595.2
Pcp1645;2027-03-02 17:06:25;;Cr1661;6;49851.7
Pcp635;2027-03-03 12:32:42;;Cr489;7;62593.9
Pcp1623;2027-03-07 05:20:16;;Cr126;5;46041.7
Pcp1409;2027-03-08 15:53:32;;Cr141;7;59869.7
Pcp1592;2027-03-08 23:10:21;;Cr218;5;45646.8
Pcp416;2027-03-09 03:02:15;;Cr356;4;35057.6
Pcp1190;2027-03-09 21:24:00;;Cr210;3;26746.1
Pcp1542;2027-03-09 21:46:16;;Cr345;6;52933.7
Pcp111;2027-03-10 07:18:00;;Cr1316;5;46856.6
Pcp1835;2027-03-12 13:15:04;;Cr225;7;64159.9
Pcp1683;2027-03-13 13:52:08;;Cr1255;6;56944.9
Pcp113;2027-03-14 15:06:35;;Cr436;5;47429.0
Pcp1194;2027-03-15 01:21:04;;Cr1063;6;49334.8
Pcp216;2027-03-15 05:17:04;;Cr170;6;48291.3
Pcp1320;2027-03-16 06:20:45;;Cr803;3;27754.7
Pcp1893;2027-03-16 22:24:45;;Cr830;7;62492.6
Pcp1602;2027-03-19 18:24:12;;Cr482;4;35908.1
Pcp1540;2027-03-22 11:04:56;;Cr1320;4;36331.3
Pcp327;2027-03-23 12:15:36;;Cr1806;5;38981.8
Pcp542;2027-03-23 14:03:10;;Cr539;7;57147.2
Pcp900;2027-03-23 16:53:00;;Cr592;5;43440.8
Pcp661;2027-03-24 06:29:05;;Cr1666;4;34572.8
Pcp1025;2027-03-25 09:42:50;;Cr1477;7;61037.9
Pcp815;2027-03-30 01:24:24;;Cr1362;4;34892.6
Pcp155;2027-04-03 01:19:22;;Cr1700;7;61142.2
Pcp1693;2027-04-03 12:00:00;;Cr963;4;32153.4
Pcp1074;2027-04-04 00:00:00;;Cr341;4;37844.2
Pcp770;2027-04-05 17:00:39;;Cr429;7;63283.2
Pcp738;2027-04-07 04:10:34;;Cr1903;4;35521.8
Pcp188;2027-04-08 10:56:18;;Cr1836;6;50029.7
Pcp32;2027-04-09 03:26:08;;Cr266;6;52840.7
Pcp1857;2027-04-09 18:16:36;;Cr1981;7;63995.0
Pcp1082;2027-04-12 14:29:44;;Cr1704;6;50144.6
Pcp498;2027-04-17 16:00:00;;Cr295;6;54451.5
Pcp695;2027-04-18 16:00:00;;Cr1191;5;41792.0
Pcp125;2027-04-19 22:27:18;;Cr1335;6;53516.8
Pcp820;2027-04-20 12:43:10;;Cr1142;7;60878.3
Pcp47;2027-04-21 03:12:20;;Cr1893;5;41920.7
Pcp737;2027-04-23 06:09:40;;Cr606;4;30291.4
Pcp1397;2027-04-24 15:50:40;;Cr941;4;33418.6
Pcp625;2027-04-25 01:59:15;;Cr275;5;43221.7
Pcp208;2027-04-25 02:07:06;;Cr1166;6;55633.6
Pcp461;2027-04-25 20:56:39;;Cr901;6;47954.2
Pcp1696;2027-04-26 04:25:33;;Cr1694;5;45463.4
Pcp1551;2027-04-26 06:06:30;;Cr861;4;32548.4
Pcp1069;2027-04-27 17:30:45;;Cr471;3;27728.3
Pcp832;2027-04-29 04:24:32;;Cr1112;6;56240.0
Pcp1935;2027-04-29 20:17:20;;Cr1929;4;35298.0
Pcp1995;2027-04-30 02:28:22;;Cr607;4;37736.2
Pcp285;2027-04-30 19:16:54;;Cr1451;3;28090.5
Pcp1581;2027-04-30 23:35:50;;Cr1236;4;37903.5
Pcp1292;2027-05-02 04:28:32;;Cr1276;6;54300.1
Pcp18;2027-05-03 04:44:32;;Cr898;6;53150.0
Pcp1415;2027-05-04 21:55:20;;Cr695;7;59099.6
Pcp1147;2027-05-07 20:55:10;;Cr948;5;39000.7
Pcp247;2027-05-08 20:08:08;;Cr440;4;35207.7
Pcp180;2027-05-10 13:02:40;;Cr873;4;37248.1
Pcp295;2027-05-10 23:46:42;;Cr1347;6;47812.6
Pcp1383;2027-05-11 22:15:06;;Cr776;4;31108.6
Pcp1810;2027-05-12 08:33:42;;Cr582;4;34366.7
Pcp136;2027-05-13 18:17:00;;Cr1726;6;50092.7
Pcp231;2027-05-15 00:43:15;;Cr265;5;39146.7
Pcp1514;2027-05-16 17:29:18;;Cr1363;3;26349.9
Pcp1421;2027-05-17 13:32:40;;Cr681;4;32559.4
Pcp1211;2027-05-18 13:11:36;;Cr1344;7;61685.3
Pcp226;2027-05-19 22:11:24;;Cr210;3;26195.3
Pcp1238;2027-05-21 03:17:30;;Cr1952;7;61188.0
Pcp1047;2027-05-21 13:46:42;;Cr1906;5;45304.0
Pcp1466;2027-05-21 19:58:09;;Cr1052;7;61069.9
Pcp171;2027-05-23 01:08:14;;Cr875;6;53446.6
Pcp1978;2027-05-23 15:30:06;;Cr1507;3;28460.0
Pcp263;2027-05-26 02:19:02;;Cr1537;7;63229.0
Pcp1039;2027-05-31 04:00:00;;Cr1038;5;41167.7
Pcp1842;2027-06-01 18:00:00;;Cr1283;5;39826.2
Pcp1255;2027-06-04 15:29:59;;Cr1521;3;27950.7
Pcp836;2027-06-08 02:00:00;;Cr1243;3;28098.3
Pcp1922;2027-06-09 02:00:00;;Cr10;4;28718.3
Pcp1789;2027-06-10 05:33:10;;Cr616;7;62457.9
Pcp993;2027-06-10 16:47:10;;Cr1367;5;46507.6
Pcp14;2027-06-15 06:49:42;;Cr89;6;55278.0
Pcp377;2027-06-17 20:49:12;;Cr1605;5;45229.1
Pcp158;2027-06-20 18:51:40;;Cr1161;4;37786.1
Pcp1650;2027-06-21 07:00:00;;Cr358;5;45836.6
Pcp1016;2027-06-25 05:21:09;;Cr1235;4;29708.2
Pcp1851;2027-06-26 07:00:00;;Cr536;7;62074.1
Pcp303;2027-06-27 17:32:57;;Cr755;3;27341.9
Pcp499;2027-06-28 16:35:48;;Cr1988;3;27766.0
Pcp1731;2027-07-01 11:24:25;;Cr1893;4;36521.1
Pcp704;2027-07-01 13:13:30;;Cr117;3;25643.1
Pcp1296;2027-07-02 01:00:00;;Cr350;6;51276.6
Pcp1353;2027-07-04 00:17:40;;Cr91;4;34083.8
Pcp1742;2027-07-05 23:39:49;;Cr315;3;25435.5
Pcp824;2027-07-10 00:00:00;;Cr180;6;50166.8
Pcp1142;2027-07-10 01:00:00;;Cr104;5;39506.8
Pcp176;2027-07-12 01:35:36;;Cr1647;5;45316.7
Pcp638;2027-07-12 11:38:18;;Cr1261;4;29731.1
Pcp1722;2027-07-13 09:33:50;;Cr1514;6;55510.5
Pcp1469;2027-07-14 08:04:56;;Cr320;4;30047.1
Pcp40;2027-07-14 09:28:48;;Cr284;6;52163.5
Pcp1521;2027-07-15 08:21:06;;Cr1500;3;28024.0
Pcp633;2027-07-15 21:42:48;;Cr614;3;26467.5
Pcp422;2027-07-16 04:44:57;;Cr794;4;32879.2
Pcp965;2027-07-18 19:56:29;;Cr7;6;54379.6
Pcp1097;2027-07-20 00:47:00;;Cr1297;3;27686.7
Pcp165;2027-07-21 12:07:36;;Cr867;4;32655.5
Pcp399;2027-07-22 02:02:58;;Cr309;3;26359.0
Pcp1771;2027-07-23 20:34:54;;Cr314;7;59955.1
Pcp357;2027-07-23 23:27:21;;Cr319;7;60578.9
Pcp1875;2027-07-25 16:00:00;;Cr333;6;53119.9
Pcp1625;2027-07-27 11:01:54;;Cr965;3;28163.9
Pcp1426;2027-07-28 03:28:12;;Cr406;6;54514.4
Pcp759;2027-07-29 02:57:52;;Cr1725;4;32685.9
Pcp700;2027-07-30 21:18:56;;Cr631;4;28926.7
Pcp1673;2027-07-31 13:00:55;;Cr840;5;38414.3
Pcp1783;2027-08-03 04:29:54;;Cr889;7;59429.8
Pcp1657;2027-08-04 10:00:00;;Cr1770;4;29736.5
Pcp1436;2027-08-04 10:22:17;;Cr785;5;44199.4
Pcp1186;2027-08-05 04:00:00;;Cr1070;7;63835.3
Pcp1173;2027-08-05 15:00:26;;Cr1318;5;43254.2
Pcp115;2027-08-06 11:32:00;;Cr792;5;42412.9
Pcp300;2027-08-06 16:08:27;;Cr10;5;43366.5
Pcp1523;2027-08-08 07:41:42;;Cr1747;3;28425.1
Pcp567;2027-08-10 05:50:27;;Cr871;3;25589.4
Pcp938;2027-08-11 00:20:48;;Cr719;4;35855.3
Pcp318;2027-08-11 02:30:26;;Cr434;6;49852.7
Pcp890;2027-08-11 07:50:20;;Cr1714;5;38597.0
Pcp1862;2027-08-12 00:52:40;;Cr426;6;52199.7
Pcp1926;2027-08-12 07:54:25;;Cr1330;6;49985.4
Pcp1809;2027-08-13 00:21:15;;Cr982;6;53362.4
Pcp1434;2027-08-14 07:28:40;;Cr1363;3;26421.0
Pcp929;2027-08-16 00:32:07;;Cr455;3;25835.7
Pcp1622;2027-08-17 22:05:51;;Cr399;7;63910.9
Pcp1749;2027-08-19 06:56:56;;Cr1458;4;35172.4
Pcp237;2027-08-20 06:25:42;;Cr1302;5;42025.6
Pcp1870;2027-08-22 13:20:56;;Cr807;6;48132.4
Pcp761;2027-08-24 16:27:32;;Cr1562;5;45972.7
Pcp1873;2027-08-25 19:40:05;;Cr403;6;51974.9
Pcp244;2027-08-26 10:56:12;;Cr1551;6;48075.6
Pcp1895;2027-08-26 12:14:20;;Cr1752;7;62098.8
Pcp1949;2027-08-30 01:56:17;;Cr1703;4;34896.9
Pcp1534;2027-08-30 18:27:30;;Cr1859;5;42079.4
Pcp34;2027-09-01 12:40:48;;Cr1375;7;61575.5
Pcp495;2027-09-03 09:07:06;;Cr190;5;40428.3
Pcp1766;2027-09-03 11:25:24;;Cr1136;6;48563.1
Pcp1800;2027-09-04 20:41:21;;Cr646;7;64932.7
Pcp523;2027-09-06 05:11:12;;Cr1744;6;51782.9
Pcp835;2027-09-07 15:52:12;;Cr317;7;58723.6
Pcp89;2027-09-09 02:49:09;;Cr147;6;50508.0
Pcp1393;2027-09-09 05:28:21;;Cr934;6;53890.1
Pcp1507;2027-09-10 05:08:54;;Cr1243;6;50314.1
Pcp373;2027-09-10 13:10:36;;Cr848;7;58891.0
Pcp139;2027-09-11 15:46:10;;Cr1299;5;38080.1
Pcp369;2027-09-12 04:29:05;;Cr780;3;28144.3
Pcp990;2027-09-14 16:58:00;;Cr1747;4;37116.3
Pcp1672;2027-09-17 07:13:01;;Cr1676;7;61293.5
Pcp1000;2027-09-19 15:11:48;;Cr1216;7;59159.8
Pcp1669;2027-09-23 09:00:00;;Cr755;3;26191.5
Pcp1225;2027-09-25 01:00:00;;Cr503;6;50868.1
Pcp1830;2027-09-26 01:33:55;;Cr1377;7;61661.2
Pcp1979;2027-09-26 11:00:00;;Cr282;4;32990.0
Pcp822;2027-09-27 11:24:40;;Cr971;6;52194.4
Pcp1247;2027-09-28 11:54:18;;Cr939;5;41749.6
Pcp436;2027-09-28 22:55:08;;Cr972;6;53214.6
Pcp283;2027-09-29 05:10:36;;Cr922;6;55520.2
Pcp1516;2027-09-30 09:26:36;;Cr65;5;40916.2
Pcp1582;2027-10-02 17:54:44;;Cr1311;4;36365.1
Pcp465;2027-10-04 01:25:36;;Cr102;6;50810.7
Pcp697;2027-10-05 02:05:20;;Cr1062;5;40146.6
Pcp1246;2027-10-05 08:56:50;;Cr651;5;43726.1
Pcp128;2027-10-07 02:55:54;;Cr1492;5;38191.4
Pcp1505;2027-10-07 10:07:12;;Cr289;7;63983.7
Pcp816;2027-10-07 14:31:40;;Cr1715;7;60005.4
Pcp1575;2027-10-08 15:09:52;;Cr1983;4;35757.6
Pcp652;2027-10-11 02:18:56;;Cr477;5;41681.5
Pcp796;2027-10-11 02:38:00;;Cr1446;4;30862.7
Pcp1973;2027-10-14 06:22:00;;Cr1183;5;40198.0
Pcp1770;2027-10-15 16:07:24;;Cr1091;3;27792.8
Pcp780;2027-10-16 06:50:36;;Cr1365;4;35025.5
Pcp509;2027-10-17 06:23:27;;Cr178;7;61393.6
Pcp1765;2027-10-17 13:40:24;;Cr215;5;44849.9
Pcp902;2027-10-20 05:36:20;;Cr1991;5;41295.8
Pcp1712;2027-10-22 13:13:36;;Cr1094;6;52884.5
Pcp1951;2027-10-24 10:00:00;;Cr1009;4;33944.8
Pcp434;2027-10-24 18:52:44;;Cr1659;7;62555.4
Pcp464;2027-10-24 18:58:56;;Cr1803;4;33984.2
Pcp730;2027-10-26 17:30:56;;Cr925;3;27863.6
Pcp99;2027-10-26 17:47:31;;Cr653;4;33671.6
Pcp1472;2027-10-28 05:40:50;;Cr1825;3;28185.5
Pcp1073;2027-10-30 21:09:24;;Cr1574;6;55487.4
Pcp1535;2027-11-01 19:00:00;;Cr116;5;38420.1
Pcp891;2027-11-04 16:25:53;;Cr649;6;50084.0
Pcp215;2027-11-05 13:00:00;;Cr1755;6;49182.1
Pcp1606;2027-11-06 03:00:00;;Cr150;6;47893.2
Pcp132;2027-11-07 10:40:30;;Cr1950;5;38851.0
Pcp980;2027-11-07 17:43:20;;Cr323;4;32165.7
Pcp1970;2027-11-07 20:35:06;;Cr663;6;51294.1
Pcp1498;2027-11-10 09:46:36;;Cr751;4;35221.8
Pcp1717;2027-11-10 12:19:18;;Cr1093;6;50582.5
Pcp1785;2027-11-10 12:32:30;;Cr643;6;56914.2
Pcp110;2027-11-11 03:11:18;;Cr1710;6;54400.5
Pcp1827;2027-11-12 23:00:36;;Cr444;5;47492.7
Pcp1374;2027-11-13 23:18:46;;Cr1323;7;59999.2
Pcp1917;2027-11-14 16:26:42;;Cr140;6;48849.9
Pcp60;2027-11-15 23:15:30;;Cr211;5;45561.4
Pcp1139;2027-11-16 20:54:42;;Cr1428;5;38689.4
Pcp1627;2027-11-20 13:48:48;;Cr149;6;50834.0
Pcp1123;2027-11-25 18:00:00;;Cr1180;5;42233.3
Pcp1140;2027-11-26 07:00:00;;Cr1745;7;63808.8
Pcp1515;2027-11-28 19:56:03;;Cr768;6;56966.3
Pcp459;2027-12-02 18:00:00;;Cr419;5;39912.9
Pcp79;2027-12-04 07:00:00;;Cr1006;6;50207.4
Pcp1443;2027-12-07 09:23:34;;Cr1789;5;47451.1
Pcp1205;2027-12-09 13:34:48;;Cr1377;5;43699.9
Pcp809;2027-12-10 08:27:18;;Cr904;4;30116.9
Pcp1796;2027-12-12 17:29:30;;Cr1222;7;58712.6
Pcp525;2027-12-13 15:36:58;;Cr297;7;63066.3
Pcp1630;2027-12-13 23:00:00;;Cr847;5;39639.1
Pcp258;2027-12-14 13:00:00;;Cr1333;4;37882.6
Pcp1781;2027-12-19 00:17:46;;Cr943;3;25169.8
Pcp1285;2027-12-20 01:00:00;;Cr1315;5;40099.6
Pcp352;2027-12-20 19:00:00;;Cr351;6;56782.5
Pcp320;2027-12-20 21:00:00;;Cr995;7;57174.6
Pcp1541;2027-12-24 08:47:15;;Cr1431;5;38268.9
Pcp1511;2027-12-26 14:59:16;;Cr237;4;33048.7
Pcp1401;2027-12-28 07:00:00;;Cr1841;5;42476.9
Pcp1782;2027-12-28 16:28:08;;Cr1560;6;49137.0
Pcp1253;2027-12-31 09:44:00;;Cr544;6;47743.7
Pcp1367;2027-12-31 10:38:18;;Cr1196;5;39013.4
Pcp1748;2028-01-01 15:00:00;;Cr767;5;41548.1
Pcp831;2028-01-03 04:43:24;;Cr1508;4;36860.8
Pcp944;2028-01-04 02:12:22;;Cr723;6;48293.6
Pcp1900;2028-01-05 10:05:14;;Cr699;5;38926.0
Pcp1179;2028-01-06 06:29:28;;Cr1501;6;48271.9
Pcp292;2028-01-07 04:22:59;;Cr1671;4;30217.5
Pcp552;2028-01-07 16:43:42;;Cr1278;4;31330.9
Pcp1589;2028-01-08 01:38:14;;Cr1640;7;61144.8
Pcp806;2028-01-09 17:41:56;;Cr1069;5;44712.3
Pcp1674;2028-01-10 23:30:12;;Cr769;7;61644.7
Pcp946;2028-01-10 23:45:40;;Cr604;7;62139.9
Pcp1228;2028-01-13 04:19:27;;Cr1611;5;43249.7
Pcp359;2028-01-15 06:53:05;;Cr1502;7;61817.0
Pcp1757;2028-01-16 01:52:35;;Cr1329;7;63022.1
Pcp1136;2028-01-16 19:04:52;;Cr1437;4;34706.7
Pcp1502;2028-01-19 09:31:36;;Cr1362;7;63850.6
Pcp626;2028-01-20 03:35:40;;Cr405;4;32429.5
Pcp762;2028-01-23 09:24:46;;Cr1166;4;35992.4
Pcp707;2028-01-24 00:35:22;;Cr207;4;35711.7
Pcp1560;2028-01-25 02:00:00;;Cr181;4;30295.7
Pcp1226;2028-01-25 18:27:06;;Cr701;4;29602.7
Pcp764;2028-01-25 20:47:35;;Cr1600;4;37367.1
Pcp119;2028-01-26 16:02:24;;Cr1371;6;51229.2
Pcp1901;2028-01-26 22:38:24;;Cr1685;3;25383.3
Pcp524;2028-01-27 06:25:30;;Cr593;3;25823.0
Pcp331;2028-01-29 03:49:30;;Cr1260;7;59407.6
Pcp678;2028-02-01 05:33:36;;Cr626;7;62460.3
Pcp1565;2028-02-01 18:02:05;;Cr418;4;30166.4
Pcp317;2028-02-02 20:30:48;;Cr1816;5;45683.9
Pcp308;2028-02-04 05:01:52;;Cr676;4;36010.1
Pcp875;2028-02-04 21:03:39;;Cr294;7;58889.7
Pcp1286;2028-02-05 14:47:42;;Cr881;5;39928.5
Pcp676;2028-02-05 19:26:12;;Cr1104;4;35385.7
Pcp897;2028-02-05 21:57:00;;Cr1839;5;44999.2
Pcp479;2028-02-07 10:54:28;;Cr645;4;34484.0
Pcp390;2028-02-10 07:39:31;;Cr783;3;27179.7
Pcp1500;2028-02-11 19:01:15;;Cr549;7;59167.8
Pcp1976;2028-02-12 02:55:58;;Cr1321;4;30443.9
Pcp1915;2028-02-14 11:01:36;;Cr956;6;53519.5
Pcp1034;2028-02-14 11:31:09;;Cr330;7;64639.9
Pcp557;2028-02-16 01:28:00;;Cr1649;4;35362.0
Pcp1158;2028-02-16 02:54:42;;Cr937;7;59075.8
Pcp210;2028-02-17 05:46:32;;Cr1766;4;30590.5
Pcp943;2028-02-22 02:22:42;;Cr817;5;45378.9
Pcp1278;2028-02-22 08:15:46;;Cr687;7;59205.0
Pcp1064;2028-02-24 20:22:52;;Cr267;4;34897.3
Pcp1483;2028-02-26 13:42:36;;Cr1049;3;25489.2
Pcp1300;2028-02-28 02:00:00;;Cr1143;6;50987.8
Pcp874;2028-02-28 06:00:00;;Cr1369;4;29723.0
Pcp840;2028-02-29 00:19:54;;Cr1436;4;30647.5
Pcp1209;2028-03-01 05:25:18;;Cr1095;3;28106.0
Pcp1305;2028-03-01 12:58:12;;Cr630;5;39740.3
Pcp1455;2028-03-02 19:37:56;;Cr1385;6;47871.2
Pcp481;2028-03-04 13:25:18;;Cr1013;6;55607.8
Pcp211;2028-03-05 02:09:06;;Cr108;6;47673.0
Pcp57;2028-03-05 06:54:57;;Cr245;6;56510.5
Pcp660;2028-03-09 12:44:00;;Cr941;5;43374.2
Pcp1711;2028-03-12 09:00:00;;Cr315;5;42970.5
Pcp1954;2028-03-15 08:25:39;;Cr557;5;42648.8
Pcp858;2028-03-18 16:41:44;;Cr320;6;55104.2
Pcp710;2028-03-19 13:00:00;;Cr1728;3;27407.8
Pcp1806;2028-03-21 04:35:22;;Cr1265;4;28578.4
Pcp1824;2028-03-22 00:43:40;;Cr408;7;59296.7
Pcp168;2028-03-23 03:00:00;;Cr163;7;59092.2
Pcp783;2028-03-23 09:35:36;;Cr1986;4;29886.6
Pcp1027;2028-03-23 20:37:46;;Cr606;6;50602.7
Pcp1794;2028-03-25 13:52:00;;Cr1314;4;33930.2
Pcp239;2028-03-26 12:37:24;;Cr345;6;49617.3
Pcp1450;2028-03-26 16:18:48;;Cr1913;7;57731.0
Pcp607;2028-03-27 15:59:05;;Cr795;5;40052.8
Pcp513;2028-03-28 05:41:48;;Cr480;5;39222.0
Pcp1691;2028-03-29 17:14:06;;Cr815;7;58283.4
Pcp1046;2028-03-31 10:41:31;;Cr1158;4;32396.2
Pcp1866;2028-04-01 01:50:54;;Cr214;6;47703.7
Pcp659;2028-04-03 01:38:55;;Cr153;6;54545.3
Pcp624;2028-04-03 10:05:42;;Cr926;6;56156.4
Pcp1855;2028-04-03 12:08:12;;Cr74;4;31208.2
Pcp380;2028-04-04 07:09:55;;Cr851;7;60777.1
Pcp412;2028-04-04 15:19:40;;Cr1963;5;44660.5
Pcp1134;2028-04-04 19:29:35;;Cr1672;5;44898.0
Pcp616;2028-04-05 06:54:52;;Cr1211;4;33982.1
Pcp1929;2028-04-05 10:31:25;;Cr763;3;27517.6
Pcp817;2028-04-06 19:05:49;;Cr1577;7;60005.9
Pcp1543;2028-04-09 03:05:51;;Cr1490;3;27641.7
Pcp150;2028-04-12 09:06:00;;Cr1129;4;29217.8
Pcp787;2028-04-12 18:29:18;;Cr196;4;31976.4
Pcp1444;2028-04-14 06:30:50;;Cr1371;4;28991.9
Pcp1395;2028-04-15 08:05:48;;Cr1500;7;60533.9
Pcp729;2028-04-15 13:49:10;;Cr1395;6;54209.1
Pcp1131;2028-04-15 19:43:48;;Cr1553;5;44190.5
Pcp725;2028-04-15 20:06:35;;Cr1840;7;59546.3
Pcp520;2028-04-17 00:48:08;;Cr1361;7;64067.3
Pcp1145;2028-04-17 01:12:04;;Cr1653;4;28701.9
Pcp960;2028-04-17 02:29:16;;Cr1509;5;43140.8
Pcp1877;2028-04-19 06:44:00;;Cr761;7;61096.2
Pcp973;2028-04-19 10:24:32;;Cr253;6;53297.6
Pcp1114;2028-04-20 19:36:08;;Cr735;5;46899.0
Pcp84;2028-04-21 09:12:30;;Cr1159;5;40148.3
Pcp1826;2028-04-22 22:50:27;;Cr1825;7;59745.8
Pcp62;2028-04-23 01:00:36;;Cr127;5;43448.0
Pcp469;2028-04-23 19:57:00;;Cr1268;4;34920.2
Pcp1884;2028-04-25 10:54:10;;Cr1227;4;28999.8
Pcp12;2028-04-26 09:54:14;;Cr1947;5;40413.6
Pcp1162;2028-04-26 17:38:38;;Cr1095;3;28228.5
Pcp228;2028-04-27 12:55:14;;Cr1044;4;35305.3
Pcp681;2028-04-30 01:38:17;;Cr1194;6;48750.8
Pcp1410;2028-05-01 01:26:36;;Cr1644;6;55991.6
Pcp535;2028-05-01 15:18:00;;Cr392;5;39441.4
Pcp1265;2028-05-01 21:18:36;;Cr1593;4;31670.7
Pcp1611;2028-05-04 08:57:20;;Cr841;5;42594.8
Pcp1974;2028-05-06 15:30:56;;Cr1064;4;35119.9
Pcp682;2028-05-07 19:39:48;;Cr482;3;26665.3
Pcp521;2028-05-08 00:58:30;;Cr1368;6;54268.4
Pcp1435;2028-05-08 07:24:45;;Cr1403;7;61342.9
Pcp1750;2028-05-08 12:25:15;;Cr79;5;39549.6
Pcp413;2028-05-12 13:08:14;;Cr490;4;28618.7
Pcp916;2028-05-13 18:39:08;;Cr903;4;30495.0
Pcp1642;2028-05-14 09:12:46;;Cr642;5;43252.6
Pcp452;2028-05-14 22:06:45;;Cr881;5;38571.4
Pcp1932;2028-05-15 05:47:42;;Cr1411;5;40348.5
Pcp431;2028-05-15 09:20:49;;Cr1171;5;42012.3
Pcp1105;2028-05-18 02:12:06;;Cr547;6;50831.5
Pcp584;2028-05-18 05:05:30;;Cr197;6;55832.7
Pcp93;2028-05-18 07:50:48;;Cr966;4;29639.5
Pcp1681;2028-05-18 12:36:54;;Cr1808;7;59634.0
Pcp1980;2028-05-19 08:28:20;;Cr300;4;36781.2
Pcp720;2028-05-20 22:08:56;;Cr209;5;45511.3
Pcp878;2028-05-20 23:52:43;;Cr931;6;53230.3
Pcp1456;2028-05-23 13:46:39;;Cr1226;6;51933.2
Pcp1236;2028-05-24 06:39:18;;Cr1235;4;37049.2
Pcp1746;2028-05-24 11:06:00;;Cr1613;7;62000.9
Pcp1432;2028-05-24 16:31:21;;Cr868;7;60540.3
Pcp749;2028-05-24 18:01:12;;Cr713;4;30361.1
Pcp751;2028-05-25 11:08:10;;Cr304;5;39608.6
Pcp1420;2028-05-27 17:00:48;;Cr549;6;50874.8
Pcp1083;2028-05-28 18:55:56;;Cr150;6;52779.2
Pcp1685;2028-05-30 00:34:40;;Cr1552;7;62624.8
Pcp1276;2028-06-01 22:28:30;;Cr24;6;53295.3
Pcp1945;2028-06-03 12:14:51;;Cr1916;4;35219.1
Pcp649;2028-06-04 05:36:32;;Cr1189;7;64867.9
Pcp1813;2028-06-05 00:16:35;;Cr258;4;31226.3
Pcp25;2028-06-07 05:02:35;;Cr1287;3;25509.2
Pcp1958;2028-06-12 06:00:00;;Cr820;6;56340.9
Pcp451;2028-06-13 14:00:00;;Cr1099;4;34099.9
Pcp235;2028-06-17 12:00:00;;Cr1040;7;60201.9
Pcp1943;2028-06-17 13:00:00;;Cr1085;4;32201.6
Pcp1699;2028-06-19 04:00:00;;Cr854;7;59456.2
Pcp716;2028-06-19 04:00:00;;Cr1290;6;51025.2
Pcp1488;2028-06-20 07:19:45;;Cr1687;5;43519.0
Pcp1713;2028-06-20 23:45:26;;Cr826;4;33691.2
Pcp1578;2028-06-23 15:01:02;;Cr817;7;57223.0
Pcp1953;2028-06-24 13:06:00;;Cr654;4;37754.1
Pcp774;2028-06-25 16:26:50;;Cr1648;6;47644.5
Pcp1307;2028-06-26 15:05:15;;Cr71;6;48061.4
Pcp1593;2028-06-28 17:49:12;;Cr1231;6;51454.1
Pcp1643;2028-07-14 04:00:00;;Cr686;5;41334.6
Pcp1011;2028-07-14 21:00:00;;Cr587;3;25265.1
Pcp1204;2028-07-15 05:00:00;;Cr99;5;42646.0
Pcp1096;2028-07-19 00:24:12;;Cr714;6;48762.4
Pcp690;2028-07-19 03:57:32;;Cr254;6;51478.1
Pcp450;2028-07-19 09:27:32;;Cr1062;6;50626.4
Pcp571;2028-07-19 15:16:15;;Cr115;4;36417.9
Pcp1999;2028-07-20 10:00:00;;Cr1967;7;61854.4
Pcp1133;2028-07-22 13:38:33;;Cr1322;5;40905.0
Pcp555;2028-07-23 00:14:42;;Cr1674;6;53598.3
Pcp1759;2028-07-24 22:09:20;;Cr1529;4;29871.9
Pcp466;2028-07-26 16:40:48;;Cr1815;6;51786.7
Pcp322;2028-07-26 21:39:30;;Cr1163;3;28096.7
Pcp1117;2028-07-27 04:46:35;;Cr1638;6;48859.7
Pcp1702;2028-07-27 15:18:25;;Cr1767;4;30308.6
Pcp1252;2028-07-29 06:47:04;;Cr1017;4;34847.4
Pcp1549;2028-07-30 11:37:12;;Cr813;5;39645.0
Pcp1716;2028-07-30 23:42:18;;Cr956;7;63193.1
Pcp291;2028-08-01 10:36:10;;Cr1677;7;59057.7
Pcp647;2028-08-04 21:48:17;;Cr1641;5;46563.6
Pcp1739;2028-08-05 08:46:42;;Cr408;7;58245.1
Pcp473;2028-08-06 05:21:40;;Cr1289;5;46297.8
Pcp1032;2028-08-06 06:57:36;;Cr286;4;31325.1
Pcp1890;2028-08-07 04:06:54;;Cr1201;6;56548.5
Pcp880;2028-08-07 07:08:42;;Cr892;5;43509.1
Pcp344;2028-08-07 09:46:24;;Cr921;4;33376.1
Pcp1043;2028-08-07 22:48:36;;Cr1884;5;42733.7
Pcp1370;2028-08-08 15:26:06;;Cr1048;5;46542.2
Pcp75;2028-08-09 13:28:12;;Cr1506;5;46699.6
Pcp63;2028-08-10 01:33:00;;Cr1668;6;50853.5
Pcp1636;2028-08-11 17:07:41;;Cr1716;4;29492.4
Pcp915;2028-08-13 05:51:42;;Cr827;5;42248.9
Pcp187;2028-08-13 11:59:12;;Cr224;7;61506.4
Pcp1797;2028-08-13 19:46:00;;Cr124;5;40189.1
Pcp177;2028-08-14 16:50:27;;Cr1511;5;45493.0
Pcp1141;2028-08-15 02:44:30;;Cr961;6;53617.8
Pcp533;2028-08-15 09:41:50;;Cr1547;4;30631.8
Pcp608;2028-08-17 07:04:17;;Cr652;6;56625.7
Pcp904;2028-08-20 17:33:45;;Cr1813;6;50918.9
Pcp448;2028-08-21 12:52:20;;Cr1264;6;47505.2
Pcp255;2028-08-22 12:44:42;;Cr1347;4;32517.7
Pcp304;2028-08-22 15:30:50;;Cr117;4;35880.5
Pcp981;2028-08-24 02:56:16;;Cr1078;6;49030.3
Pcp771;2028-08-24 05:15:11;;Cr1420;7;58775.3
Pcp1658;2028-08-24 14:46:13;;Cr432;7;59217.1
Pcp1993;2028-09-02 10:00:00;;Cr615;4;36036.3
Pcp1671;2028-09-02 16:00:00;;Cr1718;6;48829.2
Pcp1094;2028-09-04 21:31:06;;Cr1182;7;57687.2
Pcp1587;2028-09-05 13:04:14;;Cr1354;5;42246.1
Pcp142;2028-09-07 07:35:16;;Cr1456;6;55784.1
Pcp1090;2028-09-07 10:22:20;;Cr1910;6;53974.6
Pcp623;2028-09-08 18:00:24;;Cr1590;4;29588.3
Pcp189;2028-09-08 18:41:06;;Cr1558;7;58399.0
Pcp1168;2028-09-10 18:53:24;;Cr1332;4;31938.2
Pcp1871;2028-09-11 23:37:12;;Cr1664;4;29977.6
Pcp732;2028-09-13 00:00:05;;Cr28;7;60608.8
Pcp1616;2028-09-13 15:16:45;;Cr1980;5;45163.1
Pcp487;2028-09-14 17:08:16;;Cr560;6;53711.7
Pcp964;2028-09-14 17:31:56;;Cr685;4;33115.0
Pcp192;2028-09-15 14:14:36;;Cr1713;7;58889.3
Pcp615;2028-09-16 01:30:40;;Cr578;4;34108.0
Pcp540;2028-09-18 02:41:36;;Cr1962;4;31821.3
Pcp892;2028-09-18 04:51:54;;Cr593;7;64036.5
Pcp1129;2028-09-20 08:38:24;;Cr1867;5;38605.7
Pcp705;2028-09-23 08:52:36;;Cr911;4;36367.5
Pcp845;2028-09-24 16:18:09;;Cr406;4;29261.3
Pcp1314;2028-09-24 20:55:51;;Cr1134;5;44286.4
Pcp742;2028-09-25 03:23:00;;Cr749;5;44568.5
Pcp1347;2028-09-25 16:33:50;;Cr1227;5;43242.0
Pcp1388;2028-09-29 02:03:48;;Cr299;5;46821.9
Pcp333;2028-09-29 13:14:54;;Cr647;4;32308.8
Pcp41;2028-09-29 19:50:42;;Cr1543;6;52969.0
Pcp108;2028-09-30 17:30:02;;Cr1679;4;29057.8
Pcp619;2028-10-01 13:32:00;;Cr1564;6;54503.3
Pcp1338;2028-10-04 20:28:15;;Cr1520;6;56843.5
Pcp757;2028-10-05 02:20:39;;Cr229;5;41595.2
Pcp1734;2028-10-05 07:42:54;;Cr1826;7;64654.1
Pcp692;2028-10-07 21:25:55;;Cr1217;3;28286.6
Pcp782;2028-10-08 21:12:36;;Cr570;7;62736.6
Pcp1495;2028-10-09 17:16:02;;Cr1444;6;49470.2
Pcp1164;2028-10-10 02:47:36;;Cr862;5;47002.3
Pcp10;2028-10-10 08:16:35;;Cr702;6;49446.6
Pcp672;2028-10-10 21:00:00;;Cr1413;7;60853.1
Pcp651;2028-10-11 09:41:10;;Cr437;6;48235.8
Pcp1463;2028-10-12 09:09:52;;Cr1923;6;56361.5
Pcp1206;2028-10-13 00:10:25;;Cr1746;4;32894.1
Pcp124;2028-10-14 08:01:12;;Cr1890;7;57065.7
Pcp395;2028-10-16 11:42:00;;Cr914;7;63659.4
Pcp1529;2028-10-18 11:24:26;;Cr92;6;52282.6
Pcp924;2028-10-18 11:58:05;;Cr1104;6;49831.8
Pcp967;2028-10-19 21:11:12;;Cr420;5;45938.0
Pcp630;2028-10-21 23:17:12;;Cr1460;6;55101.7
Pcp622;2028-10-22 08:37:53;;Cr884;3;25878.1
Pcp55;2028-10-22 17:45:12;;Cr1119;6;54573.7
Pcp1187;2028-10-24 18:46:48;;Cr1206;3;28076.2
Pcp510;2028-10-25 13:18:18;;Cr370;6;47738.6
Pcp1546;2028-10-28 06:55:20;;Cr1113;5;40239.7
Pcp982;2028-10-29 09:04:24;;Cr505;4;32886.2
Pcp153;2028-10-29 20:32:28;;Cr893;7;59932.2
Pcp597;2028-11-01 17:49:36;;Cr719;6;54507.5
Pcp740;2028-11-04 02:27:06;;Cr1304;5;39939.6
Pcp1908;2028-11-05 16:00:00;;Cr1120;6;56205.6
Pcp632;2028-11-06 23:43:36;;Cr997;7;59976.1
Pcp1637;2028-11-09 17:37:02;;Cr1991;5;39851.4
Pcp49;2028-11-10 20:00:00;;Cr756;6;50181.7
Pcp1692;2028-11-11 23:48:20;;Cr106;6;47631.0
Pcp230;2028-11-13 12:29:08;;Cr1628;7;63885.1
Pcp920;2028-11-15 12:14:47;;Cr705;4;29884.1
Pcp745;2028-11-16 21:32:28;;Cr497;4;33740.1
Pcp1005;2028-11-17 04:00:00;;Cr1023;7;63578.4
Pcp643;2028-11-17 07:00:00;;Cr313;4;32516.2
Pcp912;2028-11-17 12:00:00;;Cr1485;7;60027.9
Pcp1012;2028-11-18 15:00:00;;Cr828;5;40526.6
Pcp1927;2028-11-20 22:34:24;;Cr1545;4;33511.4
Pcp1106;2028-11-24 11:08:24;;Cr1657;6;49208.2
Pcp182;2028-11-25 15:00:00;;Cr700;6;51501.6
Pcp1259;2028-11-27 06:36:02;;Cr256;4;31760.3
Pcp789;2028-11-27 21:49:38;;Cr1428;4;31795.8
Pcp673;2028-11-28 19:34:21;;Cr1132;6;49963.7
Pcp1364;2028-11-29 17:14:27;;Cr458;6;48057.6
Pcp1967;2028-12-02 12:49:03;;Cr1157;7;59229.7
Pcp61;2028-12-06 00:33:46;;Cr321;5;39985.6
Pcp1761;2028-12-06 15:00:00;;Cr1559;5;47453.8
Pcp1686;2028-12-08 00:00:00;;Cr30;6;54188.1
Pcp299;2028-12-08 03:42:34;;Cr1785;7;60212.2
Pcp1091;2028-12-08 08:23:26;;Cr1580;5;45797.3
Pcp267;2028-12-12 15:43:20;;Cr251;6;52287.3
Pcp1400;2028-12-13 16:05:42;;Cr1314;4;32614.5
Pcp1380;2028-12-15 20:59:30;;Cr1186;3;26037.5
Pcp1075;2028-12-18 00:33:41;;Cr1031;4;36561.1
Pcp13;2028-12-19 00:00:00;;Cr1416;7;61819.2
Pcp1154;2028-12-20 04:42:57;;Cr433;4;35906.8
Pcp1545;2028-12-22 05:45:33;;Cr142;5;42097.1
Pcp781;2028-12-26 04:00:00;;Cr414;6;51711.9
Pcp225;2028-12-27 19:00:00;;Cr206;3;25799.8
Pcp911;2029-01-01 01:00:00;;Cr1921;7;62565.7
Pcp82;2029-01-01 23:00:00;;Cr1137;4;29746.3
Pcp1798;2029-01-03 21:29:28;;Cr975;5;40805.0
Pcp1660;2029-01-04 04:40:28;;Cr506;5;44084.9
Pcp1536;2029-01-06 03:12:16;;Cr1641;6;49029.0
Pcp1331;2029-01-06 06:39:16;;Cr513;6;52683.8
Pcp1018;2029-01-08 10:29:20;;Cr1018;6;54396.2
Pcp1437;2029-01-08 11:07:16;;Cr771;3;27131.5
Pcp362;2029-01-10 02:52:03;;Cr978;6;50588.4
Pcp1878;2029-01-11 20:09:27;;Cr965;4;37718.6
Pcp581;2029-01-12 14:00:46;;Cr762;7;63506.4
Pcp1356;2029-01-13 12:16:40;;Cr1789;6;52237.6
Pcp814;2029-01-13 12:25:50;;Cr1982;5;46910.7
Pcp104;2029-01-14 10:00:00;;Cr420;5;43223.2
Pcp868;2029-01-14 12:00:00;;Cr1627;4;35202.4
Pcp1387;2029-01-14 17:29:44;;Cr1432;5;44813.0
Pcp1508;2029-01-15 23:50:40;;Cr146;4;30214.1
Pcp914;2029-01-19 17:49:54;;Cr903;5;46584.5
Pcp996;2029-01-19 18:25:25;;Cr48;6;54040.2
Pcp1615;2029-01-19 23:41:40;;Cr113;6;50570.1
Pcp1482;2029-01-19 23:45:20;;Cr1147;7;61697.3
Pcp518;2029-01-20 15:17:09;;Cr1091;7;63842.8
Pcp950;2029-01-21 18:05:52;;Cr1883;6;52763.0
Pcp1222;2029-01-22 14:04:40;;Cr1970;7;62300.2
Pcp1962;2029-01-22 19:54:09;;Cr1607;6;56393.8
Pcp200;2029-01-27 02:02:06;;Cr1225;4;36395.9
Pcp570;2029-01-27 13:51:54;;Cr1232;7;60760.3
Pcp1729;2029-01-28 10:51:12;;Cr1557;6;51828.7
Pcp1345;2029-01-30 12:26:33;;Cr1239;4;32732.8
Pcp78;2029-01-31 06:59:50;;Cr697;7;62762.2
Pcp1233;2029-01-31 21:01:57;;Cr1690;4;30400.2
Pcp1470;2029-02-01 14:36:45;;Cr1285;5;41370.0
Pcp372;2029-02-01 23:01:48;;Cr326;3;26886.4
Pcp273;2029-02-02 18:34:30;;Cr1911;4;34270.1
Pcp1891;2029-02-03 04:04:44;;Cr1782;4;32100.9
Pcp1125;2029-02-06 06:22:24;;Cr1703;3;27783.2
Pcp1569;2029-02-06 09:45:08;;Cr168;6;51279.4
Pcp611;2029-02-07 01:58:45;;Cr1389;4;29248.5
Pcp1425;2029-02-07 05:31:55;;Cr1059;4;33772.8
Pcp1825;2029-02-07 13:29:55;;Cr1122;5;41327.1
Pcp11;2029-02-07 15:42:44;;Cr201;6;47565.4
Pcp278;2029-02-08 11:06:18;;Cr234;7;59340.1
Pcp1365;2029-02-09 08:03:31;;Cr555;5;43831.4
Pcp505;2029-02-10 18:20:12;;Cr786;6;56822.0
Pcp277;2029-02-10 23:09:12;;Cr690;4;33195.7
Pcp864;2029-02-11 07:43:02;;Cr866;6;56508.1
Pcp1916;2029-02-12 16:42:30;;Cr1862;7;59922.4
Pcp756;2029-02-12 23:24:30;;Cr1737;6;51342.5
Pcp565;2029-02-14 21:01:28;;Cr912;5;45190.7
Pcp101;2029-02-15 13:29:39;;Cr1930;5;41973.3
Pcp558;2029-02-19 03:40:15;;Cr367;6;49647.3
Pcp1001;2029-02-20 11:15:38;;Cr1889;7;61916.2
Pcp1315;2029-02-21 01:15:52;;Cr393;4;36454.2
Pcp1966;2029-02-21 15:59:31;;Cr1285;7;64829.4
Pcp998;2029-02-22 11:00:07;;Cr1252;5;44091.3
Pcp429;2029-02-22 18:09:36;;Cr1077;7;62739.0
Pcp748;2029-02-25 02:33:00;;Cr1916;5;46438.8
Pcp1167;2029-02-27 02:22:56;;Cr17;4;29475.4
Pcp1728;2029-02-27 14:21:46;;Cr1154;5;42867.5
Pcp1836;2029-02-28 16:37:48;;Cr396;5;46272.1
Pcp1690;2029-03-01 00:25:53;;Cr1820;4;33926.5
Pcp758;2029-03-01 08:01:31;;Cr1277;6;50568.4
Pcp1662;2029-03-03 04:54:24;;Cr217;6;48699.0
Pcp59;2029-03-03 05:20:32;;Cr1517;7;61453.7
Pcp370;2029-03-03 08:04:48;;Cr1450;3;26342.1
Pcp1682;2029-03-06 11:50:56;;Cr1282;7;61506.3
Pcp621;2029-03-06 18:30:45;;Cr524;5;38880.7
Pcp1854;2029-03-08 03:23:30;;Cr183;4;29165.5
Pcp1332;2029-03-08 09:51:45;;Cr441;6;53608.5
Pcp1554;2029-03-10 01:48:00;;Cr1831;5;38535.1
Pcp1130;2029-03-12 06:34:08;;Cr1034;5;39833.7
Pcp1318;2029-03-12 13:08:00;;Cr1771;5;43335.2
Pcp905;2029-03-15 21:41:45;;Cr459;4;33056.6
Pcp1413;2029-03-16 12:24:48;;Cr1281;5;39311.3
Pcp1302;2029-03-17 15:57:40;;Cr1089;5;45055.8
Pcp1152;2029-03-18 01:48:40;;Cr138;7;62354.7
Pcp1462;2029-03-20 06:41:24;;Cr1240;7;58963.5
Pcp1914;2029-03-20 12:43:48;;Cr223;6;48841.0
Pcp726;2029-03-21 20:12:00;;Cr991;4;34068.5
Pcp197;2029-03-21 23:50:40;;Cr785;4;29845.6
Pcp1714;2029-03-23 20:15:23;;Cr286;4;33125.7
Pcp1024;2029-03-25 23:50:51;;Cr624;4;36884.9
Pcp671;2029-03-26 17:54:54;;Cr1497;6;51326.0
Pcp1525;2029-03-27 01:53:06;;Cr732;4;36540.1
Pcp17;2029-03-29 06:27:01;;Cr558;3;25560.9
Pcp1311;2029-03-29 20:26:48;;Cr811;4;35602.4
Pcp1571;2029-04-01 10:50:16;;Cr1860;4;30025.0
Pcp1384;2029-04-03 20:18:53;;Cr1156;3;27691.5
Pcp1013;2029-04-03 23:41:54;;Cr1381;4;34768.1
Pcp752;2029-04-05 04:00:00;;Cr207;5;44464.9
Pcp389;2029-04-06 13:28:06;;Cr579;3;26385.0
Pcp977;2029-04-06 20:19:28;;Cr1433;7;64893.1
Pcp599;2029-04-08 01:16:14;;Cr1448;6;51750.4
Pcp83;2029-04-10 11:14:46;;Cr364;7;60353.9
Pcp151;2029-04-11 16:00:00;;Cr1504;5;46121.6
Pcp1248;2029-04-14 18:51:12;;Cr625;3;26208.7
Pcp264;2029-04-15 10:39:12;;Cr1645;6;54851.4
Pcp683;2029-04-16 04:00:00;;Cr1149;5;43997.9
Pcp1539;2029-04-17 11:32:07;;Cr467;5;39163.2
Pcp1594;2029-04-17 13:55:02;;Cr1199;3;26454.4
Pcp1567;2029-04-18 12:08:21;;Cr1106;6;54304.3
Pcp999;2029-04-20 22:53:20;;Cr100;7;59867.0
Pcp1948;2029-04-21 15:48:32;;Cr335;4;33977.8
Pcp889;2029-04-24 15:13:08;;Cr1608;3;26531.0
Pcp1605;2029-04-25 08:00:00;;Cr1096;3;25273.0
Pcp396;2029-04-27 11:43:39;;Cr1651;3;26645.9
Pcp1241;2029-04-29 17:47:48;;Cr1965;5;44068.3
Pcp342;2029-05-01 10:00:00;;Cr170;5;41498.5
Pcp954;2029-05-01 16:00:00;;Cr1555;4;33139.2
Pcp1850;2029-05-02 00:32:18;;Cr1919;7;58307.1
Pcp1607;2029-05-02 02:39:02;;Cr692;7;57653.4
Pcp116;2029-05-02 04:24:50;;Cr1828;3;27378.8
Pcp514;2029-05-02 21:00:00;;Cr1228;3;25399.3
Pcp315;2029-05-08 03:00:16;;Cr1163;5;47228.4
Pcp280;2029-05-10 07:34:34;;Cr146;4;32614.4
Pcp1698;2029-05-11 02:15:03;;Cr961;6;56747.4
Pcp1832;2029-05-11 09:36:11;;Cr527;4;37283.0
Pcp1376;2029-05-20 00:00:00;;Cr307;5;43185.3
Pcp1680;2029-05-21 10:00:00;;Cr530;3;25441.4
Pcp156;2029-05-21 20:00:00;;Cr96;5;46249.0
Pcp1868;2029-05-22 10:47:48;;Cr1906;5;41131.1
Pcp1907;2029-05-23 02:50:48;;Cr1738;6;50036.1
Pcp1143;2029-05-28 16:00:00;;Cr1088;6;52139.1
Pcp1902;2029-05-31 02:24:04;;Cr52;4;29453.7
Pcp289;2029-06-02 01:00:00;;Cr857;5;44075.7
Pcp1994;2029-06-02 11:26:26;;Cr891;7;57619.5
Pcp336;2029-06-03 00:00:00;;Cr569;5;41357.0
Pcp1317;2029-06-04 22:04:04;;Cr749;4;33571.5
Pcp261;2029-06-05 01:18:40;;Cr1850;4;28816.1
Pcp1695;2029-06-06 10:38:44;;Cr1452;6;54602.8
Pcp1328;2029-06-09 01:47:45;;Cr1092;4;28731.9
Pcp146;2029-06-13 13:00:00;;Cr572;4;31294.4
Pcp117;2029-06-14 04:00:00;;Cr527;7;60130.2
Pcp1844;2029-06-14 10:00:00;;Cr1859;6;51457.5
Pcp163;2029-06-17 10:29:56;;Cr883;6;51415.7
Pcp893;2029-06-18 00:35:20;;Cr1439;7;62223.8
Pcp1839;2029-06-18 03:08:02;;Cr1702;5;45135.0
Pcp945;2029-06-19 21:10:40;;Cr563;7;64179.8
Pcp846;2029-06-23 03:47:48;;Cr522;4;37570.6
Pcp391;2029-06-23 05:05:00;;Cr1343;6;55599.9
Pcp242;2029-06-23 23:53:03;;Cr1527;5;44557.8
Pcp1048;2029-06-24 15:12:38;;Cr804;4;34710.7
Pcp409;2029-06-24 23:15:47;;Cr1412;6;56583.8
Pcp457;2029-06-25 23:39:27;;Cr869;3;27049.1
Pcp1921;2029-06-29 02:34:48;;Cr739;3;25896.2
Pcp1419;2029-06-29 12:44:40;;Cr1634;6;47653.5
Pcp991;2029-06-30 12:24:16;;Cr391;5;44101.3
Pcp127;2029-06-30 15:20:32;;Cr383;7;61199.7
Pcp354;2029-07-01 13:16:33;;Cr1158;7;60268.6
Pcp426;2029-07-01 20:03:45;;Cr876;5;47416.1
Pcp1135;2029-07-02 11:54:54;;Cr288;3;26988.7
Pcp252;2029-07-03 05:13:54;;Cr529;7;60417.0
Pcp1208;2029-07-03 05:38:12;;Cr1248;4;32668.3
Pcp587;2029-07-04 10:45:36;;Cr1408;6;54270.5
Pcp381;2029-07-04 16:56:40;;Cr1482;4;36555.3
Pcp288;2029-07-05 15:36:09;;Cr1105;4;37310.7
Pcp602;2029-07-08 05:32:24;;Cr1210;6;53101.5
Pcp1385;2029-07-08 22:53:20;;Cr722;6;55688.5
Pcp887;2029-07-09 05:10:10;;Cr1173;6;53883.8
Pcp1254;2029-07-10 14:26:42;;Cr1521;7;63054.5
Pcp1533;2029-07-12 15:28:51;;Cr653;5;45539.2
Pcp706;2029-07-13 12:58:50;;Cr1566;4;30563.3
Pcp236;2029-07-14 14:18:10;;Cr1614;3;27964.7
Pcp1506;2029-07-14 19:23:15;;Cr123;4;29701.7
Pcp644;2029-07-15 11:04:48;;Cr139;6;48075.8
Pcp6;2029-07-16 04:36:40;;Cr750;5;38438.9
Pcp232;2029-07-16 05:18:16;;Cr959;6;53052.3
Pcp876;2029-07-16 12:34:36;;Cr385;7;60955.6
Pcp400;2029-07-20 08:50:21;;Cr1706;6;54075.7
Pcp1574;2029-07-21 04:20:06;;Cr979;4;29317.9
Pcp1467;2029-07-21 08:22:20;;Cr517;4;36375.1
Pcp1858;2029-07-21 16:13:48;;Cr1253;5;46793.8
Pcp1092;2029-07-22 03:44:51;;Cr1230;5;44322.0
Pcp1398;2029-07-22 05:52:39;;Cr1860;4;34773.5
Pcp1258;2029-07-24 02:41:12;;Cr1130;4;30271.5
Pcp71;2029-07-25 23:19:09;;Cr552;7;62316.1
Pcp694;2029-07-26 05:09:20;;Cr313;3;25073.9
Pcp77;2029-07-26 07:04:01;;Cr1486;4;31109.9
Pcp477;2029-07-27 02:59:24;;Cr1534;5;45396.8
Pcp804;2029-07-27 13:34:20;;Cr698;4;33318.0
Pcp1703;2029-07-27 15:03:41;;Cr1448;4;29285.3
Pcp1585;2029-07-28 06:29:33;;Cr62;5;43911.4
Pcp837;2029-07-30 21:45:06;;Cr194;6;52922.7
Pcp894;2029-08-01 05:30:25;;Cr1016;7;60734.7
Pcp488;2029-08-05 00:34:04;;Cr1422;5;45272.8
Pcp1172;2029-08-07 01:28:54;;Cr979;6;52945.4
Pcp956;2029-08-07 03:59:06;;Cr731;7;62543.7
Pcp1396;2029-08-08 04:50:36;;Cr932;6;55853.1
Pcp38;2029-08-08 18:04:25;;Cr372;6;56596.7
Pcp992;2029-08-09 06:18:25;;Cr1750;5;40217.9
Pcp1715;2029-08-14 07:49:10;;Cr1557;4;33369.0
Pcp908;2029-08-16 01:26:21;;Cr811;7;57578.8
Pcp1446;2029-08-16 05:22:54;;Cr311;5;41113.2
Pcp1638;2029-08-16 07:24:20;;Cr1523;5;38891.4
Pcp800;2029-08-16 17:26:21;;Cr763;6;54905.1
Pcp441;2029-08-16 20:41:14;;Cr1139;6;48700.2
Pcp686;2029-08-18 06:30:50;;Cr498;5;38330.4
Pcp1169;2029-08-18 22:15:25;;Cr1311;5;41131.7
Pcp1600;2029-08-19 21:45:09;;Cr1252;7;62795.5
Pcp1799;2029-08-20 14:16:08;;Cr1764;5;47073.6
Pcp947;2029-08-22 14:03:40;;Cr1169;4;31924.3
Pcp899;2029-08-23 19:39:00;;Cr620;7;64774.4
Pcp1881;2029-08-24 04:23:24;;Cr29;4;33173.7
Pcp1264;2029-08-25 04:19:39;;Cr1012;7;60618.3
Pcp1998;2029-08-25 08:04:12;;Cr789;7;60997.5
Pcp133;2029-08-26 14:07:32;;Cr121;5;43762.4
Pcp432;2029-08-27 14:47:44;;Cr623;5;43641.8
Pcp1808;2029-08-31 01:53:00;;Cr486;5;38319.2
Pcp1969;2029-08-31 15:16:00;;Cr1307;5;44782.8
Pcp598;2029-09-01 02:06:18;;Cr249;7;60427.5
Pcp898;2029-09-03 03:20:45;;Cr307;7;57377.6
Pcp848;2029-09-03 22:57:18;;Cr835;4;30726.6
Pcp1705;2029-09-05 11:12:40;;Cr1732;5;38504.4
Pcp419;2029-09-05 20:34:03;;Cr647;6;56610.7
Pcp85;2029-09-07 07:40:54;;Cr976;6;50813.4
Pcp1088;2029-09-08 18:26:32;;Cr1296;5;44896.1
Pcp326;2029-09-08 20:52:48;;Cr1468;5;38964.1
Pcp922;2029-09-09 08:17:24;;Cr1310;4;29254.2
Pcp600;2029-09-11 04:53:43;;Cr1190;5;41655.8
Pcp861;2029-09-11 11:46:03;;Cr1556;6;49465.1
Pcp107;2029-09-12 00:20:56;;Cr1532;7;60732.5
Pcp886;2029-09-12 04:01:12;;Cr1786;7;60856.6
Pcp971;2029-09-12 11:53:53;;Cr888;5;42155.2
Pcp1772;2029-09-13 21:40:21;;Cr1470;6;54450.5
Pcp1493;2029-09-14 11:36:24;;Cr1791;5;43876.2
Pcp1288;2029-09-17 16:52:33;;Cr707;7;60283.1
Pcp1093;2029-09-18 05:56:29;;Cr53;5;46450.0
Pcp1360;2029-09-18 07:16:24;;Cr481;6;50196.3
Pcp1984;2029-09-18 17:14:50;;Cr1387;7;64938.4
Pcp1407;2029-09-19 21:56:48;;Cr267;4;34610.8
Pcp636;2029-09-20 12:04:03;;Cr1356;4;37570.1
Pcp1266;2029-09-22 15:43:00;;Cr919;5;42006.2
Pcp559;2029-09-25 10:25:12;;Cr1360;6;56382.6
Pcp201;2029-09-26 13:09:53;;Cr1390;4;32401.2
Pcp69;2029-09-26 17:39:45;;Cr1115;7;57175.1
Pcp1719;2029-09-27 07:58:21;;Cr1876;7;61172.2
Pcp1894;2029-09-28 19:00:24;;Cr44;7;61609.8
Pcp970;2029-09-28 19:35:46;;Cr557;5;40067.3
Pcp818;2029-09-30 08:34:33;;Cr1787;4;35932.9
Pcp73;2029-09-30 09:24:49;;Cr1089;6;54397.6
Pcp760;2029-09-30 10:50:41;;Cr998;5;46118.1
Pcp1829;2029-09-30 13:19:42;;Cr669;7;64680.3
Pcp297;2029-09-30 22:24:46;;Cr530;5;39806.6
Pcp1040;2029-10-02 12:22:35;;Cr1075;3;27041.1
Pcp1171;2029-10-02 19:37:12;;Cr487;5;40212.7
Pcp494;2029-10-03 04:35:12;;Cr1997;4;32340.6
Pcp1950;2029-10-05 05:52:16;;Cr1271;3;26012.4
Pcp1337;2029-10-05 08:29:52;;Cr1131;5;39863.0
Pcp1769;2029-10-05 15:17:20;;Cr135;3;27286.6
Pcp1273;2029-10-07 10:47:29;;Cr169;7;61396.3
Pcp1440;2029-10-08 16:27:35;;Cr1426;6;55085.8
Pcp909;2029-10-09 17:50:24;;Cr1541;4;32477.2
Pcp1740;2029-10-10 18:26:29;;Cr38;4;37545.8
Pcp883;2029-10-11 08:33:54;;Cr1453;3;25643.3
Pcp1245;2029-10-12 18:04:50;;Cr481;3;26466.0
Pcp1028;2029-10-12 20:09:36;;Cr337;7;62049.0
Pcp777;2029-10-12 21:23:42;;Cr694;5;45848.1
Pcp768;2029-10-14 06:47:28;;Cr1853;6;54562.8
Pcp1812;2029-10-15 16:22:08;;Cr982;7;58500.8
Pcp1165;2029-10-17 18:00:36;;Cr64;6;48323.8
Pcp152;2029-10-18 11:48:43;;Cr1773;4;36002.2
Pcp1882;2029-10-19 01:36:58;;Cr1600;7;60670.0
Pcp1382;2029-10-20 13:14:15;;Cr1878;3;28088.5
Pcp556;2029-10-20 22:01:36;;Cr503;3;25132.7
Pcp256;2029-10-23 17:22:15;;Cr1716;6;53971.9
Pcp213;2029-10-28 02:47:36;;Cr1168;5;41477.6
Pcp932;2029-10-31 07:43:52;;Cr920;5;46144.8
Pcp872;2029-10-31 10:25:45;;Cr1125;7;61219.7
Pcp1475;2029-11-01 03:00:00;;Cr167;4;29098.2
Pcp1394;2029-11-01 15:00:00;;Cr993;6;54153.6
Pcp1913;2029-11-02 07:00:00;;Cr1780;6;51887.6
Pcp246;2029-11-03 11:34:45;;Cr1450;4;35674.2
Pcp1438;2029-11-05 05:57:40;;Cr1466;5;39459.9
Pcp343;2029-11-08 06:27:56;;Cr1788;7;61641.0
Pcp368;2029-11-08 13:32:00;;Cr1630;5;45554.6
Pcp590;2029-11-09 21:00:00;;Cr596;5;43867.3
Pcp1558;2029-11-10 03:00:00;;Cr1730;6;48179.0
Pcp1454;2029-11-11 12:53:12;;Cr232;4;35534.1
Pcp1323;2029-11-12 13:50:45;;Cr1218;3;25412.4
Pcp1888;2029-11-13 21:18:30;;Cr290;7;58971.1
Pcp1724;2029-11-13 21:28:45;;Cr1844;7;57915.4
Pcp140;2029-11-14 14:47:06;;Cr1005;7;60114.5
Pcp1492;2029-11-14 16:10:45;;Cr1575;4;33687.7
Pcp1003;2029-11-15 02:10:54;;Cr1933;3;28197.6
Pcp1805;2029-11-15 14:01:45;;Cr804;6;53149.3
Pcp1956;2029-11-15 21:55:36;;Cr244;5;46568.4
Pcp603;2029-11-18 00:07:21;;Cr1172;6;55662.3
Pcp1780;2029-11-28 04:00:00;;Cr6;5;47228.0
Pcp221;2029-11-28 20:00:00;;Cr1656;6;50479.8
Pcp852;2029-11-29 11:00:00;;Cr1911;4;29934.6
Pcp743;2029-12-04 08:00:00;;Cr113;5;42527.5
Pcp1491;2029-12-04 15:00:00;;Cr1667;7;62011.9
Pcp627;2029-12-04 15:00:00;;Cr462;5;38399.0
Pcp1684;2029-12-07 11:56:45;;Cr659;3;28192.4
Pcp827;2029-12-07 15:21:40;;Cr1273;5;40490.2
Pcp1160;2029-12-07 21:27:20;;Cr365;6;51742.8
Pcp1068;2029-12-08 14:45:32;;Cr1637;5;46549.7
Pcp1753;2029-12-08 17:49:24;;Cr1670;6;51181.2
Pcp962;2029-12-10 07:28:12;;Cr1662;7;61432.9
Pcp491;2029-12-12 20:32:00;;Cr883;5;41487.4
Pcp813;2029-12-12 22:41:52;;Cr1082;6;48779.4
Pcp1399;2029-12-13 08:14:41;;Cr1489;5;40719.5
Pcp227;2029-12-18 23:09:22;;Cr488;5;42038.6
Pcp1706;2029-12-19 02:15:10;;Cr1495;4;33124.1
Pcp1019;2029-12-20 01:00:00;;Cr1615;3;26936.5
Pcp1157;2029-12-21 07:31:42;;Cr370;6;53131.8
Pcp637;2029-12-22 14:05:08;;Cr256;4;30312.8
Pcp639;2029-12-22 18:10:40;;Cr1834;3;27196.5
Pcp903;2029-12-23 18:34:26;;Cr1374;5;39553.3
Pcp1577;2029-12-25 06:37:42;;Cr1215;4;36604.7
Pcp1175;2029-12-27 22:45:09;;Cr1101;3;25980.7
Pcp1081;2029-12-28 08:33:45;;Cr125;4;34617.3
Pcp810;2029-12-29 04:00:00;;Cr1982;4;29140.2
Pcp1293;2029-12-29 11:00:00;;Cr1481;5;39975.2
Pcp928;2030-01-02 21:36:01;;Cr1654;4;29820.1
Pcp266;2030-01-03 16:00:00;;Cr124;6;53026.7
Pcp1670;2030-01-04 09:00:00;;Cr1036;4;30931.1
Pcp1327;2030-01-05 04:14:09;;Cr1267;5;40712.4
Pcp1050;2030-01-05 13:26:26;;Cr721;6;49209.9
Pcp566;2030-01-06 10:27:36;;Cr1101;5;38159.4
Pcp1343;2030-01-06 18:08:42;;Cr551;4;36048.1
Pcp2000;2030-01-08 00:11:45;;Cr1130;5;46602.4
Pcp398;2030-01-13 01:00:00;;Cr276;4;33993.9
Pcp511;2030-01-13 12:00:00;;Cr1058;4;28809.6
Pcp1648;2030-01-14 10:00:00;;Cr1884;7;64565.3
Pcp1983;2030-01-17 20:22:00;;Cr1483;5;45752.4
Pcp1776;2030-01-18 12:39:23;;Cr1968;3;25104.4
Pcp323;2030-01-21 11:46:58;;Cr1780;7;60269.0
Pcp793;2030-01-22 23:00:00;;Cr963;4;30222.3
Pcp1078;2030-01-23 17:40:42;;Cr1261;6;48669.0
Pcp1883;2030-01-23 23:39:38;;Cr1125;7;62919.3
Pcp455;2030-01-25 04:42:09;;Cr1515;4;31114.6
Pcp734;2030-01-25 23:33:14;;Cr1561;5;44483.7
Pcp1389;2030-01-26 15:38:28;;Cr1206;4;30732.9
Pcp560;2030-01-26 17:40:48;;Cr1814;5;45713.2
Pcp1350;2030-01-30 08:04:54;;Cr1451;7;62154.7
Pcp923;2030-02-06 00:00:00;;Cr508;3;25044.8
Pcp1689;2030-02-07 21:00:00;;Cr1215;7;61341.8
Pcp747;2030-02-08 08:47:51;;Cr1783;7;62052.2
Pcp648;2030-02-08 19:00:00;;Cr393;5;43655.9
Pcp1021;2030-02-09 18:00:00;;Cr777;6;47614.7
Pcp775;2030-02-11 15:37:05;;Cr1845;3;25834.6
Pcp655;2030-02-12 19:07:24;;Cr1532;6;55598.6
Pcp1002;2030-02-13 03:55:36;;Cr1850;6;52446.4
Pcp687;2030-02-14 15:35:42;;Cr586;6;54641.2
Pcp337;2030-02-15 15:47:25;;Cr265;7;62089.0
Pcp1418;2030-02-15 19:49:32;;Cr949;4;34105.0
Pcp1430;2030-02-16 07:41:40;;Cr443;7;58268.6
Pcp1044;2030-02-18 10:13:17;;Cr378;5;41980.6
Pcp1613;2030-02-20 13:30:36;;Cr531;5;38157.2
Pcp1474;2030-02-21 15:34:52;;Cr58;7;60893.1
Pcp204;2030-02-23 09:46:50;;Cr1768;7;61532.0
Pcp1735;2030-02-25 23:30:33;;Cr522;6;55043.4
Pcp1371;2030-02-27 07:00:00;;Cr1293;3;27143.0
Pcp512;2030-02-27 21:00:00;;Cr1868;6;49691.0
Pcp27;2030-03-01 05:32:33;;Cr1378;4;35625.1
Pcp364;2030-03-02 18:07:02;;Cr205;5;45784.9
Pcp361;2030-03-06 13:00:00;;Cr766;5;47320.7
Pcp853;2030-03-07 09:00:00;;Cr1810;4;32029.5
Pcp184;2030-03-09 14:36:00;;Cr1516;4;35719.6
Pcp1277;2030-03-10 16:13:39;;Cr1124;6;47856.2
Pcp470;2030-03-11 07:00:00;;Cr798;5;39741.7
Pcp420;2030-03-12 10:36:51;;Cr1766;4;29502.0
Pcp284;2030-03-13 02:15:48;;Cr1237;4;33808.8
Pcp517;2030-03-14 18:33:38;;Cr1712;6;54564.5
Pcp718;2030-03-14 19:40:14;;Cr269;4;35573.4
Pcp588;2030-03-15 03:11:16;;Cr1637;5;45367.2
Pcp129;2030-03-15 07:17:57;;Cr656;7;61231.5
Pcp547;2030-03-15 23:15:36;;Cr1656;3;27186.9
Pcp316;2030-03-16 00:52:18;;Cr799;7;59647.7
Pcp1820;2030-03-18 10:35:27;;Cr1926;5;45689.5
Pcp997;2030-03-21 01:52:16;;Cr142;6;54709.0
Pcp250;2030-03-21 14:01:51;;Cr1549;5;38294.6
Pcp1182;2030-03-21 15:46:27;;Cr1073;3;28009.2
Pcp867;2030-03-22 05:58:55;;Cr218;4;29835.3
Pcp1784;2030-03-22 13:52:50;;Cr1446;7;60914.8
Pcp415;2030-03-25 04:39:27;;Cr1998;6;52201.8
Pcp1059;2030-03-25 09:39:18;;Cr1695;5;43177.8
Pcp1022;2030-03-26 18:57:13;;Cr927;3;26795.5
Pcp1981;2030-03-28 00:49:31;;Cr195;4;36177.7
Pcp463;2030-03-30 06:32:06;;Cr543;6;49774.0
Pcp896;2030-03-30 07:37:42;;Cr1643;5;42470.4
Pcp1316;2030-03-30 18:01:54;;Cr1775;4;35890.6
Pcp906;2030-03-31 15:32:40;;Cr1357;7;64151.9
Pcp935;2030-04-02 05:49:54;;Cr125;6;54678.9
Pcp1224;2030-04-02 11:28:42;;Cr1202;5;38509.7
Pcp591;2030-04-07 20:31:24;;Cr1380;4;31739.8
Pcp657;2030-04-12 08:00:00;;Cr827;7;62694.7
Pcp486;2030-04-12 16:00:00;;Cr752;6;56780.4
Pcp460;2030-04-13 12:00:00;;Cr1733;5;43060.2
Pcp1963;2030-04-14 03:00:00;;Cr1870;7;63378.8
Pcp1026;2030-04-15 05:33:44;;Cr121;5;42201.2
Pcp1885;2030-04-16 17:01:54;;Cr864;5;43835.3
Pcp684;2030-04-16 21:48:32;;Cr770;5;38292.4
Pcp1596;2030-04-18 00:50:20;;Cr1657;5;39803.5
Pcp1986;2030-04-18 06:43:00;;Cr449;5;39414.7
Pcp850;2030-04-19 06:25:45;;Cr1573;3;25214.9
Pcp379;2030-04-20 11:42:00;;Cr992;5;39036.7
Pcp701;2030-04-20 20:46:24;;Cr1319;3;27737.1
Pcp175;2030-04-21 01:13:52;;Cr1128;3;27961.8
Pcp580;2030-04-21 03:57:30;;Cr36;6;54019.2
Pcp1518;2030-04-22 10:26:35;;Cr792;5;47145.6
Pcp919;2030-04-25 11:25:28;;Cr1445;3;28139.6
Pcp123;2030-04-27 20:16:03;;Cr959;3;27985.8
Pcp1202;2030-04-28 04:57:24;;Cr1634;6;53408.3
Pcp438;2030-04-29 13:00:00;;Cr1333;7;57270.0
Pcp1170;2030-04-30 11:20:42;;Cr1049;5;38965.9
Pcp784;2030-05-01 04:53:03;;Cr909;5;47251.0
Pcp1235;2030-05-02 06:23:18;;Cr740;5;41546.8
Pcp1037;2030-05-03 18:37:40;;Cr793;5;44976.0
Pcp1775;2030-05-04 17:41:35;;Cr278;4;35058.3
Pcp1121;2030-05-06 12:54:36;;Cr118;4;30955.4
Pcp1153;2030-05-07 19:35:26;;Cr1083;6;50481.2
Pcp613;2030-05-08 19:16:10;;Cr1109;5;42606.4
Pcp1583;2030-05-08 23:24:02;;Cr781;5;40370.0
Pcp394;2030-05-10 14:09:18;;Cr654;5;46715.3
Pcp312;2030-05-11 21:32:44;;Cr131;6;51583.8
Pcp1603;2030-05-13 15:18:12;;Cr1928;7;61776.4
Pcp1036;2030-05-15 07:20:51;;Cr1370;7;62732.3
Pcp842;2030-05-20 12:00:00;;Cr657;4;37682.5
Pcp1449;2030-05-22 08:00:00;;Cr967;4;29507.5
Pcp1042;2030-05-24 04:00:00;;Cr640;5;46838.3
Pcp1124;2030-05-30 04:00:00;;Cr790;7;60481.4
Pcp1358;2030-05-30 08:00:00;;Cr1849;5;42364.9
Pcp1843;2030-05-30 10:00:00;;Cr183;5;45817.4
Pcp1283;2030-05-31 00:00:00;;Cr171;7;64874.9
Pcp135;2030-06-02 00:25:55;;Cr1959;7;58505.8
Pcp629;2030-06-02 06:47:05;;Cr1907;4;32025.6
Pcp383;2030-06-02 21:07:34;;Cr1030;4;34653.5
Pcp1624;2030-06-05 04:16:10;;Cr1179;6;53870.4
Pcp1733;2030-06-06 19:17:50;;Cr535;5;46237.9
Pcp496;2030-06-09 11:13:20;;Cr246;6;53127.5
Pcp785;2030-06-09 19:23:48;;Cr781;6;50044.3
Pcp1504;2030-06-11 01:00:00;;Cr814;3;26713.1
Pcp1610;2030-06-11 06:00:00;;Cr554;4;36482.6
Pcp245;2030-06-13 23:44:18;;Cr1457;4;33560.6
Pcp969;2030-06-14 09:14:24;;Cr554;4;31318.8
Pcp351;2030-06-14 15:02:58;;Cr706;7;57879.8
Pcp30;2030-06-15 10:00:00;;Cr1027;5;40644.7
Pcp939;2030-06-15 17:00:00;;Cr98;7;64841.2
Pcp1903;2030-06-17 03:47:04;;Cr591;7;62273.0
Pcp522;2030-06-18 09:09:05;;Cr729;4;35899.1
Pcp387;2030-06-20 09:02:19;;Cr1524;4;37329.8
Pcp1357;2030-06-20 15:28:27;;Cr1185;4;30292.5
Pcp1281;2030-06-22 20:41:50;;Cr263;7;62381.7
Pcp207;2030-06-23 22:28:56;;Cr744;5;46519.9
Pcp1326;2030-06-27 01:43:33;;Cr839;6;55331.6
Pcp1452;2030-06-30 16:00:00;;Cr1259;4;32417.6
Pcp1196;2030-07-01 16:00:00;;Cr244;4;37958.2
Pcp1816;2030-07-09 08:00:00;;Cr1848;6;54494.4
Pcp1821;2030-07-12 17:47:06;;Cr615;6;49116.5
Pcp975;2030-07-17 08:00:00;;Cr585;5;40116.6
Pcp1195;2030-07-18 04:00:00;;Cr1168;3;28161.9
Pcp305;2030-07-21 16:00:00;;Cr1297;4;31151.1
Pcp328;2030-07-26 16:00:00;;Cr74;5;45709.7
Pcp688;2030-07-29 07:17:42;;Cr1714;5;40948.5
Pcp1422;2030-07-29 11:31:18;;Cr1878;7;58934.5
Pcp986;2030-07-30 10:00:00;;Cr1346;3;27922.3
Pcp963;2030-08-07 16:00:00;;Cr1219;3;28068.9
Pcp1548;2030-08-07 20:00:00;;Cr1430;6;55012.3
Pcp1433;2030-08-14 16:00:00;;Cr1068;6;56703.3
Pcp1219;2030-08-15 04:00:00;;Cr1887;7;59964.5
Pcp1861;2030-08-16 03:00:00;;Cr1988;6;55017.2
Pcp1590;2030-08-16 08:00:00;;Cr173;3;26515.5
Pcp1655;2030-08-20 05:08:44;;Cr1042;7;64482.3
Pcp545;2030-08-21 07:00:00;;Cr230;7;60069.1
Pcp120;2030-08-24 00:41:54;;Cr144;5;40033.4
Pcp453;2030-08-25 16:00:00;;Cr786;6;56518.5
Pcp5;2030-08-29 15:00:00;;Cr1728;7;61581.1
Pcp1298;2030-08-31 19:26:04;;Cr861;6;54829.9
Pcp1811;2030-09-01 01:02:38;;Cr1462;4;32684.7
Pcp1378;2030-09-01 23:30:54;;Cr983;6;55212.4
Pcp1460;2030-09-06 10:43:06;;Cr1058;4;37881.8
Pcp1159;2030-09-08 17:46:20;;Cr1665;6;48183.1
Pcp39;2030-09-09 19:00:00;;Cr662;7;61625.1
Pcp313;2030-09-11 00:59:48;;Cr1802;5;41967.7
Pcp1060;2030-09-14 02:45:00;;Cr962;4;30270.8
Pcp1231;2030-09-16 13:44:13;;Cr1346;5;39340.3
Pcp1756;2030-09-16 17:33:18;;Cr783;6;47571.9
Pcp1282;2030-09-23 13:00:00;;Cr1473;5;38178.8
Pcp1030;2030-09-23 20:00:00;;Cr551;7;64294.4
Pcp1732;2030-09-24 16:00:00;;Cr1055;7;57024.1
Pcp114;2030-09-24 22:00:00;;Cr1458;7;63589.0
Pcp1666;2030-09-25 04:00:00;;Cr782;6;54871.6
Pcp1405;2030-09-26 04:19:40;;Cr718;7;63936.9
Pcp268;2030-09-27 13:48:21;;Cr1903;4;37490.9
Pcp830;2030-10-01 09:31:57;;Cr159;6;49353.9
Pcp550;2030-10-02 14:19:00;;Cr1515;7;64409.7
Pcp433;2030-10-04 23:20:15;;Cr229;7;57707.5
Pcp1009;2030-10-07 11:01:03;;Cr35;6;53819.3
Pcp640;2030-10-12 03:00:00;;Cr736;4;29804.0
Pcp1896;2030-10-13 10:00:00;;Cr1699;5;46892.0
Pcp1473;2030-10-15 21:18:22;;Cr577;6;50019.9
Pcp1223;2030-10-17 04:00:00;;Cr1233;4;37511.4
Pcp1764;2030-10-19 03:44:02;;Cr943;6;53556.7
Pcp181;2030-10-19 12:26:58;;Cr1220;7;60225.8
Pcp713;2030-10-22 05:32:30;;Cr1288;7;63212.9
Pcp529;2030-10-23 03:12:40;;Cr1109;3;26605.5
Pcp543;2030-10-23 20:21:14;;Cr1060;4;37832.7
Pcp854;2030-10-26 16:26:10;;Cr1799;5;43838.1
Pcp1573;2030-10-26 19:20:06;;Cr1102;4;35567.2
Pcp561;2030-10-27 19:00:00;;Cr924;5;40660.8
Pcp722;2030-10-31 23:00:00;;Cr173;6;54559.4
Pcp414;2030-11-07 15:00:00;;Cr468;5;40170.3
Pcp1898;2030-11-07 16:00:00;;Cr799;4;29425.4
Pcp1404;2030-11-09 07:00:00;;Cr1975;4;33222.1
Pcp1720;2030-11-10 05:44:21;;Cr1594;4;34800.7
Pcp1458;2030-11-12 10:14:01;;Cr780;5;41905.6
Pcp985;2030-11-14 15:01:26;;Cr699;5;41220.3
Pcp251;2030-11-14 23:27:20;;Cr1653;6;55090.5
Pcp502;2030-11-18 08:16:28;;Cr736;5;39492.5
Pcp1417;2030-11-18 22:34:42;;Cr1569;4;37243.9
Pcp930;2030-11-23 15:00:00;;Cr715;7;58237.7
Pcp309;2030-11-26 09:45:46;;Cr114;5;41952.2
Pcp358;2030-11-30 00:00:00;;Cr1626;4;33791.2
Pcp1485;2030-12-01 06:00:00;;Cr1615;6;49579.5
Pcp1207;2030-12-04 21:00:00;;Cr1642;5;47047.3
Pcp410;2030-12-16 03:00:00;;Cr771;6;49868.8
Pcp1361;2030-12-16 19:00:00;;Cr1122;6;54893.8
Pcp202;2030-12-19 01:01:48;;Cr1516;5;39141.7
Pcp951;2030-12-20 13:13:20;;Cr510;6;54444.5
Pcp1333;2030-12-23 07:53:52;;Cr1100;5;42844.0
Pcp310;2030-12-23 08:24:58;;Cr99;6;48772.1
Pcp953;2030-12-23 08:57:12;;Cr913;6;49224.5
Pcp1823;2030-12-23 16:40:10;;Cr1995;7;61058.6
Pcp668;2030-12-24 21:00:00;;Cr341;7;60297.8
Pcp1127;2030-12-26 12:07:52;;Cr1064;7;60994.1
Pcp224;2030-12-27 13:23:15;;Cr1207;4;31840.0
Pcp1063;2030-12-29 13:23:51;;Cr1684;4;31729.6
Pcp90;2030-12-30 05:18:09;;Cr476;6;48140.4
Pcp87;2031-01-01 19:30:50;;Cr1601;4;33871.1
Pcp569;2031-01-01 23:13:10;;Cr1972;5;41432.0
Pcp97;2031-01-03 02:32:08;;Cr1029;3;27529.5
Pcp1677;2031-01-05 11:48:36;;Cr1881;7;57413.8
Pcp1309;2031-01-18 21:00:00;;Cr1499;5;42212.0
Pcp1641;2031-01-20 03:00:00;;Cr823;3;25285.3
Pcp715;2031-01-30 03:00:00;;Cr1256;5;41951.0
Pcp72;2031-02-10 09:00:00;;Cr1317;6;55599.3
Pcp1977;2031-02-17 21:00:00;;Cr1696;4;35365.4
Pcp306;2031-02-24 12:00:00;;Cr283;7;63380.7
Pcp1626;2031-02-26 18:24:32;;Cr1037;7;62243.9
Pcp1517;2031-03-01 19:41:45;;Cr206;7;63742.3
Pcp863;2031-03-02 09:00:00;;Cr1802;7;64847.2
Pcp439;2031-03-08 23:00:00;;Cr610;7;59161.6
Pcp1403;2031-03-14 21:00:00;;Cr49;5;47150.2
Pcp1687;2031-03-17 07:41:02;;Cr1649;6;48717.9
Pcp628;2031-03-22 09:00:00;;Cr1118;4;32766.8
Pcp23;2031-04-01 10:00:00;;Cr120;4;31105.2
Pcp350;2031-04-01 18:00:00;;Cr456;6;48237.8
Pcp719;2031-04-02 20:00:00;;Cr712;4;30900.1
Pcp1045;2031-04-02 21:00:00;;Cr885;6;49446.5
Pcp1744;2031-04-05 20:26:48;;Cr64;7;64194.7
Pcp112;2031-04-11 15:00:00;;Cr1354;7;60801.9
Pcp1095;2031-04-15 14:00:00;;Cr137;5;43670.4
Pcp1852;2031-04-17 06:00:00;;Cr859;5;44051.0
Pcp763;2031-04-25 00:00:00;;Cr130;6;52526.9
Pcp834;2031-04-28 19:00:00;;Cr1021;6;54971.3
Pcp1937;2031-04-29 18:00:00;;Cr910;5;43600.1
Pcp1609;2031-05-01 06:50:56;;Cr1002;5;39766.2
Pcp1176;2031-05-03 02:13:06;;Cr532;7;63341.2
Pcp1352;2031-05-04 03:22:16;;Cr1652;7;63575.6
Pcp1992;2031-05-05 19:24:42;;Cr1041;7;58336.6
Pcp829;2031-05-08 01:42:09;;Cr671;4;33979.7
Pcp568;2031-05-12 13:00:00;;Cr1507;4;28961.2
Pcp1743;2031-05-13 02:00:00;;Cr1400;6;49970.0
Pcp388;2031-05-19 14:00:00;;Cr182;7;58766.8
Pcp1423;2031-05-23 10:00:00;;Cr133;5;47448.7
Pcp70;2031-05-24 00:00:00;;Cr394;7;60450.5
Pcp1767;2031-05-28 08:31:33;;Cr1608;4;29095.5
Pcp42;2031-05-30 11:27:27;;Cr1395;7;61595.0
Pcp406;2031-05-30 17:14:49;;Cr1989;4;33165.9
Pcp1111;2031-06-14 13:00:00;;Cr24;4;35628.7
Pcp1897;2031-06-18 16:00:00;;Cr490;5;44185.5
Pcp1947;2031-06-19 18:00:00;;Cr547;4;28644.6
Pcp696;2031-06-22 20:14:22;;Cr327;6;53171.8
Pcp194;2031-06-25 02:51:44;;Cr209;7;63385.2
Pcp1804;2031-06-27 18:27:14;;Cr324;6;48200.4
Pcp474;2031-06-29 16:00:00;;Cr1038;6;53838.4
Pcp1244;2031-07-02 13:23:45;;Cr42;4;37671.6
Pcp302;2031-07-03 18:00:00;;Cr1032;6;52618.5
Pcp1406;2031-07-08 03:00:00;;Cr1197;3;26846.4
Pcp134;2031-07-10 17:46:00;;Cr1732;7;60744.1
Pcp66;2031-07-11 02:12:52;;Cr589;4;29831.3
Pcp1334;2031-07-12 12:00:00;;Cr1539;3;28321.6
Pcp490;2031-07-16 21:00:00;;Cr1821;4;35907.6
Pcp839;2031-07-19 20:26:16;;Cr463;5;39385.8
Pcp1620;2031-07-20 07:00:00;;Cr894;4;34543.6
Pcp805;2031-07-26 14:00:00;;Cr525;6;55769.5
Pcp1612;2031-07-28 08:00:00;;Cr26;7;63263.4
Pcp779;2031-07-29 17:34:13;;Cr1059;5;44983.5
Pcp243;2031-07-30 01:47:04;;Cr45;4;33485.3
Pcp1801;2031-08-14 01:00:00;;Cr1008;7;57911.6
Pcp471;2031-08-18 06:00:00;;Cr836;4;36320.3
Pcp1547;2031-08-19 16:00:00;;Cr1402;6;49102.2
Pcp1975;2031-08-20 22:44:57;;Cr714;3;25993.2
Pcp959;2031-08-20 23:41:15;;Cr1418;4;37920.3
Pcp1451;2031-08-21 03:19:39;;Cr1781;6;48698.5
Pcp723;2031-08-25 07:26:08;;Cr996;5;40001.9
Pcp1015;2031-08-31 00:00:00;;Cr685;6;51598.9
Pcp1933;2031-09-04 06:00:00;;Cr199;5;47363.8
Pcp1166;2031-09-07 03:47:40;;Cr1570;4;32290.8
Pcp755;2031-09-13 07:00:00;;Cr1259;7;60822.7
Pcp931;2031-09-14 04:00:00;;Cr855;7;61675.6
Pcp531;2031-09-17 02:42:32;;Cr729;5;38920.2
Pcp605;2031-09-24 02:00:00;;Cr1341;4;34699.9
Pcp811;2031-09-25 12:00:00;;Cr1526;6;47700.5
Pcp205;2031-10-08 01:00:00;;Cr1812;6;56407.2
Pcp385;2031-10-11 03:23:18;;Cr1207;7;63867.0
Pcp1649;2031-10-12 12:00:00;;Cr803;4;33850.1
Pcp44;2031-10-19 14:00:00;;Cr1917;5;38213.1
Pcp767;2031-10-21 00:00:00;;Cr1421;5;46266.3
Pcp736;2031-10-25 06:00:00;;Cr1535;4;33789.8
Pcp843;2031-10-28 15:00:00;;Cr1324;7;57178.5
Pcp1635;2031-10-30 23:58:38;;Cr1111;7;63871.5
Pcp1818;2031-11-18 07:00:00;;Cr1418;5;43044.5
Pcp604;2031-11-23 23:00:00;;Cr1686;6;53483.2
Pcp16;2031-11-29 11:00:00;;Cr824;6;52746.8
Pcp95;2031-12-08 05:00:00;;Cr1696;3;27691.2
Pcp311;2031-12-22 19:00:00;;Cr1096;5;42326.9
Pcp33;2032-01-08 07:00:00;;Cr279;6;54611.6
Pcp574;2032-01-13 23:00:00;;Cr1966;4;37793.2
Pcp1501;2032-01-16 15:41:53;;Cr1262;5;42932.6
Pcp576;2032-01-18 05:00:00;;Cr968;5;45017.0
Pcp1773;2032-01-26 17:00:00;;Cr528;4;30764.8
Pcp1563;2032-01-30 23:00:00;;Cr728;4;35095.2
Pcp966;2032-01-31 04:00:00;;Cr720;6;49421.1
Pcp703;2032-02-14 18:00:00;;Cr1060;4;37794.6
Pcp1346;2032-02-29 08:00:00;;Cr1681;5;40940.9
Pcp1412;2032-03-07 15:00:00;;Cr662;4;36149.8
Pcp766;2032-03-09 02:00:00;;Cr1569;4;31556.0
Pcp1354;2032-03-23 16:00:00;;Cr1594;5;41604.2
Pcp885;2032-04-07 07:00:00;;Cr1905;4;34459.2
