ocel_id;ocel_time;ocel_changed_field;Departure Date
vh1;2023-05-30 11:00:00;;2023-05-30 11:00:00
vh2;2023-06-02 11:00:00;;2023-06-02 11:00:00
vh3;2023-06-06 11:00:00;;2023-06-06 11:00:00
vh4;2023-06-09 11:00:00;;2023-06-09 11:00:00
vh5;2023-06-13 11:00:00;;2023-06-13 11:00:00
vh6;2023-06-16 11:00:00;;2023-06-16 11:00:00
vh7;2023-06-20 11:00:00;;2023-06-20 11:00:00
vh8;2023-06-23 11:00:00;;2023-06-23 11:00:00
vh9;2023-06-27 11:00:00;;2023-06-27 11:00:00
vh10;2023-06-30 11:00:00;;2023-06-30 11:00:00
vh11;2023-07-04 11:00:00;;2023-07-04 11:00:00
vh12;2023-07-07 11:00:00;;2023-07-07 11:00:00
vh13;2023-07-11 11:00:00;;2023-07-11 11:00:00
vh14;2023-07-14 11:00:00;;2023-07-14 11:00:00
vh15;2023-07-18 11:00:00;;2023-07-18 11:00:00
vh16;2023-07-21 11:00:00;;2023-07-21 11:00:00
vh17;2023-07-25 11:00:00;;2023-07-25 11:00:00
vh18;2023-07-28 11:00:00;;2023-07-28 11:00:00
vh19;2023-08-01 11:00:00;;2023-08-01 11:00:00
vh20;2023-08-04 11:00:00;;2023-08-04 11:00:00
vh21;2023-08-08 11:00:00;;2023-08-08 11:00:00
vh22;2023-08-11 11:00:00;;2023-08-11 11:00:00
vh23;2023-08-15 11:00:00;;2023-08-15 11:00:00
vh24;2023-08-18 11:00:00;;2023-08-18 11:00:00
vh25;2023-08-22 11:00:00;;2023-08-22 11:00:00
vh26;2023-08-25 11:00:00;;2023-08-25 11:00:00
vh27;2023-08-29 11:00:00;;2023-08-29 11:00:00
vh28;2023-09-01 11:00:00;;2023-09-01 11:00:00
vh29;2023-09-05 11:00:00;;2023-09-05 11:00:00
vh30;2023-09-08 11:00:00;;2023-09-08 11:00:00
vh31;2023-09-12 11:00:00;;2023-09-12 11:00:00
vh32;2023-09-15 11:00:00;;2023-09-15 11:00:00
vh33;2023-09-19 11:00:00;;2023-09-19 11:00:00
vh34;2023-09-22 11:00:00;;2023-09-22 11:00:00
vh35;2023-09-26 11:00:00;;2023-09-26 11:00:00
vh36;2023-09-29 11:00:00;;2023-09-29 11:00:00
vh37;2023-10-03 11:00:00;;2023-10-03 11:00:00
vh38;2023-10-06 11:00:00;;2023-10-06 11:00:00
vh39;2023-10-10 11:00:00;;2023-10-10 11:00:00
vh40;2023-10-13 11:00:00;;2023-10-13 11:00:00
vh41;2023-10-17 11:00:00;;2023-10-17 11:00:00
vh42;2023-10-20 11:00:00;;2023-10-20 11:00:00
vh43;2023-10-24 11:00:00;;2023-10-24 11:00:00
vh44;2023-10-27 11:00:00;;2023-10-27 11:00:00
vh45;2023-10-31 11:00:00;;2023-10-31 11:00:00
vh46;2023-11-03 11:00:00;;2023-11-03 11:00:00
vh47;2023-11-07 11:00:00;;2023-11-07 11:00:00
vh48;2023-11-10 11:00:00;;2023-11-10 11:00:00
vh49;2023-11-14 11:00:00;;2023-11-14 11:00:00
vh50;2023-11-17 11:00:00;;2023-11-17 11:00:00
vh51;2023-11-21 11:00:00;;2023-11-21 11:00:00
vh52;2023-11-24 11:00:00;;2023-11-24 11:00:00
vh53;2023-11-28 11:00:00;;2023-11-28 11:00:00
vh54;2023-12-01 11:00:00;;2023-12-01 11:00:00
vh55;2023-12-05 11:00:00;;2023-12-05 11:00:00
vh56;2023-12-08 11:00:00;;2023-12-08 11:00:00
vh57;2023-12-12 11:00:00;;2023-12-12 11:00:00
vh58;2023-12-15 11:00:00;;2023-12-15 11:00:00
vh59;2023-12-19 11:00:00;;2023-12-19 11:00:00
vh60;2023-12-22 11:00:00;;2023-12-22 11:00:00
vh61;2023-12-26 11:00:00;;2023-12-26 11:00:00
vh62;2023-12-29 11:00:00;;2023-12-29 11:00:00
vh63;2024-01-02 11:00:00;;2024-01-02 11:00:00
vh64;2024-01-05 11:00:00;;2024-01-05 11:00:00
vh65;2024-01-09 11:00:00;;2024-01-09 11:00:00
vh66;2024-01-12 11:00:00;;2024-01-12 11:00:00
vh67;2024-01-16 11:00:00;;2024-01-16 11:00:00
vh68;2024-01-19 11:00:00;;2024-01-19 11:00:00
vh69;2024-01-23 11:00:00;;2024-01-23 11:00:00
vh70;2024-01-26 11:00:00;;2024-01-26 11:00:00
vh71;2024-01-30 11:00:00;;2024-01-30 11:00:00
vh72;2024-02-02 11:00:00;;2024-02-02 11:00:00
vh73;2024-02-06 11:00:00;;2024-02-06 11:00:00
vh74;2024-02-09 11:00:00;;2024-02-09 11:00:00
vh75;2024-02-13 11:00:00;;2024-02-13 11:00:00
vh76;2024-02-16 11:00:00;;2024-02-16 11:00:00
vh77;2024-02-20 11:00:00;;2024-02-20 11:00:00
vh78;2024-02-23 11:00:00;;2024-02-23 11:00:00
vh79;2024-02-27 11:00:00;;2024-02-27 11:00:00
vh80;2024-03-01 11:00:00;;2024-03-01 11:00:00
vh81;2024-03-05 11:00:00;;2024-03-05 11:00:00
vh82;2024-03-08 11:00:00;;2024-03-08 11:00:00
vh83;2024-03-12 11:00:00;;2024-03-12 11:00:00
vh84;2024-03-15 11:00:00;;2024-03-15 11:00:00
vh85;2024-03-19 11:00:00;;2024-03-19 11:00:00
vh86;2024-03-22 11:00:00;;2024-03-22 11:00:00
vh87;2024-03-26 11:00:00;;2024-03-26 11:00:00
vh88;2024-03-29 11:00:00;;2024-03-29 11:00:00
vh89;2024-04-02 11:00:00;;2024-04-02 11:00:00
vh90;2024-04-05 11:00:00;;2024-04-05 11:00:00
vh91;2024-04-09 11:00:00;;2024-04-09 11:00:00
vh92;2024-04-12 11:00:00;;2024-04-12 11:00:00
vh93;2024-04-16 11:00:00;;2024-04-16 11:00:00
vh94;2024-04-19 11:00:00;;2024-04-19 11:00:00
vh95;2024-04-23 11:00:00;;2024-04-23 11:00:00
vh96;2024-04-26 11:00:00;;2024-04-26 11:00:00
vh97;2024-04-30 11:00:00;;2024-04-30 11:00:00
vh98;2024-05-03 11:00:00;;2024-05-03 11:00:00
vh99;2024-05-07 11:00:00;;2024-05-07 11:00:00
vh100;2024-05-10 11:00:00;;2024-05-10 11:00:00
vh101;2024-05-14 11:00:00;;2024-05-14 11:00:00
vh102;2024-05-17 11:00:00;;2024-05-17 11:00:00
vh103;2024-05-21 11:00:00;;2024-05-21 11:00:00
vh104;2024-05-24 11:00:00;;2024-05-24 11:00:00
vh105;2024-05-28 11:00:00;;2024-05-28 11:00:00
vh106;2024-05-31 11:00:00;;2024-05-31 11:00:00
vh107;2024-06-04 11:00:00;;2024-06-04 11:00:00
vh108;2024-06-07 11:00:00;;2024-06-07 11:00:00
vh109;2024-06-11 11:00:00;;2024-06-11 11:00:00
vh110;2024-06-14 11:00:00;;2024-06-14 11:00:00
vh111;2024-06-18 11:00:00;;2024-06-18 11:00:00
vh112;2024-06-21 11:00:00;;2024-06-21 11:00:00
vh113;2024-06-25 11:00:00;;2024-06-25 11:00:00
vh114;2024-06-28 11:00:00;;2024-06-28 11:00:00
vh115;2024-07-02 11:00:00;;2024-07-02 11:00:00
vh116;2024-07-05 11:00:00;;2024-07-05 11:00:00
vh117;2024-07-09 11:00:00;;2024-07-09 11:00:00
vh118;2024-07-12 11:00:00;;2024-07-12 11:00:00
vh119;2024-07-16 11:00:00;;2024-07-16 11:00:00
vh120;2024-07-19 11:00:00;;2024-07-19 11:00:00
vh121;2024-07-23 11:00:00;;2024-07-23 11:00:00
vh122;2024-07-26 11:00:00;;2024-07-26 11:00:00
vh123;2024-07-30 11:00:00;;2024-07-30 11:00:00
vh124;2024-08-02 11:00:00;;2024-08-02 11:00:00
vh125;2024-08-06 11:00:00;;2024-08-06 11:00:00
vh126;2024-08-09 11:00:00;;2024-08-09 11:00:00
vh127;2024-08-13 11:00:00;;2024-08-13 11:00:00
vh128;2024-08-16 11:00:00;;2024-08-16 11:00:00
vh129;2024-08-20 11:00:00;;2024-08-20 11:00:00
vh130;2024-08-23 11:00:00;;2024-08-23 11:00:00
vh131;2024-08-27 11:00:00;;2024-08-27 11:00:00
vh132;2024-08-30 11:00:00;;2024-08-30 11:00:00
vh133;2024-09-03 11:00:00;;2024-09-03 11:00:00
vh134;2024-09-06 11:00:00;;2024-09-06 11:00:00
vh135;2024-09-10 11:00:00;;2024-09-10 11:00:00
vh136;2024-09-13 11:00:00;;2024-09-13 11:00:00
vh137;2024-09-17 11:00:00;;2024-09-17 11:00:00
vh138;2024-09-20 11:00:00;;2024-09-20 11:00:00
vh139;2024-09-24 11:00:00;;2024-09-24 11:00:00
vh140;2024-09-27 11:00:00;;2024-09-27 11:00:00
vh141;2024-10-01 11:00:00;;2024-10-01 11:00:00
vh142;2024-10-04 11:00:00;;2024-10-04 11:00:00
vh143;2024-10-08 11:00:00;;2024-10-08 11:00:00
vh144;2024-10-11 11:00:00;;2024-10-11 11:00:00
vh145;2024-10-15 11:00:00;;2024-10-15 11:00:00
vh146;2024-10-18 11:00:00;;2024-10-18 11:00:00
vh147;2024-10-22 11:00:00;;2024-10-22 11:00:00
vh148;2024-10-25 11:00:00;;2024-10-25 11:00:00
vh149;2024-10-29 11:00:00;;2024-10-29 11:00:00
vh150;2024-11-01 11:00:00;;2024-11-01 11:00:00
vh151;2024-11-05 11:00:00;;2024-11-05 11:00:00
vh152;2024-11-08 11:00:00;;2024-11-08 11:00:00
vh153;2024-11-12 11:00:00;;2024-11-12 11:00:00
vh154;2024-11-15 11:00:00;;2024-11-15 11:00:00
vh155;2024-11-19 11:00:00;;2024-11-19 11:00:00
vh156;2024-11-22 11:00:00;;2024-11-22 11:00:00
vh157;2024-11-26 11:00:00;;2024-11-26 11:00:00
vh158;2024-11-29 11:00:00;;2024-11-29 11:00:00
vh159;2024-12-03 11:00:00;;2024-12-03 11:00:00
vh160;2024-12-06 11:00:00;;2024-12-06 11:00:00
vh161;2024-12-10 11:00:00;;2024-12-10 11:00:00
vh162;2024-12-13 11:00:00;;2024-12-13 11:00:00
vh163;2024-12-17 11:00:00;;2024-12-17 11:00:00
vh164;2024-12-20 11:00:00;;2024-12-20 11:00:00
vh165;2024-12-24 11:00:00;;2024-12-24 11:00:00
vh166;2024-12-27 11:00:00;;2024-12-27 11:00:00
vh167;2024-12-31 11:00:00;;2024-12-31 11:00:00
vh168;2025-01-03 11:00:00;;2025-01-03 11:00:00
vh169;2025-01-07 11:00:00;;2025-01-07 11:00:00
vh170;2025-01-10 11:00:00;;2025-01-10 11:00:00
vh171;2025-01-14 11:00:00;;2025-01-14 11:00:00
vh172;2025-01-17 11:00:00;;2025-01-17 11:00:00
vh173;2025-01-21 11:00:00;;2025-01-21 11:00:00
vh174;2025-01-24 11:00:00;;2025-01-24 11:00:00
vh175;2025-01-28 11:00:00;;2025-01-28 11:00:00
vh176;2025-01-31 11:00:00;;2025-01-31 11:00:00
vh177;2025-02-04 11:00:00;;2025-02-04 11:00:00
vh178;2025-02-07 11:00:00;;2025-02-07 11:00:00
vh179;2025-02-11 11:00:00;;2025-02-11 11:00:00
vh180;2025-02-14 11:00:00;;2025-02-14 11:00:00
vh181;2025-02-18 11:00:00;;2025-02-18 11:00:00
vh182;2025-02-21 11:00:00;;2025-02-21 11:00:00
vh183;2025-02-25 11:00:00;;2025-02-25 11:00:00
vh185;2025-03-04 11:00:00;;2025-03-04 11:00:00
vh186;2025-03-07 11:00:00;;2025-03-07 11:00:00
vh187;2025-03-11 11:00:00;;2025-03-11 11:00:00
vh188;2025-03-14 11:00:00;;2025-03-14 11:00:00
vh189;2025-03-18 11:00:00;;2025-03-18 11:00:00
vh190;2025-03-21 11:00:00;;2025-03-21 11:00:00
vh191;2025-03-25 11:00:00;;2025-03-25 11:00:00
vh192;2025-03-28 11:00:00;;2025-03-28 11:00:00
vh193;2025-04-01 11:00:00;;2025-04-01 11:00:00
vh194;2025-04-04 11:00:00;;2025-04-04 11:00:00
vh195;2025-04-08 11:00:00;;2025-04-08 11:00:00
vh196;2025-04-11 11:00:00;;2025-04-11 11:00:00
vh197;2025-04-15 11:00:00;;2025-04-15 11:00:00
vh198;2025-04-18 11:00:00;;2025-04-18 11:00:00
vh199;2025-04-22 11:00:00;;2025-04-22 11:00:00
vh200;2025-04-25 11:00:00;;2025-04-25 11:00:00
vh201;2025-04-29 11:00:00;;2025-04-29 11:00:00
vh202;2025-05-02 11:00:00;;2025-05-02 11:00:00
vh203;2025-05-06 11:00:00;;2025-05-06 11:00:00
vh204;2025-05-09 11:00:00;;2025-05-09 11:00:00
vh205;2025-05-13 11:00:00;;2025-05-13 11:00:00
vh206;2025-05-16 11:00:00;;2025-05-16 11:00:00
vh207;2025-05-20 11:00:00;;2025-05-20 11:00:00
vh208;2025-05-23 11:00:00;;2025-05-23 11:00:00
vh209;2025-05-27 11:00:00;;2025-05-27 11:00:00
vh210;2025-05-30 11:00:00;;2025-05-30 11:00:00
vh211;2025-06-03 11:00:00;;2025-06-03 11:00:00
vh212;2025-06-06 11:00:00;;2025-06-06 11:00:00
vh213;2025-06-10 11:00:00;;2025-06-10 11:00:00
vh214;2025-06-13 11:00:00;;2025-06-13 11:00:00
vh215;2025-06-17 11:00:00;;2025-06-17 11:00:00
vh216;2025-06-20 11:00:00;;2025-06-20 11:00:00
vh217;2025-06-24 11:00:00;;2025-06-24 11:00:00
vh218;2025-06-27 11:00:00;;2025-06-27 11:00:00
vh219;2025-07-01 11:00:00;;2025-07-01 11:00:00
vh220;2025-07-04 11:00:00;;2025-07-04 11:00:00
vh221;2025-07-08 11:00:00;;2025-07-08 11:00:00
vh222;2025-07-11 11:00:00;;2025-07-11 11:00:00
vh223;2025-07-15 11:00:00;;2025-07-15 11:00:00
vh224;2025-07-18 11:00:00;;2025-07-18 11:00:00
vh225;2025-07-22 11:00:00;;2025-07-22 11:00:00
vh226;2025-07-25 11:00:00;;2025-07-25 11:00:00
vh227;2025-07-29 11:00:00;;2025-07-29 11:00:00
vh228;2025-08-01 11:00:00;;2025-08-01 11:00:00
vh229;2025-08-05 11:00:00;;2025-08-05 11:00:00
vh230;2025-08-08 11:00:00;;2025-08-08 11:00:00
vh231;2025-08-12 11:00:00;;2025-08-12 11:00:00
vh232;2025-08-15 11:00:00;;2025-08-15 11:00:00
vh233;2025-08-19 11:00:00;;2025-08-19 11:00:00
vh234;2025-08-22 11:00:00;;2025-08-22 11:00:00
vh235;2025-08-26 11:00:00;;2025-08-26 11:00:00
vh236;2025-08-29 11:00:00;;2025-08-29 11:00:00
vh237;2025-09-02 11:00:00;;2025-09-02 11:00:00
vh238;2025-09-05 11:00:00;;2025-09-05 11:00:00
vh239;2025-09-09 11:00:00;;2025-09-09 11:00:00
vh240;2025-09-12 11:00:00;;2025-09-12 11:00:00
vh241;2025-09-16 11:00:00;;2025-09-16 11:00:00
vh242;2025-09-19 11:00:00;;2025-09-19 11:00:00
vh243;2025-09-23 11:00:00;;2025-09-23 11:00:00
vh244;2025-09-26 11:00:00;;2025-09-26 11:00:00
vh245;2025-09-30 11:00:00;;2025-09-30 11:00:00
vh246;2025-10-03 11:00:00;;2025-10-03 11:00:00
vh247;2025-10-07 11:00:00;;2025-10-07 11:00:00
vh248;2025-10-10 11:00:00;;2025-10-10 11:00:00
vh249;2025-10-14 11:00:00;;2025-10-14 11:00:00
vh250;2025-10-17 11:00:00;;2025-10-17 11:00:00
vh251;2025-10-21 11:00:00;;2025-10-21 11:00:00
vh252;2025-10-24 11:00:00;;2025-10-24 11:00:00
vh253;2025-10-28 11:00:00;;2025-10-28 11:00:00
vh254;2025-10-31 11:00:00;;2025-10-31 11:00:00
vh255;2025-11-04 11:00:00;;2025-11-04 11:00:00
vh256;2025-11-07 11:00:00;;2025-11-07 11:00:00
vh257;2025-11-11 11:00:00;;2025-11-11 11:00:00
vh258;2025-11-14 11:00:00;;2025-11-14 11:00:00
vh259;2025-11-18 11:00:00;;2025-11-18 11:00:00
vh260;2025-11-21 11:00:00;;2025-11-21 11:00:00
vh261;2025-11-25 11:00:00;;2025-11-25 11:00:00
vh262;2025-11-28 11:00:00;;2025-11-28 11:00:00
vh263;2025-12-02 11:00:00;;2025-12-02 11:00:00
vh264;2025-12-05 11:00:00;;2025-12-05 11:00:00
vh265;2025-12-09 11:00:00;;2025-12-09 11:00:00
vh266;2025-12-12 11:00:00;;2025-12-12 11:00:00
vh267;2025-12-16 11:00:00;;2025-12-16 11:00:00
vh268;2025-12-19 11:00:00;;2025-12-19 11:00:00
vh269;2025-12-23 11:00:00;;2025-12-23 11:00:00
vh270;2025-12-26 11:00:00;;2025-12-26 11:00:00
vh271;2025-12-30 11:00:00;;2025-12-30 11:00:00
vh272;2026-01-02 11:00:00;;2026-01-02 11:00:00
vh273;2026-01-06 11:00:00;;2026-01-06 11:00:00
vh274;2026-01-09 11:00:00;;2026-01-09 11:00:00
vh275;2026-01-13 11:00:00;;2026-01-13 11:00:00
vh276;2026-01-16 11:00:00;;2026-01-16 11:00:00
vh277;2026-01-20 11:00:00;;2026-01-20 11:00:00
vh278;2026-01-23 11:00:00;;2026-01-23 11:00:00
vh279;2026-01-27 11:00:00;;2026-01-27 11:00:00
vh280;2026-01-30 11:00:00;;2026-01-30 11:00:00
vh281;2026-02-03 11:00:00;;2026-02-03 11:00:00
vh282;2026-02-06 11:00:00;;2026-02-06 11:00:00
vh283;2026-02-10 11:00:00;;2026-02-10 11:00:00
vh284;2026-02-13 11:00:00;;2026-02-13 11:00:00
vh285;2026-02-17 11:00:00;;2026-02-17 11:00:00
vh286;2026-02-20 11:00:00;;2026-02-20 11:00:00
vh287;2026-02-24 11:00:00;;2026-02-24 11:00:00
vh288;2026-02-27 11:00:00;;2026-02-27 11:00:00
vh289;2026-03-03 11:00:00;;2026-03-03 11:00:00
vh290;2026-03-06 11:00:00;;2026-03-06 11:00:00
vh291;2026-03-10 11:00:00;;2026-03-10 11:00:00
vh292;2026-03-13 11:00:00;;2026-03-13 11:00:00
vh293;2026-03-17 11:00:00;;2026-03-17 11:00:00
vh294;2026-03-20 11:00:00;;2026-03-20 11:00:00
vh295;2026-03-24 11:00:00;;2026-03-24 11:00:00
vh296;2026-03-27 11:00:00;;2026-03-27 11:00:00
vh297;2026-03-31 11:00:00;;2026-03-31 11:00:00
vh298;2026-04-03 11:00:00;;2026-04-03 11:00:00
vh299;2026-04-07 11:00:00;;2026-04-07 11:00:00
vh300;2026-04-10 11:00:00;;2026-04-10 11:00:00
vh301;2026-04-14 11:00:00;;2026-04-14 11:00:00
vh302;2026-04-17 11:00:00;;2026-04-17 11:00:00
vh303;2026-04-21 11:00:00;;2026-04-21 11:00:00
vh304;2026-04-24 11:00:00;;2026-04-24 11:00:00
vh305;2026-04-28 11:00:00;;2026-04-28 11:00:00
vh306;2026-05-01 11:00:00;;2026-05-01 11:00:00
vh307;2026-05-05 11:00:00;;2026-05-05 11:00:00
vh308;2026-05-08 11:00:00;;2026-05-08 11:00:00
vh309;2026-05-12 11:00:00;;2026-05-12 11:00:00
vh310;2026-05-15 11:00:00;;2026-05-15 11:00:00
vh311;2026-05-19 11:00:00;;2026-05-19 11:00:00
vh312;2026-05-22 11:00:00;;2026-05-22 11:00:00
vh313;2026-05-26 11:00:00;;2026-05-26 11:00:00
vh314;2026-05-29 11:00:00;;2026-05-29 11:00:00
vh315;2026-06-02 11:00:00;;2026-06-02 11:00:00
vh316;2026-06-05 11:00:00;;2026-06-05 11:00:00
vh317;2026-06-09 11:00:00;;2026-06-09 11:00:00
vh318;2026-06-12 11:00:00;;2026-06-12 11:00:00
vh319;2026-06-16 11:00:00;;2026-06-16 11:00:00
vh320;2026-06-19 11:00:00;;2026-06-19 11:00:00
vh321;2026-06-23 11:00:00;;2026-06-23 11:00:00
vh322;2026-06-26 11:00:00;;2026-06-26 11:00:00
vh323;2026-06-30 11:00:00;;2026-06-30 11:00:00
vh324;2026-07-03 11:00:00;;2026-07-03 11:00:00
vh325;2026-07-07 11:00:00;;2026-07-07 11:00:00
vh326;2026-07-10 11:00:00;;2026-07-10 11:00:00
vh327;2026-07-14 11:00:00;;2026-07-14 11:00:00
vh328;2026-07-17 11:00:00;;2026-07-17 11:00:00
vh329;2026-07-21 11:00:00;;2026-07-21 11:00:00
vh330;2026-07-24 11:00:00;;2026-07-24 11:00:00
vh331;2026-07-28 11:00:00;;2026-07-28 11:00:00
vh332;2026-07-31 11:00:00;;2026-07-31 11:00:00
vh333;2026-08-04 11:00:00;;2026-08-04 11:00:00
vh334;2026-08-07 11:00:00;;2026-08-07 11:00:00
vh335;2026-08-11 11:00:00;;2026-08-11 11:00:00
vh336;2026-08-14 11:00:00;;2026-08-14 11:00:00
vh337;2026-08-18 11:00:00;;2026-08-18 11:00:00
vh338;2026-08-21 11:00:00;;2026-08-21 11:00:00
vh339;2026-08-25 11:00:00;;2026-08-25 11:00:00
vh341;2026-09-01 11:00:00;;2026-09-01 11:00:00
vh342;2026-09-04 11:00:00;;2026-09-04 11:00:00
vh343;2026-09-08 11:00:00;;2026-09-08 11:00:00
vh344;2026-09-11 11:00:00;;2026-09-11 11:00:00
vh345;2026-09-15 11:00:00;;2026-09-15 11:00:00
vh346;2026-09-18 11:00:00;;2026-09-18 11:00:00
vh347;2026-09-22 11:00:00;;2026-09-22 11:00:00
vh348;2026-09-25 11:00:00;;2026-09-25 11:00:00
vh349;2026-09-29 11:00:00;;2026-09-29 11:00:00
vh350;2026-10-02 11:00:00;;2026-10-02 11:00:00
vh351;2026-10-06 11:00:00;;2026-10-06 11:00:00
vh352;2026-10-09 11:00:00;;2026-10-09 11:00:00
vh353;2026-10-13 11:00:00;;2026-10-13 11:00:00
vh354;2026-10-16 11:00:00;;2026-10-16 11:00:00
vh355;2026-10-20 11:00:00;;2026-10-20 11:00:00
vh356;2026-10-23 11:00:00;;2026-10-23 11:00:00
vh357;2026-10-27 11:00:00;;2026-10-27 11:00:00
vh358;2026-10-30 11:00:00;;2026-10-30 11:00:00
vh359;2026-11-03 11:00:00;;2026-11-03 11:00:00
vh360;2026-11-06 11:00:00;;2026-11-06 11:00:00
vh361;2026-11-10 11:00:00;;2026-11-10 11:00:00
vh362;2026-11-13 11:00:00;;2026-11-13 11:00:00
vh363;2026-11-17 11:00:00;;2026-11-17 11:00:00
vh364;2026-11-20 11:00:00;;2026-11-20 11:00:00
vh365;2026-11-24 11:00:00;;2026-11-24 11:00:00
vh366;2026-11-27 11:00:00;;2026-11-27 11:00:00
vh367;2026-12-01 11:00:00;;2026-12-01 11:00:00
vh368;2026-12-04 11:00:00;;2026-12-04 11:00:00
vh369;2026-12-08 11:00:00;;2026-12-08 11:00:00
vh370;2026-12-11 11:00:00;;2026-12-11 11:00:00
vh371;2026-12-15 11:00:00;;2026-12-15 11:00:00
vh372;2026-12-18 11:00:00;;2026-12-18 11:00:00
vh373;2026-12-22 11:00:00;;2026-12-22 11:00:00
vh374;2026-12-25 11:00:00;;2026-12-25 11:00:00
vh375;2026-12-29 11:00:00;;2026-12-29 11:00:00
vh376;2027-01-01 11:00:00;;2027-01-01 11:00:00
vh377;2027-01-05 11:00:00;;2027-01-05 11:00:00
vh378;2027-01-08 11:00:00;;2027-01-08 11:00:00
vh379;2027-01-12 11:00:00;;2027-01-12 11:00:00
vh380;2027-01-15 11:00:00;;2027-01-15 11:00:00
vh381;2027-01-19 11:00:00;;2027-01-19 11:00:00
vh382;2027-01-22 11:00:00;;2027-01-22 11:00:00
vh383;2027-01-26 11:00:00;;2027-01-26 11:00:00
vh384;2027-01-29 11:00:00;;2027-01-29 11:00:00
vh385;2027-02-02 11:00:00;;2027-02-02 11:00:00
vh386;2027-02-05 11:00:00;;2027-02-05 11:00:00
vh387;2027-02-09 11:00:00;;2027-02-09 11:00:00
vh388;2027-02-12 11:00:00;;2027-02-12 11:00:00
vh389;2027-02-16 11:00:00;;2027-02-16 11:00:00
vh390;2027-02-19 11:00:00;;2027-02-19 11:00:00
vh391;2027-02-23 11:00:00;;2027-02-23 11:00:00
vh392;2027-02-26 11:00:00;;2027-02-26 11:00:00
vh393;2027-03-02 11:00:00;;2027-03-02 11:00:00
vh394;2027-03-05 11:00:00;;2027-03-05 11:00:00
vh395;2027-03-09 11:00:00;;2027-03-09 11:00:00
vh396;2027-03-12 11:00:00;;2027-03-12 11:00:00
vh397;2027-03-16 11:00:00;;2027-03-16 11:00:00
vh398;2027-03-19 11:00:00;;2027-03-19 11:00:00
vh399;2027-03-23 11:00:00;;2027-03-23 11:00:00
vh400;2027-03-26 11:00:00;;2027-03-26 11:00:00
vh401;2027-03-30 11:00:00;;2027-03-30 11:00:00
vh402;2027-04-02 11:00:00;;2027-04-02 11:00:00
vh403;2027-04-06 11:00:00;;2027-04-06 11:00:00
vh404;2027-04-09 11:00:00;;2027-04-09 11:00:00
vh405;2027-04-13 11:00:00;;2027-04-13 11:00:00
vh406;2027-04-16 11:00:00;;2027-04-16 11:00:00
vh407;2027-04-20 11:00:00;;2027-04-20 11:00:00
vh408;2027-04-23 11:00:00;;2027-04-23 11:00:00
vh410;2027-04-30 11:00:00;;2027-04-30 11:00:00
vh411;2027-05-04 11:00:00;;2027-05-04 11:00:00
vh412;2027-05-07 11:00:00;;2027-05-07 11:00:00
vh413;2027-05-11 11:00:00;;2027-05-11 11:00:00
vh414;2027-05-14 11:00:00;;2027-05-14 11:00:00
vh415;2027-05-18 11:00:00;;2027-05-18 11:00:00
vh416;2027-05-21 11:00:00;;2027-05-21 11:00:00
vh417;2027-05-25 11:00:00;;2027-05-25 11:00:00
vh418;2027-05-28 11:00:00;;2027-05-28 11:00:00
vh419;2027-06-01 11:00:00;;2027-06-01 11:00:00
vh420;2027-06-04 11:00:00;;2027-06-04 11:00:00
vh421;2027-06-08 11:00:00;;2027-06-08 11:00:00
vh422;2027-06-11 11:00:00;;2027-06-11 11:00:00
vh423;2027-06-15 11:00:00;;2027-06-15 11:00:00
vh424;2027-06-18 11:00:00;;2027-06-18 11:00:00
vh425;2027-06-22 11:00:00;;2027-06-22 11:00:00
vh426;2027-06-25 11:00:00;;2027-06-25 11:00:00
vh427;2027-06-29 11:00:00;;2027-06-29 11:00:00
vh428;2027-07-02 11:00:00;;2027-07-02 11:00:00
vh429;2027-07-06 11:00:00;;2027-07-06 11:00:00
vh430;2027-07-09 11:00:00;;2027-07-09 11:00:00
vh431;2027-07-13 11:00:00;;2027-07-13 11:00:00
vh432;2027-07-16 11:00:00;;2027-07-16 11:00:00
vh433;2027-07-20 11:00:00;;2027-07-20 11:00:00
vh434;2027-07-23 11:00:00;;2027-07-23 11:00:00
vh435;2027-07-27 11:00:00;;2027-07-27 11:00:00
vh436;2027-07-30 11:00:00;;2027-07-30 11:00:00
vh437;2027-08-03 11:00:00;;2027-08-03 11:00:00
vh438;2027-08-06 11:00:00;;2027-08-06 11:00:00
vh439;2027-08-10 11:00:00;;2027-08-10 11:00:00
