ocel_id;ocel_time;ocel_changed_field;Cargo Type;Cargo stock weight(scheduled);Silo ID
Cr1136;2024-03-03 15:00:00;;Wheat;39743.7;Silo19
Cr19;2024-03-03 15:00:00;;Other;58203.1;Silo31
Cr154;2024-03-03 15:00:00;;Wheat;25535.2;Silo40
Cr672;2024-03-03 15:00:00;;Potato;62166.5;Silo19
Cr1522;2024-03-03 15:00:00;;Rice;25871.5;Silo44
Cr427;2024-03-03 15:00:00;;Potato;36075.9;Silo28
Cr175;2024-03-03 15:00:00;;Rice;51633.5;Silo5
Cr1197;2024-03-03 15:00:00;;Potato;38561.2;Silo34
Cr1331;2024-03-03 15:00:00;;Other;47837.1;Silo46
Cr698;2024-03-03 15:00:00;;Potato;34413.1;Silo11
Cr1749;2024-03-03 15:00:00;;Potato;64174.5;Silo36
Cr1963;2024-03-03 15:00:00;;Corn;63702.9;Silo49
Cr1246;2024-03-03 15:00:00;;Rice;47824.6;Silo17
Cr1944;2024-03-03 15:00:00;;Wheat;25936.9;Silo35
Cr1495;2024-03-03 15:00:00;;Other;25783.7;Silo16
Cr1725;2024-03-03 15:00:00;;Other;31905.1;Silo24
Cr1657;2024-03-03 15:00:00;;Potato;62963.8;Silo6
Cr686;2024-03-03 15:00:00;;Potato;37830.1;Silo1
Cr1007;2024-03-03 15:00:00;;Corn;43273.2;Silo23
Cr364;2024-03-03 15:00:00;;Rice;63346.6;Silo44
Cr1320;2024-03-03 15:00:00;;Other;28653.8;Silo17
Cr454;2024-03-03 15:00:00;;Other;30990.5;Silo50
Cr228;2024-03-03 15:00:00;;Potato;56872.2;Silo26
Cr300;2024-03-03 15:00:00;;Potato;53471.0;Silo4
Cr316;2024-03-03 15:00:00;;Potato;53300.4;Silo34
Cr1824;2024-03-03 15:00:00;;Wheat;27134.1;Silo29
Cr1703;2024-03-03 15:00:00;;Rice;51501.8;Silo27
Cr1720;2024-03-03 15:00:00;;Potato;59735.5;Silo39
Cr1363;2024-03-03 15:00:00;;Corn;52217.9;Silo42
Cr1738;2024-03-03 15:00:00;;Wheat;64934.2;Silo22
Cr1016;2024-03-03 15:00:00;;Potato;54079.0;Silo23
Cr655;2024-03-03 15:00:00;;Rice;53502.2;Silo22
Cr1961;2024-03-03 15:00:00;;Potato;30632.6;Silo19
Cr1304;2024-03-03 15:00:00;;Other;50901.7;Silo45
Cr1864;2024-03-03 15:00:00;;Potato;54752.0;Silo31
Cr418;2024-03-03 15:00:00;;Other;40011.0;Silo30
Cr953;2024-03-03 15:00:00;;Potato;43256.2;Silo29
Cr414;2024-03-03 15:00:00;;Corn;54479.6;Silo13
Cr1670;2024-03-03 15:00:00;;Rice;27416.0;Silo18
Cr213;2024-03-03 15:00:00;;Rice;54526.1;Silo36
Cr1780;2024-03-03 15:00:00;;Corn;56948.6;Silo41
Cr944;2024-03-03 15:00:00;;Wheat;35573.3;Silo46
Cr1641;2024-03-03 15:00:00;;Corn;36032.2;Silo10
Cr579;2024-03-03 15:00:00;;Other;61824.8;Silo20
Cr458;2024-03-03 15:00:00;;Corn;55037.4;Silo33
Cr255;2024-03-03 15:00:00;;Other;60916.8;Silo7
Cr428;2024-03-03 15:00:00;;Wheat;51899.9;Silo36
Cr1744;2024-03-03 15:00:00;;Rice;47283.4;Silo10
Cr567;2024-03-03 15:00:00;;Potato;52533.4;Silo10
Cr1594;2024-03-03 15:00:00;;Other;37598.1;Silo36
Cr1528;2024-03-03 15:00:00;;Rice;57002.5;Silo18
Cr1236;2024-03-03 15:00:00;;Potato;28484.6;Silo31
Cr6;2024-03-03 15:00:00;;Wheat;43576.0;Silo2
Cr929;2024-03-03 15:00:00;;Potato;31240.4;Silo18
Cr608;2024-03-03 15:00:00;;Rice;30032.6;Silo35
Cr635;2024-03-03 15:00:00;;Potato;33532.2;Silo5
Cr145;2024-03-03 15:00:00;;Rice;51385.9;Silo47
Cr1526;2024-03-03 15:00:00;;Potato;43980.4;Silo49
Cr1604;2024-03-03 15:00:00;;Potato;56257.1;Silo28
Cr1155;2024-03-03 15:00:00;;Corn;51644.7;Silo33
Cr36;2024-03-03 15:00:00;;Other;59702.3;Silo29
Cr1290;2024-03-03 15:00:00;;Other;56138.5;Silo27
Cr1026;2024-03-03 15:00:00;;Corn;42002.5;Silo22
Cr542;2024-03-03 15:00:00;;Other;46665.8;Silo1
Cr320;2024-03-03 15:00:00;;Other;34146.3;Silo35
Cr1420;2024-03-03 15:00:00;;Potato;49163.2;Silo21
Cr771;2024-03-03 15:00:00;;Other;44656.2;Silo11
Cr1129;2024-03-03 15:00:00;;Wheat;59437.6;Silo35
Cr468;2024-03-03 15:00:00;;Corn;40022.9;Silo42
Cr227;2024-03-03 15:00:00;;Potato;48968.8;Silo6
Cr1511;2024-03-03 15:00:00;;Wheat;32554.8;Silo1
Cr1791;2024-03-03 15:00:00;;Potato;53969.8;Silo42
Cr587;2024-03-03 15:00:00;;Corn;64614.6;Silo34
Cr360;2024-03-03 15:00:00;;Corn;35293.1;Silo48
Cr127;2024-03-03 15:00:00;;Corn;41151.8;Silo25
Cr1888;2024-03-03 15:00:00;;Wheat;58278.9;Silo19
Cr1723;2024-03-03 15:00:00;;Other;30181.1;Silo50
Cr1757;2024-03-03 15:00:00;;Corn;45442.9;Silo41
Cr1257;2024-03-03 15:00:00;;Corn;32116.1;Silo39
Cr1485;2024-03-03 15:00:00;;Wheat;31997.5;Silo9
Cr155;2024-03-03 15:00:00;;Wheat;39781.6;Silo26
Cr1843;2024-03-03 15:00:00;;Other;43277.2;Silo32
Cr1286;2024-03-03 15:00:00;;Wheat;39038.2;Silo48
Cr1298;2024-03-03 15:00:00;;Rice;60888.9;Silo8
Cr523;2024-03-03 15:00:00;;Potato;46181.8;Silo28
Cr1785;2024-03-03 15:00:00;;Other;32103.0;Silo43
Cr1967;2024-03-03 15:00:00;;Rice;58802.4;Silo32
Cr1856;2024-03-03 15:00:00;;Rice;47107.8;Silo8
Cr505;2024-03-03 15:00:00;;Wheat;55365.7;Silo2
Cr1556;2024-03-03 15:00:00;;Potato;60506.4;Silo32
Cr187;2024-03-03 15:00:00;;Wheat;38938.0;Silo21
Cr1470;2024-03-03 15:00:00;;Rice;48605.9;Silo23
Cr307;2024-03-03 15:00:00;;Rice;63256.8;Silo36
Cr1233;2024-03-03 15:00:00;;Corn;43221.1;Silo49
Cr321;2024-03-03 15:00:00;;Other;63113.3;Silo50
Cr1145;2024-03-03 15:00:00;;Other;30513.6;Silo23
Cr1729;2024-03-03 15:00:00;;Corn;62653.3;Silo21
Cr1334;2024-03-03 15:00:00;;Rice;54677.4;Silo38
Cr110;2024-03-03 15:00:00;;Potato;61914.3;Silo41
Cr748;2024-03-03 15:00:00;;Potato;42479.5;Silo47
Cr1600;2024-03-03 15:00:00;;Wheat;43757.2;Silo8
Cr1431;2024-03-03 15:00:00;;Potato;43158.4;Silo45
Cr177;2024-03-03 15:00:00;;Potato;34273.6;Silo3
Cr904;2024-03-03 15:00:00;;Rice;51541.8;Silo50
Cr858;2024-03-03 15:00:00;;Wheat;59060.1;Silo4
Cr682;2024-03-03 15:00:00;;Corn;28609.8;Silo11
Cr1370;2024-03-03 15:00:00;;Wheat;31531.4;Silo32
Cr1463;2024-03-03 15:00:00;;Rice;59782.9;Silo49
Cr1636;2024-03-03 15:00:00;;Other;25794.0;Silo38
Cr788;2024-03-03 15:00:00;;Rice;35605.7;Silo15
Cr49;2024-03-03 15:00:00;;Rice;62680.2;Silo46
Cr358;2024-03-03 15:00:00;;Wheat;45828.6;Silo13
Cr1328;2024-03-03 15:00:00;;Other;63804.1;Silo24
Cr1842;2024-03-03 15:00:00;;Rice;42160.1;Silo11
Cr1740;2024-03-03 15:00:00;;Wheat;48576.4;Silo17
Cr1666;2024-03-03 15:00:00;;Rice;40290.0;Silo13
Cr1070;2024-03-03 15:00:00;;Wheat;57472.5;Silo23
Cr1986;2024-03-03 15:00:00;;Potato;49557.2;Silo19
Cr30;2024-03-03 15:00:00;;Other;49742.9;Silo16
Cr379;2024-03-03 15:00:00;;Wheat;31375.2;Silo9
Cr1364;2024-03-03 15:00:00;;Corn;32275.2;Silo4
Cr1743;2024-03-03 15:00:00;;Other;42101.0;Silo17
Cr1281;2024-03-03 15:00:00;;Other;30214.8;Silo13
Cr179;2024-03-03 15:00:00;;Rice;26989.4;Silo12
Cr1621;2024-03-03 15:00:00;;Corn;56169.8;Silo10
Cr409;2024-03-03 15:00:00;;Other;62538.1;Silo34
Cr832;2024-03-03 15:00:00;;Wheat;45517.6;Silo7
Cr1726;2024-03-03 15:00:00;;Rice;33985.3;Silo27
Cr1867;2024-03-03 15:00:00;;Potato;39612.1;Silo1
Cr1415;2024-03-03 15:00:00;;Rice;51046.9;Silo49
Cr287;2024-03-03 15:00:00;;Corn;48253.3;Silo26
Cr1598;2024-03-03 15:00:00;;Rice;59195.3;Silo12
Cr23;2024-03-03 15:00:00;;Other;47747.0;Silo10
Cr846;2024-03-03 15:00:00;;Rice;26189.1;Silo38
Cr384;2024-03-03 15:00:00;;Rice;55999.1;Silo5
Cr1956;2024-03-03 15:00:00;;Rice;27345.7;Silo4
Cr368;2024-03-03 15:00:00;;Potato;39402.5;Silo27
Cr1890;2024-03-03 15:00:00;;Rice;45982.9;Silo33
Cr1380;2024-03-03 15:00:00;;Wheat;59420.6;Silo35
Cr1895;2024-03-03 15:00:00;;Other;44043.1;Silo24
Cr903;2024-03-03 15:00:00;;Other;59569.3;Silo9
Cr1081;2024-03-03 15:00:00;;Corn;36115.2;Silo20
Cr1910;2024-03-03 15:00:00;;Wheat;41510.5;Silo9
Cr819;2024-03-03 15:00:00;;Potato;45101.6;Silo7
Cr1111;2024-03-03 15:00:00;;Other;51016.4;Silo44
Cr93;2024-03-03 15:00:00;;Potato;34558.1;Silo1
Cr1762;2024-03-03 15:00:00;;Other;60996.3;Silo14
Cr1570;2024-03-03 15:00:00;;Other;38038.9;Silo36
Cr633;2024-03-03 15:00:00;;Wheat;28905.0;Silo47
Cr1881;2024-03-03 15:00:00;;Other;62539.2;Silo47
Cr1296;2024-03-03 15:00:00;;Corn;60734.6;Silo40
Cr1951;2024-03-03 15:00:00;;Potato;59738.9;Silo25
Cr899;2024-03-03 15:00:00;;Other;50047.5;Silo11
Cr1943;2024-03-03 15:00:00;;Wheat;48804.5;Silo31
Cr1702;2024-03-03 15:00:00;;Wheat;54413.7;Silo48
Cr1220;2024-03-03 15:00:00;;Wheat;49843.6;Silo32
Cr1097;2024-03-03 15:00:00;;Rice;45301.9;Silo27
Cr1032;2024-03-03 15:00:00;;Other;25154.3;Silo29
Cr463;2024-03-03 15:00:00;;Other;51601.5;Silo48
Cr1975;2024-03-03 15:00:00;;Wheat;27921.6;Silo13
Cr798;2024-03-03 15:00:00;;Other;43445.6;Silo37
Cr664;2024-03-03 15:00:00;;Potato;62547.8;Silo38
Cr1788;2024-03-03 15:00:00;;Corn;54021.3;Silo47
Cr215;2024-03-03 15:00:00;;Wheat;26181.8;Silo34
Cr1736;2024-03-03 15:00:00;;Other;49004.4;Silo26
Cr355;2024-03-03 15:00:00;;Potato;28313.5;Silo36
Cr1342;2024-03-03 15:00:00;;Potato;30692.8;Silo12
Cr180;2024-03-03 15:00:00;;Wheat;53015.6;Silo31
Cr1852;2024-03-03 15:00:00;;Rice;58679.1;Silo39
Cr101;2024-03-03 15:00:00;;Rice;41303.4;Silo25
Cr504;2024-03-03 15:00:00;;Corn;52960.5;Silo37
Cr373;2024-03-03 15:00:00;;Wheat;39586.5;Silo5
Cr457;2024-03-03 15:00:00;;Rice;31024.7;Silo31
Cr125;2024-03-03 15:00:00;;Rice;26206.2;Silo11
Cr144;2024-03-03 15:00:00;;Other;54209.4;Silo9
Cr208;2024-03-03 15:00:00;;Other;64118.3;Silo9
Cr921;2024-03-03 15:00:00;;Wheat;32537.0;Silo17
Cr1330;2024-03-03 15:00:00;;Other;49159.3;Silo7
Cr424;2024-03-03 15:00:00;;Rice;64447.0;Silo2
Cr811;2024-03-03 15:00:00;;Rice;43478.1;Silo25
Cr1322;2024-03-03 15:00:00;;Rice;57698.8;Silo43
Cr1755;2024-03-03 15:00:00;;Rice;61884.2;Silo49
Cr763;2024-03-03 15:00:00;;Other;56740.5;Silo47
Cr2000;2024-03-03 15:00:00;;Corn;32314.5;Silo41
Cr1260;2024-03-03 15:00:00;;Other;54369.8;Silo38
Cr391;2024-03-03 15:00:00;;Corn;39285.5;Silo8
Cr1845;2024-03-03 15:00:00;;Potato;40131.4;Silo34
Cr1278;2024-03-03 15:00:00;;Potato;32609.1;Silo44
Cr550;2024-03-03 15:00:00;;Wheat;56546.9;Silo44
Cr111;2024-03-03 15:00:00;;Other;54310.2;Silo33
Cr1340;2024-03-03 15:00:00;;Rice;34425.0;Silo38
Cr38;2024-03-03 15:00:00;;Wheat;58230.6;Silo20
Cr84;2024-03-03 15:00:00;;Rice;46482.9;Silo27
Cr869;2024-03-03 15:00:00;;Wheat;31755.7;Silo17
Cr406;2024-03-03 15:00:00;;Corn;51876.1;Silo34
Cr1523;2024-03-03 15:00:00;;Other;55056.7;Silo9
Cr1550;2024-03-03 15:00:00;;Potato;35993.7;Silo42
Cr1667;2024-03-03 15:00:00;;Rice;29725.6;Silo18
Cr212;2024-03-03 15:00:00;;Wheat;27689.7;Silo9
Cr33;2024-03-03 15:00:00;;Rice;63516.3;Silo37
Cr762;2024-03-03 15:00:00;;Rice;31578.6;Silo41
Cr1130;2024-03-03 15:00:00;;Potato;39949.1;Silo6
Cr1838;2024-03-03 15:00:00;;Wheat;30587.1;Silo44
Cr1024;2024-03-03 15:00:00;;Corn;56310.4;Silo11
Cr395;2024-03-03 15:00:00;;Other;34171.6;Silo33
Cr1171;2024-03-03 15:00:00;;Potato;59197.2;Silo48
Cr876;2024-03-03 15:00:00;;Other;63683.5;Silo20
Cr1962;2024-03-03 15:00:00;;Other;36912.8;Silo29
Cr1616;2024-03-03 15:00:00;;Rice;53130.3;Silo42
Cr1398;2024-03-03 15:00:00;;Potato;43627.6;Silo28
Cr1125;2024-03-03 15:00:00;;Wheat;36707.0;Silo3
Cr1240;2024-03-03 15:00:00;;Corn;57107.7;Silo33
Cr1116;2024-03-03 15:00:00;;Potato;30776.6;Silo35
Cr356;2024-03-03 15:00:00;;Corn;28403.3;Silo1
Cr960;2024-03-03 15:00:00;;Wheat;53227.3;Silo24
Cr314;2024-03-03 15:00:00;;Rice;50145.7;Silo13
Cr1977;2024-03-03 15:00:00;;Wheat;50761.0;Silo1
Cr651;2024-03-03 15:00:00;;Corn;61072.5;Silo44
Cr638;2024-03-03 15:00:00;;Corn;55535.2;Silo19
Cr711;2024-03-03 15:00:00;;Potato;42965.5;Silo4
Cr1094;2024-03-03 15:00:00;;Corn;30431.8;Silo37
Cr1173;2024-03-03 15:00:00;;Potato;63712.3;Silo2
Cr40;2024-03-03 15:00:00;;Rice;30055.5;Silo18
Cr1261;2024-03-03 15:00:00;;Wheat;30295.1;Silo28
Cr1086;2024-03-03 15:00:00;;Other;59842.3;Silo9
Cr484;2024-03-03 15:00:00;;Potato;48859.4;Silo41
Cr233;2024-03-03 15:00:00;;Corn;34698.4;Silo15
Cr1245;2024-03-03 15:00:00;;Other;58362.7;Silo43
Cr1655;2024-03-03 15:00:00;;Other;49341.2;Silo1
Cr852;2024-03-03 15:00:00;;Rice;63544.0;Silo41
Cr1392;2024-03-03 15:00:00;;Corn;41536.6;Silo42
Cr962;2024-03-03 15:00:00;;Rice;48823.7;Silo26
Cr1680;2024-03-03 15:00:00;;Corn;62399.9;Silo10
Cr630;2024-03-03 15:00:00;;Wheat;53808.0;Silo8
Cr1025;2024-03-03 15:00:00;;Wheat;27971.0;Silo43
Cr21;2024-03-03 15:00:00;;Wheat;34738.0;Silo16
Cr1000;2024-03-03 15:00:00;;Rice;36134.8;Silo41
Cr1945;2024-03-03 15:00:00;;Potato;33706.4;Silo10
Cr1586;2024-03-03 15:00:00;;Rice;58079.2;Silo29
Cr481;2024-03-03 15:00:00;;Wheat;50927.1;Silo12
Cr1092;2024-03-03 15:00:00;;Corn;26411.0;Silo17
Cr594;2024-03-03 15:00:00;;Corn;33772.4;Silo9
Cr310;2024-03-03 15:00:00;;Wheat;51004.1;Silo37
Cr499;2024-03-03 15:00:00;;Corn;61183.0;Silo14
Cr64;2024-03-03 15:00:00;;Rice;28308.2;Silo19
Cr483;2024-03-03 15:00:00;;Rice;53990.7;Silo49
Cr165;2024-03-03 15:00:00;;Potato;57006.8;Silo29
Cr1693;2024-03-03 15:00:00;;Other;27788.2;Silo3
Cr1275;2024-03-03 15:00:00;;Wheat;33702.2;Silo12
Cr1799;2024-03-03 15:00:00;;Potato;52646.0;Silo11
Cr691;2024-03-03 15:00:00;;Potato;39495.5;Silo26
Cr1873;2024-03-03 15:00:00;;Other;56057.0;Silo11
Cr751;2024-03-03 15:00:00;;Other;52954.2;Silo6
Cr220;2024-03-03 15:00:00;;Potato;26139.3;Silo47
Cr28;2024-03-03 15:00:00;;Other;40927.1;Silo11
Cr670;2024-03-03 15:00:00;;Rice;28285.9;Silo20
Cr1442;2024-03-03 15:00:00;;Potato;43527.1;Silo50
Cr1541;2024-03-03 15:00:00;;Rice;56089.7;Silo12
Cr1377;2024-03-03 15:00:00;;Other;54403.9;Silo30
Cr727;2024-03-03 15:00:00;;Potato;45629.1;Silo4
Cr129;2024-03-03 15:00:00;;Potato;63496.2;Silo8
Cr619;2024-03-03 15:00:00;;Other;43310.1;Silo43
Cr1754;2024-03-03 15:00:00;;Potato;61794.7;Silo36
Cr524;2024-03-03 15:00:00;;Wheat;59252.4;Silo20
Cr1492;2024-03-03 15:00:00;;Potato;60945.8;Silo36
Cr1327;2024-03-03 15:00:00;;Corn;25447.7;Silo13
Cr908;2024-03-03 15:00:00;;Rice;26168.7;Silo27
Cr1771;2024-03-03 15:00:00;;Potato;41900.3;Silo40
Cr1045;2024-03-03 15:00:00;;Potato;54835.5;Silo43
Cr1439;2024-03-03 15:00:00;;Other;36505.0;Silo6
Cr195;2024-03-03 15:00:00;;Potato;42301.6;Silo4
Cr1639;2024-03-03 15:00:00;;Corn;61394.7;Silo45
Cr299;2024-03-03 15:00:00;;Other;63398.2;Silo47
Cr236;2024-03-03 15:00:00;;Other;60538.7;Silo20
Cr759;2024-03-03 15:00:00;;Wheat;47492.9;Silo43
Cr1395;2024-03-03 15:00:00;;Wheat;61698.1;Silo46
Cr1388;2024-03-03 15:00:00;;Potato;54040.6;Silo38
Cr102;2024-03-03 15:00:00;;Rice;57851.1;Silo35
Cr699;2024-03-03 15:00:00;;Rice;58990.9;Silo34
Cr980;2024-03-03 15:00:00;;Rice;40476.2;Silo28
Cr591;2024-03-03 15:00:00;;Corn;62787.2;Silo28
Cr1689;2024-03-03 15:00:00;;Other;55661.1;Silo20
Cr978;2024-03-03 15:00:00;;Rice;38240.7;Silo21
Cr191;2024-03-03 15:00:00;;Wheat;57586.0;Silo37
Cr443;2024-03-03 15:00:00;;Wheat;37516.0;Silo9
Cr1759;2024-03-03 15:00:00;;Rice;36514.9;Silo36
Cr1341;2024-03-03 15:00:00;;Wheat;62386.6;Silo19
Cr376;2024-03-03 15:00:00;;Potato;31131.4;Silo19
Cr120;2024-03-03 15:00:00;;Other;36489.1;Silo13
Cr416;2024-03-03 15:00:00;;Rice;26658.0;Silo28
Cr202;2024-03-03 15:00:00;;Rice;31739.2;Silo32
Cr1323;2024-03-03 15:00:00;;Potato;34315.3;Silo7
Cr1826;2024-03-03 15:00:00;;Corn;56924.3;Silo8
Cr773;2024-03-03 15:00:00;;Rice;47542.7;Silo33
Cr438;2024-03-03 15:00:00;;Wheat;60445.7;Silo31
Cr553;2024-03-03 15:00:00;;Potato;25866.2;Silo11
Cr1643;2024-03-03 15:00:00;;Other;57645.6;Silo15
Cr1453;2024-03-03 15:00:00;;Other;48998.1;Silo46
Cr1305;2024-03-03 15:00:00;;Potato;52928.6;Silo39
Cr1627;2024-03-03 15:00:00;;Other;52118.2;Silo26
Cr1818;2024-03-03 15:00:00;;Potato;48407.5;Silo37
Cr1294;2024-03-03 15:00:00;;Rice;38123.2;Silo25
Cr1515;2024-03-03 15:00:00;;Rice;26455.4;Silo29
Cr63;2024-03-03 15:00:00;;Rice;59245.5;Silo21
Cr86;2024-03-03 15:00:00;;Other;44614.1;Silo42
Cr1035;2024-03-03 15:00:00;;Potato;49411.6;Silo4
Cr1614;2024-03-03 15:00:00;;Potato;42818.6;Silo33
Cr89;2024-03-03 15:00:00;;Potato;40178.5;Silo1
Cr90;2024-03-03 15:00:00;;Potato;62158.2;Silo23
Cr1827;2024-03-03 15:00:00;;Wheat;26820.7;Silo44
Cr477;2024-03-03 15:00:00;;Corn;63500.1;Silo2
Cr660;2024-03-03 15:00:00;;Rice;33909.4;Silo15
Cr678;2024-03-03 15:00:00;;Potato;50118.9;Silo22
Cr571;2024-03-03 15:00:00;;Wheat;53295.6;Silo47
Cr718;2024-03-03 15:00:00;;Other;26140.9;Silo25
Cr1786;2024-03-03 15:00:00;;Rice;30249.7;Silo1
Cr515;2024-03-03 15:00:00;;Potato;38008.3;Silo36
Cr604;2024-03-03 15:00:00;;Rice;32828.7;Silo12
Cr1075;2024-03-03 15:00:00;;Rice;54017.3;Silo15
Cr162;2024-03-03 15:00:00;;Rice;43146.7;Silo37
Cr116;2024-03-03 15:00:00;;Potato;64813.5;Silo24
Cr580;2024-03-03 15:00:00;;Potato;26348.0;Silo1
Cr595;2024-03-03 15:00:00;;Corn;39932.4;Silo41
Cr933;2024-03-03 15:00:00;;Wheat;27440.4;Silo40
Cr210;2024-03-03 15:00:00;;Rice;37511.0;Silo33
Cr1612;2024-03-03 15:00:00;;Rice;49818.5;Silo26
Cr1050;2024-03-03 15:00:00;;Corn;28215.8;Silo19
Cr886;2024-03-03 15:00:00;;Potato;57937.1;Silo45
Cr618;2024-03-03 15:00:00;;Potato;35195.5;Silo45
Cr913;2024-03-03 15:00:00;;Rice;33611.6;Silo34
Cr55;2024-03-03 15:00:00;;Rice;57589.7;Silo2
Cr1682;2024-03-03 15:00:00;;Corn;25546.8;Silo3
Cr1122;2024-03-03 15:00:00;;Potato;30043.7;Silo30
Cr1622;2024-03-03 15:00:00;;Potato;56495.1;Silo43
Cr1225;2024-03-03 15:00:00;;Potato;55031.5;Silo36
Cr117;2024-03-03 15:00:00;;Rice;57771.2;Silo15
Cr1177;2024-03-03 15:00:00;;Other;26022.6;Silo50
Cr382;2024-03-03 15:00:00;;Wheat;63872.8;Silo36
Cr1461;2024-03-03 15:00:00;;Rice;46954.5;Silo43
Cr273;2024-03-03 15:00:00;;Rice;31410.2;Silo47
Cr1486;2024-03-03 15:00:00;;Potato;25469.5;Silo37
Cr1536;2024-03-03 15:00:00;;Other;58708.4;Silo12
Cr1460;2024-03-03 15:00:00;;Corn;39226.2;Silo3
Cr1082;2024-03-03 15:00:00;;Potato;49077.7;Silo21
Cr1384;2024-03-03 15:00:00;;Rice;35065.3;Silo49
Cr1120;2024-03-03 15:00:00;;Other;55194.4;Silo6
Cr201;2024-03-03 15:00:00;;Other;34318.6;Silo17
Cr956;2024-03-03 15:00:00;;Rice;62180.1;Silo41
Cr482;2024-03-03 15:00:00;;Corn;33383.3;Silo10
Cr1731;2024-03-03 15:00:00;;Rice;50557.9;Silo34
Cr1465;2024-03-03 15:00:00;;Corn;58168.3;Silo15
Cr436;2024-03-03 15:00:00;;Rice;58530.5;Silo2
Cr1547;2024-03-03 15:00:00;;Rice;44879.9;Silo15
Cr1207;2024-03-03 15:00:00;;Wheat;48094.6;Silo29
Cr447;2024-03-03 15:00:00;;Corn;41910.4;Silo21
Cr1653;2024-03-03 15:00:00;;Wheat;26968.6;Silo24
Cr946;2024-03-03 15:00:00;;Wheat;52654.1;Silo23
Cr1386;2024-03-03 15:00:00;;Rice;51392.2;Silo23
Cr814;2024-03-03 15:00:00;;Other;38449.6;Silo1
Cr687;2024-03-03 15:00:00;;Wheat;49943.2;Silo18
Cr328;2024-03-03 15:00:00;;Other;56703.2;Silo39
Cr1242;2024-03-03 15:00:00;;Other;37483.7;Silo26
Cr403;2024-03-03 15:00:00;;Rice;29590.9;Silo9
Cr850;2024-03-03 15:00:00;;Potato;50681.3;Silo39
Cr139;2024-03-03 15:00:00;;Potato;54261.2;Silo33
Cr862;2024-03-03 15:00:00;;Rice;33760.0;Silo28
Cr1389;2024-03-03 15:00:00;;Potato;38500.4;Silo17
Cr642;2024-03-03 15:00:00;;Other;60358.8;Silo12
Cr188;2024-03-03 15:00:00;;Corn;26605.5;Silo15
Cr1606;2024-03-03 15:00:00;;Other;32684.1;Silo48
Cr1850;2024-03-03 15:00:00;;Rice;55878.0;Silo31
Cr1114;2024-03-03 15:00:00;;Rice;54478.0;Silo49
Cr185;2024-03-03 15:00:00;;Rice;53219.9;Silo18
Cr848;2024-03-03 15:00:00;;Other;53122.5;Silo12
Cr1825;2024-03-03 15:00:00;;Potato;45014.1;Silo27
Cr1554;2024-03-03 15:00:00;;Rice;41752.4;Silo18
Cr1146;2024-03-03 15:00:00;;Rice;31955.5;Silo18
Cr970;2024-03-03 15:00:00;;Corn;30536.4;Silo35
Cr83;2024-03-03 15:00:00;;Potato;59748.3;Silo34
Cr898;2024-03-03 15:00:00;;Rice;64409.5;Silo30
Cr1250;2024-03-03 15:00:00;;Rice;56420.7;Silo4
Cr1645;2024-03-03 15:00:00;;Corn;28138.7;Silo4
Cr341;2024-03-03 15:00:00;;Corn;61398.6;Silo36
Cr738;2024-03-03 15:00:00;;Corn;57640.5;Silo5
Cr1706;2024-03-03 15:00:00;;Rice;56124.6;Silo16
Cr370;2024-03-03 15:00:00;;Other;31398.7;Silo2
Cr1772;2024-03-03 15:00:00;;Potato;34819.0;Silo41
Cr426;2024-03-03 15:00:00;;Other;51613.2;Silo23
Cr1793;2024-03-03 15:00:00;;Potato;32447.4;Silo20
Cr729;2024-03-03 15:00:00;;Other;50351.9;Silo31
Cr1134;2024-03-03 15:00:00;;Potato;30930.4;Silo26
Cr952;2024-03-03 15:00:00;;Rice;62871.1;Silo3
Cr1044;2024-03-03 15:00:00;;Rice;41506.5;Silo35
Cr1061;2024-03-03 15:00:00;;Corn;36840.5;Silo3
Cr1558;2024-03-03 15:00:00;;Other;36708.3;Silo33
Cr459;2024-03-03 15:00:00;;Rice;38330.6;Silo8
Cr918;2024-03-03 15:00:00;;Potato;47372.9;Silo45
Cr1321;2024-03-03 15:00:00;;Other;36429.7;Silo19
Cr922;2024-03-03 15:00:00;;Other;31038.5;Silo25
Cr1149;2024-03-03 15:00:00;;Wheat;60792.0;Silo24
Cr1041;2024-03-03 15:00:00;;Rice;52861.8;Silo45
Cr1151;2024-03-03 15:00:00;;Corn;47170.6;Silo22
Cr1681;2024-03-03 15:00:00;;Rice;39534.7;Silo46
Cr1187;2024-03-03 15:00:00;;Wheat;28734.2;Silo11
Cr1581;2024-03-03 15:00:00;;Wheat;34106.7;Silo47
Cr935;2024-03-03 15:00:00;;Rice;25425.6;Silo37
Cr1009;2024-03-03 15:00:00;;Other;57058.5;Silo28
Cr223;2024-03-03 15:00:00;;Potato;37138.2;Silo12
Cr262;2024-03-03 15:00:00;;Other;64530.1;Silo32
Cr131;2024-03-03 15:00:00;;Corn;64053.9;Silo35
Cr597;2024-03-03 15:00:00;;Other;26017.0;Silo17
Cr1940;2024-03-03 15:00:00;;Wheat;27646.6;Silo1
Cr199;2024-03-03 15:00:00;;Corn;27753.0;Silo50
Cr13;2024-03-03 15:00:00;;Potato;52083.6;Silo3
Cr485;2024-03-03 15:00:00;;Other;47331.2;Silo42
Cr581;2024-03-03 15:00:00;;Other;52835.2;Silo14
Cr462;2024-03-03 15:00:00;;Wheat;46768.0;Silo20
Cr934;2024-03-03 15:00:00;;Potato;52289.8;Silo21
Cr115;2024-03-03 15:00:00;;Other;31314.0;Silo37
Cr1807;2024-03-03 15:00:00;;Rice;42366.5;Silo42
Cr1839;2024-03-03 15:00:00;;Potato;49040.5;Silo41
Cr1381;2024-03-03 15:00:00;;Potato;38679.4;Silo44
Cr1647;2024-03-03 15:00:00;;Wheat;33441.2;Silo21
Cr693;2024-03-03 15:00:00;;Rice;47917.7;Silo7
Cr540;2024-03-03 15:00:00;;Wheat;56158.3;Silo9
Cr1315;2024-03-03 15:00:00;;Potato;44796.8;Silo21
Cr1456;2024-03-03 15:00:00;;Other;36555.1;Silo42
Cr777;2024-03-03 15:00:00;;Corn;50513.4;Silo36
Cr1553;2024-03-03 15:00:00;;Potato;43510.0;Silo1
Cr910;2024-03-03 15:00:00;;Rice;51769.6;Silo15
Cr1429;2024-03-03 15:00:00;;Rice;25123.5;Silo14
Cr582;2024-03-03 15:00:00;;Rice;57352.0;Silo8
Cr363;2024-03-03 15:00:00;;Other;46970.2;Silo16
Cr1603;2024-03-03 15:00:00;;Corn;50052.8;Silo24
Cr1449;2024-03-03 15:00:00;;Corn;37839.6;Silo36
Cr1704;2024-03-03 15:00:00;;Other;28922.7;Silo8
Cr546;2024-03-03 15:00:00;;Wheat;45514.6;Silo49
Cr823;2024-03-03 15:00:00;;Rice;32708.6;Silo8
Cr152;2024-03-03 15:00:00;;Other;34255.5;Silo30
Cr1048;2024-03-03 15:00:00;;Wheat;43079.8;Silo14
Cr1077;2024-03-03 15:00:00;;Potato;27374.9;Silo24
Cr880;2024-03-03 15:00:00;;Wheat;56129.4;Silo15
Cr1884;2024-03-03 15:00:00;;Rice;49916.4;Silo21
Cr586;2024-03-03 15:00:00;;Potato;34467.4;Silo25
Cr756;2024-03-03 15:00:00;;Potato;60579.5;Silo48
Cr1675;2024-03-03 15:00:00;;Corn;52281.7;Silo26
Cr1251;2024-03-03 15:00:00;;Corn;63228.2;Silo19
Cr914;2024-03-03 15:00:00;;Other;64305.6;Silo45
Cr1285;2024-03-03 15:00:00;;Corn;25017.7;Silo47
Cr1273;2024-03-03 15:00:00;;Corn;60327.1;Silo40
Cr1189;2024-03-03 15:00:00;;Potato;34764.4;Silo21
Cr123;2024-03-03 15:00:00;;Wheat;46399.5;Silo4
Cr1638;2024-03-03 15:00:00;;Potato;38102.5;Silo2
Cr1783;2024-03-03 15:00:00;;Wheat;30069.0;Silo6
Cr288;2024-03-03 15:00:00;;Rice;52577.0;Silo48
Cr1356;2024-03-03 15:00:00;;Other;48033.7;Silo10
Cr1066;2024-03-03 15:00:00;;Potato;29171.4;Silo32
Cr1426;2024-03-03 15:00:00;;Rice;54914.9;Silo20
Cr98;2024-03-03 15:00:00;;Other;38110.6;Silo35
Cr347;2024-03-03 15:00:00;;Other;42936.5;Silo24
Cr1836;2024-03-03 15:00:00;;Corn;43644.2;Silo29
Cr747;2024-03-03 15:00:00;;Wheat;48719.7;Silo15
Cr308;2024-03-03 15:00:00;;Potato;33862.3;Silo44
Cr983;2024-03-03 15:00:00;;Other;26510.7;Silo1
Cr1222;2024-03-03 15:00:00;;Rice;58652.8;Silo3
Cr1609;2024-03-03 15:00:00;;Rice;27601.5;Silo14
Cr1226;2024-03-03 15:00:00;;Wheat;61950.6;Silo22
Cr411;2024-03-03 15:00:00;;Corn;28961.1;Silo47
Cr1965;2024-03-03 15:00:00;;Wheat;61449.0;Silo6
Cr802;2024-03-03 15:00:00;;Rice;48022.7;Silo6
Cr1068;2024-03-03 15:00:00;;Potato;53138.8;Silo27
Cr1203;2024-03-03 15:00:00;;Other;31442.1;Silo16
Cr868;2024-03-03 15:00:00;;Potato;55919.8;Silo10
Cr1053;2024-03-03 15:00:00;;Rice;38569.8;Silo19
Cr1324;2024-03-03 15:00:00;;Rice;45084.1;Silo9
Cr1798;2024-03-03 15:00:00;;Potato;43959.7;Silo40
Cr1834;2024-03-03 15:00:00;;Corn;48561.1;Silo50
Cr1898;2024-03-03 15:00:00;;Wheat;31270.1;Silo24
Cr991;2024-03-03 15:00:00;;Potato;37721.5;Silo5
Cr1473;2024-03-03 15:00:00;;Rice;43526.8;Silo18
Cr552;2024-03-03 15:00:00;;Wheat;26401.4;Silo24
Cr1774;2024-03-03 15:00:00;;Rice;43774.9;Silo42
Cr362;2024-03-03 15:00:00;;Potato;54167.1;Silo5
Cr1728;2024-03-03 15:00:00;;Rice;62048.5;Silo16
Cr1970;2024-03-03 15:00:00;;Corn;62775.5;Silo38
Cr1671;2024-03-03 15:00:00;;Wheat;38516.7;Silo30
Cr470;2024-03-03 15:00:00;;Potato;39707.5;Silo44
Cr1201;2024-03-03 15:00:00;;Potato;58777.3;Silo48
Cr1899;2024-03-03 15:00:00;;Other;62739.4;Silo20
Cr774;2024-03-03 15:00:00;;Corn;56890.7;Silo46
Cr159;2024-03-03 15:00:00;;Potato;63116.9;Silo5
Cr32;2024-03-03 15:00:00;;Other;44705.2;Silo11
Cr1202;2024-03-03 15:00:00;;Other;59417.6;Silo39
Cr284;2024-03-03 15:00:00;;Other;46667.6;Silo22
Cr879;2024-03-03 15:00:00;;Potato;28147.5;Silo7
Cr1752;2024-03-03 15:00:00;;Rice;43803.0;Silo48
Cr1180;2024-03-03 15:00:00;;Rice;34641.3;Silo20
Cr961;2024-03-03 15:00:00;;Wheat;43326.6;Silo34
Cr836;2024-03-03 15:00:00;;Wheat;28465.6;Silo12
Cr599;2024-03-03 15:00:00;;Wheat;58866.7;Silo47
Cr1988;2024-03-03 15:00:00;;Other;59674.8;Silo13
Cr545;2024-03-03 15:00:00;;Other;64857.3;Silo31
Cr456;2024-03-03 15:00:00;;Rice;38031.2;Silo4
Cr1468;2024-03-03 15:00:00;;Wheat;50872.1;Silo50
Cr1069;2024-03-03 15:00:00;;Other;50470.7;Silo5
Cr68;2024-03-03 15:00:00;;Wheat;26415.4;Silo40
Cr1054;2024-03-03 15:00:00;;Other;63161.6;Silo6
Cr1262;2024-03-03 15:00:00;;Other;54957.1;Silo49
Cr29;2024-03-03 15:00:00;;Corn;47266.9;Silo30
Cr1438;2024-03-03 15:00:00;;Wheat;36009.2;Silo32
Cr605;2024-03-03 15:00:00;;Wheat;42409.6;Silo20
Cr1580;2024-03-03 15:00:00;;Wheat;40925.0;Silo2
Cr657;2024-03-03 15:00:00;;Rice;32108.0;Silo43
Cr153;2024-03-03 15:00:00;;Potato;33124.7;Silo1
Cr206;2024-03-03 15:00:00;;Wheat;59485.9;Silo9
Cr1206;2024-03-03 15:00:00;;Rice;27803.2;Silo27
Cr480;2024-03-03 15:00:00;;Rice;47132.4;Silo40
Cr1497;2024-03-03 15:00:00;;Potato;61653.5;Silo45
Cr675;2024-03-03 15:00:00;;Rice;60900.1;Silo43
Cr909;2024-03-03 15:00:00;;Other;47661.3;Silo46
Cr937;2024-03-03 15:00:00;;Other;52265.8;Silo31
Cr539;2024-03-03 15:00:00;;Potato;50556.5;Silo30
Cr583;2024-03-03 15:00:00;;Other;53975.6;Silo40
Cr1761;2024-03-03 15:00:00;;Wheat;41667.3;Silo28
Cr337;2024-03-03 15:00:00;;Wheat;33044.8;Silo36
Cr1038;2024-03-03 15:00:00;;Rice;54858.5;Silo16
Cr1905;2024-03-03 15:00:00;;Corn;43196.7;Silo6
Cr1672;2024-03-03 15:00:00;;Rice;51766.1;Silo39
Cr1822;2024-03-03 15:00:00;;Other;39082.7;Silo35
Cr984;2024-03-03 15:00:00;;Potato;45858.3;Silo1
Cr1886;2024-03-03 15:00:00;;Corn;59247.5;Silo24
Cr404;2024-03-03 15:00:00;;Other;44602.4;Silo41
Cr1195;2024-03-03 15:00:00;;Potato;47167.9;Silo4
Cr761;2024-03-03 15:00:00;;Other;35543.4;Silo45
Cr721;2024-03-03 15:00:00;;Potato;33654.2;Silo10
Cr603;2024-03-03 15:00:00;;Rice;37517.5;Silo31
Cr938;2024-03-03 15:00:00;;Rice;52748.6;Silo6
Cr559;2024-03-03 15:00:00;;Wheat;34305.8;Silo6
Cr1902;2024-03-03 15:00:00;;Corn;51971.6;Silo9
Cr1489;2024-03-03 15:00:00;;Rice;58010.9;Silo23
Cr1701;2024-03-03 15:00:00;;Wheat;31382.7;Silo1
Cr1687;2024-03-03 15:00:00;;Other;57062.4;Silo27
Cr516;2024-03-03 15:00:00;;Other;61073.7;Silo24
Cr1833;2024-03-03 15:00:00;;Other;34184.1;Silo50
Cr343;2024-03-03 15:00:00;;Potato;47430.6;Silo11
Cr1036;2024-03-03 15:00:00;;Potato;36347.3;Silo42
Cr60;2024-03-03 15:00:00;;Rice;46547.8;Silo40
Cr37;2024-03-03 15:00:00;;Potato;39346.2;Silo48
Cr1998;2024-03-03 15:00:00;;Corn;41887.1;Silo41
Cr732;2024-03-03 15:00:00;;Rice;58918.6;Silo28
Cr1985;2024-03-03 15:00:00;;Rice;46263.0;Silo4
Cr532;2024-03-03 15:00:00;;Corn;45277.1;Silo7
Cr1690;2024-03-03 15:00:00;;Rice;28152.9;Silo43
Cr1198;2024-03-03 15:00:00;;Corn;63279.4;Silo41
Cr493;2024-03-03 15:00:00;;Other;57685.7;Silo23
Cr573;2024-03-03 15:00:00;;Rice;54928.6;Silo17
Cr451;2024-03-03 15:00:00;;Potato;38219.7;Silo36
Cr66;2024-03-03 15:00:00;;Other;29292.8;Silo34
Cr1765;2024-03-03 15:00:00;;Corn;42582.9;Silo15
Cr1516;2024-03-03 15:00:00;;Corn;25195.9;Silo30
Cr1992;2024-03-03 15:00:00;;Wheat;34729.1;Silo34
Cr957;2024-03-03 15:00:00;;Other;58645.4;Silo16
Cr61;2024-03-03 15:00:00;;Rice;61553.7;Silo24
Cr1484;2024-03-03 15:00:00;;Corn;49441.1;Silo27
Cr975;2024-03-03 15:00:00;;Other;56896.1;Silo45
Cr1587;2024-03-03 15:00:00;;Wheat;28840.0;Silo6
Cr843;2024-03-03 15:00:00;;Other;61987.9;Silo31
Cr625;2024-03-03 15:00:00;;Corn;31065.2;Silo37
Cr1512;2024-03-03 15:00:00;;Corn;39436.4;Silo33
Cr489;2024-03-03 15:00:00;;Corn;60871.5;Silo11
Cr734;2024-03-03 15:00:00;;Rice;51804.9;Silo24
Cr1987;2024-03-03 15:00:00;;Corn;33841.9;Silo11
Cr994;2024-03-03 15:00:00;;Other;37649.0;Silo9
Cr1346;2024-03-03 15:00:00;;Wheat;35161.7;Silo2
Cr77;2024-03-03 15:00:00;;Wheat;47121.3;Silo49
Cr17;2024-03-03 15:00:00;;Corn;41052.2;Silo46
Cr354;2024-03-03 15:00:00;;Wheat;52018.0;Silo40
Cr7;2024-03-03 15:00:00;;Wheat;49659.1;Silo35
Cr649;2024-03-03 15:00:00;;Potato;25675.1;Silo48
Cr1019;2024-03-03 15:00:00;;Other;52861.9;Silo48
Cr1500;2024-03-03 15:00:00;;Rice;33343.7;Silo25
Cr1921;2024-03-03 15:00:00;;Corn;28176.9;Silo10
Cr1411;2024-03-03 15:00:00;;Wheat;54850.8;Silo44
Cr757;2024-03-03 15:00:00;;Wheat;29683.0;Silo50
Cr353;2024-03-03 15:00:00;;Other;59162.9;Silo18
Cr1840;2024-03-03 15:00:00;;Corn;38434.0;Silo3
Cr176;2024-03-03 15:00:00;;Corn;42536.6;Silo4
Cr501;2024-03-03 15:00:00;;Corn;59918.0;Silo1
Cr917;2024-03-03 15:00:00;;Rice;27212.7;Silo2
Cr293;2024-03-03 15:00:00;;Other;59793.8;Silo4
Cr1889;2024-03-03 15:00:00;;Corn;51700.1;Silo13
Cr203;2024-03-03 15:00:00;;Wheat;60621.9;Silo27
Cr244;2024-03-03 15:00:00;;Potato;39932.2;Silo39
Cr1583;2024-03-03 15:00:00;;Rice;63553.2;Silo22
Cr741;2024-03-03 15:00:00;;Other;46773.9;Silo38
Cr234;2024-03-03 15:00:00;;Other;50467.8;Silo44
Cr885;2024-03-03 15:00:00;;Potato;35607.3;Silo47
Cr1968;2024-03-03 15:00:00;;Wheat;38300.9;Silo23
Cr637;2024-03-03 15:00:00;;Rice;33369.7;Silo30
Cr1922;2024-03-03 15:00:00;;Wheat;31930.9;Silo44
Cr1874;2024-03-03 15:00:00;;Corn;50357.6;Silo48
Cr520;2024-03-03 15:00:00;;Rice;38858.3;Silo49
Cr770;2024-03-03 15:00:00;;Other;40550.1;Silo15
Cr322;2024-03-03 15:00:00;;Corn;26717.5;Silo30
Cr1800;2024-03-03 15:00:00;;Wheat;42604.1;Silo50
Cr281;2024-03-03 15:00:00;;Potato;34023.4;Silo31
Cr627;2024-03-03 15:00:00;;Corn;62425.5;Silo42
Cr607;2024-03-03 15:00:00;;Wheat;27337.5;Silo16
Cr43;2024-03-03 15:00:00;;Wheat;27868.2;Silo19
Cr1810;2024-03-03 15:00:00;;Other;45745.3;Silo43
Cr385;2024-03-03 15:00:00;;Corn;58655.3;Silo8
Cr815;2024-03-03 15:00:00;;Corn;27525.7;Silo22
Cr514;2024-03-03 15:00:00;;Potato;55364.8;Silo17
Cr1542;2024-03-03 15:00:00;;Wheat;44620.1;Silo15
Cr1578;2024-03-03 15:00:00;;Wheat;54187.6;Silo2
Cr453;2024-03-03 15:00:00;;Corn;38222.8;Silo39
Cr919;2024-03-03 15:00:00;;Corn;29949.2;Silo45
Cr1673;2024-03-03 15:00:00;;Potato;38126.8;Silo7
Cr1280;2024-03-03 15:00:00;;Other;36263.9;Silo15
Cr1917;2024-03-03 15:00:00;;Wheat;41713.4;Silo39
Cr121;2024-03-03 15:00:00;;Wheat;56913.7;Silo50
Cr432;2024-03-03 15:00:00;;Corn;46185.8;Silo37
Cr1521;2024-03-03 15:00:00;;Rice;33294.2;Silo11
Cr166;2024-03-03 15:00:00;;Wheat;29504.2;Silo42
Cr1390;2024-03-03 15:00:00;;Corn;33167.7;Silo45
Cr240;2024-03-03 15:00:00;;Rice;53264.0;Silo41
Cr1232;2024-03-03 15:00:00;;Other;64048.0;Silo36
Cr1399;2024-03-03 15:00:00;;Wheat;42909.7;Silo47
Cr1090;2024-03-03 15:00:00;;Corn;57123.7;Silo48
Cr1150;2024-03-03 15:00:00;;Potato;53526.8;Silo43
Cr1230;2024-03-03 15:00:00;;Wheat;58268.7;Silo48
Cr51;2024-03-03 15:00:00;;Wheat;38095.8;Silo19
Cr394;2024-03-03 15:00:00;;Corn;62084.3;Silo16
Cr992;2024-03-03 15:00:00;;Other;60418.9;Silo15
Cr1299;2024-03-03 15:00:00;;Potato;36880.0;Silo6
Cr261;2024-03-03 15:00:00;;Wheat;53266.4;Silo2
Cr1178;2024-03-03 15:00:00;;Other;27021.2;Silo46
Cr1635;2024-03-03 15:00:00;;Potato;36195.7;Silo32
Cr1568;2024-03-03 15:00:00;;Wheat;45483.7;Silo10
Cr128;2024-03-03 15:00:00;;Rice;29759.1;Silo42
Cr1104;2024-03-03 15:00:00;;Potato;30241.2;Silo17
Cr949;2024-03-03 15:00:00;;Corn;58098.3;Silo4
Cr383;2024-03-03 15:00:00;;Potato;43902.9;Silo3
Cr1132;2024-03-03 15:00:00;;Rice;51146.3;Silo19
Cr45;2024-03-03 15:00:00;;Potato;54660.6;Silo38
Cr1819;2024-03-03 15:00:00;;Wheat;44550.0;Silo50
Cr666;2024-03-03 15:00:00;;Wheat;45608.9;Silo34
Cr611;2024-03-03 15:00:00;;Corn;39571.1;Silo29
Cr401;2024-03-03 15:00:00;;Potato;28730.7;Silo11
Cr1089;2024-03-03 15:00:00;;Corn;41199.4;Silo46
Cr338;2024-03-03 15:00:00;;Rice;48684.6;Silo30
Cr1572;2024-03-03 15:00:00;;Rice;56750.2;Silo5
Cr882;2024-03-03 15:00:00;;Rice;26924.3;Silo12
Cr1318;2024-03-03 15:00:00;;Rice;54142.2;Silo14
Cr950;2024-03-03 15:00:00;;Other;57674.2;Silo4
Cr1683;2024-03-03 15:00:00;;Other;52352.1;Silo9
Cr623;2024-03-03 15:00:00;;Other;41886.5;Silo9
Cr1659;2024-03-03 15:00:00;;Corn;45099.2;Silo26
Cr309;2024-03-03 15:00:00;;Potato;32930.6;Silo27
Cr1119;2024-03-03 15:00:00;;Other;30903.2;Silo19
Cr1121;2024-03-03 15:00:00;;Potato;39779.9;Silo17
Cr1412;2024-03-03 15:00:00;;Rice;62592.3;Silo41
Cr1272;2024-03-03 15:00:00;;Potato;43305.5;Silo19
Cr292;2024-03-03 15:00:00;;Potato;33924.2;Silo17
Cr1510;2024-03-03 15:00:00;;Potato;25687.1;Silo30
Cr1878;2024-03-03 15:00:00;;Wheat;40077.3;Silo8
Cr1015;2024-03-03 15:00:00;;Other;56654.1;Silo23
Cr1846;2024-03-03 15:00:00;;Corn;48673.6;Silo50
Cr390;2024-03-03 15:00:00;;Corn;43965.5;Silo3
Cr1307;2024-03-03 15:00:00;;Other;31364.9;Silo24
Cr1403;2024-03-03 15:00:00;;Potato;61942.5;Silo13
Cr1476;2024-03-03 15:00:00;;Other;32669.7;Silo5
Cr940;2024-03-03 15:00:00;;Potato;54030.6;Silo17
Cr1966;2024-03-03 15:00:00;;Potato;45220.0;Silo26
Cr722;2024-03-03 15:00:00;;Other;27995.8;Silo18
Cr359;2024-03-03 15:00:00;;Potato;31120.9;Silo23
Cr1008;2024-03-03 15:00:00;;Potato;42567.0;Silo42
Cr1777;2024-03-03 15:00:00;;Potato;56366.2;Silo22
Cr1006;2024-03-03 15:00:00;;Rice;45870.4;Silo24
Cr374;2024-03-03 15:00:00;;Other;34870.3;Silo10
Cr124;2024-03-03 15:00:00;;Other;50235.0;Silo2
Cr926;2024-03-03 15:00:00;;Wheat;25296.1;Silo9
Cr1996;2024-03-03 15:00:00;;Corn;64318.4;Silo24
Cr506;2024-03-03 15:00:00;;Other;44956.0;Silo3
Cr943;2024-03-03 15:00:00;;Potato;40817.2;Silo20
Cr1158;2024-03-03 15:00:00;;Wheat;54717.0;Silo24
Cr1811;2024-03-03 15:00:00;;Rice;47438.9;Silo8
Cr313;2024-03-03 15:00:00;;Wheat;61088.1;Silo46
Cr396;2024-03-03 15:00:00;;Corn;35572.7;Silo5
Cr270;2024-03-03 15:00:00;;Corn;53854.8;Silo41
Cr1333;2024-03-03 15:00:00;;Other;30434.7;Silo26
Cr1204;2024-03-03 15:00:00;;Corn;30726.2;Silo23
Cr1995;2024-03-03 15:00:00;;Rice;48335.3;Silo12
Cr1919;2024-03-03 15:00:00;;Rice;37375.3;Silo33
Cr1897;2024-03-03 15:00:00;;Rice;47915.3;Silo9
Cr680;2024-03-03 15:00:00;;Corn;44034.4;Silo22
Cr995;2024-03-03 15:00:00;;Wheat;27286.4;Silo17
Cr500;2024-03-03 15:00:00;;Other;26059.9;Silo49
Cr518;2024-03-03 15:00:00;;Corn;45633.6;Silo3
Cr1268;2024-03-03 15:00:00;;Wheat;44972.5;Silo37
Cr1767;2024-03-03 15:00:00;;Rice;37645.1;Silo26
Cr1446;2024-03-03 15:00:00;;Rice;44174.0;Silo37
Cr1091;2024-03-03 15:00:00;;Potato;31158.9;Silo34
Cr1481;2024-03-03 15:00:00;;Potato;34029.5;Silo43
Cr639;2024-03-03 15:00:00;;Rice;31242.3;Silo40
Cr397;2024-03-03 15:00:00;;Wheat;46231.1;Silo20
Cr348;2024-03-03 15:00:00;;Corn;49748.2;Silo3
Cr1477;2024-03-03 15:00:00;;Corn;60508.2;Silo17
Cr1858;2024-03-03 15:00:00;;Rice;41461.0;Silo3
Cr1932;2024-03-03 15:00:00;;Rice;33854.2;Silo14
Cr1931;2024-03-03 15:00:00;;Potato;39848.3;Silo19
Cr257;2024-03-03 15:00:00;;Wheat;61922.5;Silo7
Cr769;2024-03-03 15:00:00;;Corn;26533.0;Silo47
Cr538;2024-03-03 15:00:00;;Corn;60874.3;Silo36
Cr1397;2024-03-03 15:00:00;;Other;50658.0;Silo15
Cr76;2024-03-03 15:00:00;;Wheat;39338.7;Silo46
Cr1916;2024-03-03 15:00:00;;Rice;55352.2;Silo24
Cr1837;2024-03-03 15:00:00;;Corn;58816.3;Silo35
Cr1037;2024-03-03 15:00:00;;Potato;56375.9;Silo35
Cr1820;2024-03-03 15:00:00;;Wheat;64875.7;Silo12
Cr822;2024-03-03 15:00:00;;Other;61910.9;Silo48
Cr733;2024-03-03 15:00:00;;Wheat;41448.9;Silo21
Cr609;2024-03-03 15:00:00;;Other;31510.9;Silo14
Cr1179;2024-03-03 15:00:00;;Rice;25763.8;Silo5
Cr1574;2024-03-03 15:00:00;;Rice;32135.4;Silo29
Cr726;2024-03-03 15:00:00;;Rice;53254.5;Silo13
Cr1857;2024-03-03 15:00:00;;Potato;32560.6;Silo48
Cr1567;2024-03-03 15:00:00;;Rice;52190.8;Silo33
Cr1990;2024-03-03 15:00:00;;Wheat;36462.4;Silo44
Cr971;2024-03-03 15:00:00;;Corn;36941.2;Silo23
Cr601;2024-03-03 15:00:00;;Rice;48830.7;Silo45
Cr1739;2024-03-03 15:00:00;;Rice;60906.9;Silo30
Cr413;2024-03-03 15:00:00;;Corn;39180.8;Silo35
Cr1887;2024-03-03 15:00:00;;Corn;58939.0;Silo29
Cr1868;2024-03-03 15:00:00;;Corn;36671.0;Silo11
Cr673;2024-03-03 15:00:00;;Corn;29718.3;Silo22
Cr1532;2024-03-03 15:00:00;;Potato;42785.5;Silo11
Cr490;2024-03-03 15:00:00;;Other;28071.6;Silo26
Cr1332;2024-03-03 15:00:00;;Potato;27718.9;Silo2
Cr444;2024-03-03 15:00:00;;Corn;54135.0;Silo43
Cr714;2024-03-03 15:00:00;;Wheat;48228.8;Silo50
Cr393;2024-03-03 15:00:00;;Rice;34909.1;Silo43
Cr1072;2024-03-03 15:00:00;;Corn;53622.9;Silo8
Cr1710;2024-03-03 15:00:00;;Potato;62345.9;Silo8
Cr81;2024-03-03 15:00:00;;Corn;35652.6;Silo32
Cr1597;2024-03-03 15:00:00;;Wheat;30841.2;Silo19
Cr1350;2024-03-03 15:00:00;;Rice;63019.4;Silo45
Cr1191;2024-03-03 15:00:00;;Wheat;59218.0;Silo45
Cr1955;2024-03-03 15:00:00;;Corn;52782.1;Silo33
Cr1776;2024-03-03 15:00:00;;Potato;25968.2;Silo10
Cr1112;2024-03-03 15:00:00;;Corn;50158.1;Silo23
Cr194;2024-03-03 15:00:00;;Potato;64997.4;Silo21
Cr222;2024-03-03 15:00:00;;Rice;44265.8;Silo3
Cr704;2024-03-03 15:00:00;;Wheat;33139.4;Silo9
Cr1509;2024-03-03 15:00:00;;Potato;60231.2;Silo22
Cr845;2024-03-03 15:00:00;;Other;30730.3;Silo35
Cr1954;2024-03-03 15:00:00;;Rice;46163.4;Silo13
Cr1924;2024-03-03 15:00:00;;Other;58912.8;Silo36
Cr1535;2024-03-03 15:00:00;;Wheat;39593.5;Silo12
Cr1958;2024-03-03 15:00:00;;Wheat;34462.8;Silo17
Cr1418;2024-03-03 15:00:00;;Rice;30208.0;Silo38
Cr871;2024-03-03 15:00:00;;Rice;25317.5;Silo45
Cr1984;2024-03-03 15:00:00;;Wheat;35247.0;Silo38
Cr1424;2024-03-03 15:00:00;;Corn;43214.0;Silo29
Cr663;2024-03-03 15:00:00;;Corn;26267.0;Silo8
Cr492;2024-03-03 15:00:00;;Potato;37095.3;Silo41
Cr1624;2024-03-03 15:00:00;;Potato;52063.7;Silo14
Cr205;2024-03-03 15:00:00;;Rice;59894.9;Silo31
Cr1379;2024-03-03 15:00:00;;Other;31881.2;Silo8
Cr1935;2024-03-03 15:00:00;;Other;60804.9;Silo30
Cr1649;2024-03-03 15:00:00;;Potato;55396.7;Silo3
Cr486;2024-03-03 15:00:00;;Rice;39358.5;Silo3
Cr683;2024-03-03 15:00:00;;Potato;25708.0;Silo15
Cr851;2024-03-03 15:00:00;;Other;64588.5;Silo2
Cr1378;2024-03-03 15:00:00;;Other;60782.0;Silo12
Cr1181;2024-03-03 15:00:00;;Corn;40564.7;Silo42
Cr600;2024-03-03 15:00:00;;Other;63214.6;Silo20
Cr476;2024-03-03 15:00:00;;Potato;46474.5;Silo28
Cr1952;2024-03-03 15:00:00;;Rice;63116.1;Silo45
Cr1165;2024-03-03 15:00:00;;Potato;62985.2;Silo49
Cr142;2024-03-03 15:00:00;;Rice;49189.6;Silo4
Cr577;2024-03-03 15:00:00;;Potato;61002.0;Silo17
Cr1914;2024-03-03 15:00:00;;Wheat;57471.2;Silo11
Cr148;2024-03-03 15:00:00;;Wheat;50567.3;Silo3
Cr371;2024-03-03 15:00:00;;Rice;63062.5;Silo12
Cr1221;2024-03-03 15:00:00;;Other;43038.5;Silo27
Cr981;2024-03-03 15:00:00;;Other;33975.6;Silo22
Cr598;2024-03-03 15:00:00;;Corn;40249.5;Silo6
Cr138;2024-03-03 15:00:00;;Other;55089.1;Silo28
Cr528;2024-03-03 15:00:00;;Corn;61876.0;Silo41
Cr471;2024-03-03 15:00:00;;Other;38219.5;Silo39
Cr1591;2024-03-03 15:00:00;;Corn;57775.4;Silo16
Cr1308;2024-03-03 15:00:00;;Potato;27423.6;Silo7
Cr1023;2024-03-03 15:00:00;;Wheat;52279.3;Silo40
Cr1863;2024-03-03 15:00:00;;Rice;46604.8;Silo4
Cr1188;2024-03-03 15:00:00;;Rice;27690.0;Silo10
Cr828;2024-03-03 15:00:00;;Wheat;35389.0;Silo47
Cr1445;2024-03-03 15:00:00;;Other;62780.1;Silo25
Cr209;2024-03-03 15:00:00;;Corn;39363.4;Silo31
Cr1474;2024-03-03 15:00:00;;Potato;42341.8;Silo15
Cr283;2024-03-03 15:00:00;;Rice;34689.7;Silo47
Cr1872;2024-03-03 15:00:00;;Wheat;43668.5;Silo46
Cr817;2024-03-03 15:00:00;;Potato;54210.3;Silo9
Cr1629;2024-03-03 15:00:00;;Corn;56111.7;Silo48
Cr247;2024-03-03 15:00:00;;Corn;36924.9;Silo17
Cr1695;2024-03-03 15:00:00;;Corn;51822.2;Silo1
Cr1152;2024-03-03 15:00:00;;Other;58286.2;Silo15
Cr645;2024-03-03 15:00:00;;Corn;44024.8;Silo4
Cr1375;2024-03-03 15:00:00;;Rice;27764.6;Silo13
Cr1142;2024-03-03 15:00:00;;Corn;55538.1;Silo8
Cr1661;2024-03-03 15:00:00;;Other;55462.4;Silo43
Cr705;2024-03-03 15:00:00;;Other;47100.5;Silo21
Cr1972;2024-03-03 15:00:00;;Wheat;38058.2;Silo36
Cr361;2024-03-03 15:00:00;;Other;46700.6;Silo12
Cr311;2024-03-03 15:00:00;;Other;36393.1;Silo16
Cr1249;2024-03-03 15:00:00;;Other;51480.0;Silo36
Cr324;2024-03-03 15:00:00;;Rice;28079.7;Silo8
Cr1576;2024-03-03 15:00:00;;Rice;64445.9;Silo25
Cr437;2024-03-03 15:00:00;;Potato;50955.3;Silo22
Cr239;2024-03-03 15:00:00;;Wheat;45113.7;Silo3
Cr1607;2024-03-03 15:00:00;;Corn;57700.4;Silo3
Cr1416;2024-03-03 15:00:00;;Wheat;47878.8;Silo37
Cr1912;2024-03-03 15:00:00;;Other;28543.2;Silo9
Cr1105;2024-03-03 15:00:00;;Rice;60596.3;Silo38
Cr74;2024-03-03 15:00:00;;Corn;51816.1;Silo13
Cr1792;2024-03-03 15:00:00;;Potato;63103.8;Silo33
Cr158;2024-03-03 15:00:00;;Rice;30421.0;Silo37
Cr331;2024-03-03 15:00:00;;Corn;50726.0;Silo6
Cr126;2024-03-03 15:00:00;;Corn;57841.8;Silo39
Cr1746;2024-03-03 15:00:00;;Other;27835.9;Silo48
Cr1806;2024-03-03 15:00:00;;Potato;25242.6;Silo21
Cr1218;2024-03-03 15:00:00;;Potato;36963.6;Silo27
Cr1355;2024-03-03 15:00:00;;Corn;55920.5;Silo18
Cr1976;2024-03-03 15:00:00;;Corn;54003.1;Silo8
Cr184;2024-03-03 15:00:00;;Rice;40269.5;Silo44
Cr1393;2024-03-03 15:00:00;;Potato;45486.3;Silo47
Cr1715;2024-03-03 15:00:00;;Other;48991.3;Silo23
Cr1376;2024-03-03 15:00:00;;Other;47496.0;Silo23
Cr118;2024-03-03 15:00:00;;Wheat;36573.3;Silo30
Cr560;2024-03-03 15:00:00;;Wheat;25628.4;Silo42
Cr242;2024-03-03 15:00:00;;Other;51721.1;Silo1
Cr615;2024-03-03 15:00:00;;Rice;27028.6;Silo50
Cr263;2024-03-03 15:00:00;;Other;39236.1;Silo41
Cr1368;2024-03-03 15:00:00;;Other;41400.3;Silo40
Cr1569;2024-03-03 15:00:00;;Wheat;41271.8;Silo4
Cr474;2024-03-03 15:00:00;;Wheat;44192.9;Silo21
Cr661;2024-03-03 15:00:00;;Corn;50533.7;Silo8
Cr1336;2024-03-03 15:00:00;;Potato;51731.2;Silo45
Cr1487;2024-03-03 15:00:00;;Other;57706.6;Silo42
Cr455;2024-03-03 15:00:00;;Corn;26653.1;Silo15
Cr576;2024-03-03 15:00:00;;Rice;40180.6;Silo45
Cr1813;2024-03-03 15:00:00;;Corn;30078.4;Silo5
Cr1387;2024-03-03 15:00:00;;Corn;41940.8;Silo6
Cr643;2024-03-03 15:00:00;;Potato;52154.1;Silo46
Cr1882;2024-03-03 15:00:00;;Other;46610.4;Silo3
Cr1610;2024-03-03 15:00:00;;Other;47293.4;Silo49
Cr1906;2024-03-03 15:00:00;;Other;45413.9;Silo49
Cr1640;2024-03-03 15:00:00;;Other;41750.6;Silo38
Cr1719;2024-03-03 15:00:00;;Corn;42590.6;Silo46
Cr279;2024-03-03 15:00:00;;Corn;51017.9;Silo48
Cr525;2024-03-03 15:00:00;;Other;57921.3;Silo20
Cr1514;2024-03-03 15:00:00;;Potato;58135.1;Silo8
Cr1565;2024-03-03 15:00:00;;Corn;39509.4;Silo23
Cr887;2024-03-03 15:00:00;;Wheat;26279.2;Silo35
Cr149;2024-03-03 15:00:00;;Other;44187.6;Silo39
Cr842;2024-03-03 15:00:00;;Other;41340.2;Silo30
Cr1539;2024-03-03 15:00:00;;Other;27436.1;Silo29
Cr1291;2024-03-03 15:00:00;;Other;30892.4;Silo19
Cr193;2024-03-03 15:00:00;;Other;56129.9;Silo14
Cr336;2024-03-03 15:00:00;;Potato;43617.1;Silo20
Cr253;2024-03-03 15:00:00;;Corn;55101.0;Silo13
Cr558;2024-03-03 15:00:00;;Other;52029.2;Silo3
Cr652;2024-03-03 15:00:00;;Potato;26848.2;Silo18
Cr1274;2024-03-03 15:00:00;;Rice;60463.0;Silo5
Cr249;2024-03-03 15:00:00;;Rice;61065.1;Silo5
Cr906;2024-03-03 15:00:00;;Rice;32129.5;Silo37
Cr892;2024-03-03 15:00:00;;Other;34154.8;Silo28
Cr56;2024-03-03 15:00:00;;Other;53072.3;Silo43
Cr1832;2024-03-03 15:00:00;;Other;41020.6;Silo46
Cr1877;2024-03-03 15:00:00;;Potato;26660.4;Silo26
Cr656;2024-03-03 15:00:00;;Wheat;30127.6;Silo39
Cr1354;2024-03-03 15:00:00;;Potato;25374.5;Silo35
Cr1727;2024-03-03 15:00:00;;Potato;35000.6;Silo38
Cr1135;2024-03-03 15:00:00;;Potato;30897.5;Silo47
Cr1277;2024-03-03 15:00:00;;Corn;38620.3;Silo8
Cr1043;2024-03-03 15:00:00;;Potato;43376.6;Silo47
Cr245;2024-03-03 15:00:00;;Corn;64827.2;Silo7
Cr752;2024-03-03 15:00:00;;Corn;45930.9;Silo10
Cr831;2024-03-03 15:00:00;;Potato;47732.4;Silo45
Cr865;2024-03-03 15:00:00;;Wheat;48224.0;Silo2
Cr793;2024-03-03 15:00:00;;Corn;34914.7;Silo41
Cr966;2024-03-03 15:00:00;;Rice;40356.8;Silo9
Cr1441;2024-03-03 15:00:00;;Corn;49987.2;Silo26
Cr14;2024-03-03 15:00:00;;Rice;35890.4;Silo13
Cr1949;2024-03-03 15:00:00;;Corn;39998.2;Silo31
Cr1311;2024-03-03 15:00:00;;Rice;47415.8;Silo27
Cr901;2024-03-03 15:00:00;;Wheat;28621.1;Silo36
Cr530;2024-03-03 15:00:00;;Other;56369.7;Silo23
Cr806;2024-03-03 15:00:00;;Potato;44925.6;Silo33
Cr1551;2024-03-03 15:00:00;;Potato;46781.7;Silo46
Cr1421;2024-03-03 15:00:00;;Potato;31858.0;Silo27
Cr479;2024-03-03 15:00:00;;Corn;35330.6;Silo50
Cr1228;2024-03-03 15:00:00;;Other;53907.5;Silo33
Cr1901;2024-03-03 15:00:00;;Other;45951.1;Silo30
Cr1501;2024-03-03 15:00:00;;Potato;55181.9;Silo5
Cr231;2024-03-03 15:00:00;;Potato;46145.3;Silo2
Cr1160;2024-03-03 15:00:00;;Wheat;36069.9;Silo17
Cr1493;2024-03-03 15:00:00;;Wheat;39545.7;Silo36
Cr440;2024-03-03 15:00:00;;Wheat;30108.0;Silo34
Cr996;2024-03-03 15:00:00;;Rice;45826.6;Silo15
Cr963;2024-03-03 15:00:00;;Wheat;43173.2;Silo1
Cr1166;2024-03-03 15:00:00;;Rice;26036.2;Silo49
Cr327;2024-03-03 15:00:00;;Rice;36784.8;Silo6
Cr566;2024-03-03 15:00:00;;Other;42632.9;Silo34
Cr1212;2024-03-03 15:00:00;;Corn;58971.3;Silo23
Cr1634;2024-03-03 15:00:00;;Potato;35349.4;Silo15
Cr1658;2024-03-03 15:00:00;;Corn;33011.5;Silo32
Cr1938;2024-03-03 15:00:00;;Wheat;40392.1;Silo47
Cr302;2024-03-03 15:00:00;;Potato;61753.0;Silo14
Cr389;2024-03-03 15:00:00;;Rice;33057.7;Silo28
Cr1566;2024-03-03 15:00:00;;Potato;30202.9;Silo2
Cr1433;2024-03-03 15:00:00;;Corn;39727.8;Silo23
Cr551;2024-03-03 15:00:00;;Other;58110.7;Silo47
Cr1686;2024-03-03 15:00:00;;Potato;50104.6;Silo38
Cr939;2024-03-03 15:00:00;;Wheat;58881.5;Silo23
Cr97;2024-03-03 15:00:00;;Rice;35686.6;Silo49
Cr387;2024-03-03 15:00:00;;Corn;31902.3;Silo39
Cr1721;2024-03-03 15:00:00;;Rice;40310.3;Silo30
Cr1885;2024-03-03 15:00:00;;Wheat;64246.0;Silo39
Cr94;2024-03-03 15:00:00;;Corn;51777.1;Silo22
Cr1452;2024-03-03 15:00:00;;Other;60562.3;Silo16
Cr494;2024-03-03 15:00:00;;Corn;42203.6;Silo22
Cr146;2024-03-03 15:00:00;;Corn;31713.8;Silo5
Cr967;2024-03-03 15:00:00;;Other;29767.6;Silo22
Cr218;2024-03-03 15:00:00;;Rice;35305.3;Silo47
Cr1369;2024-03-03 15:00:00;;Corn;39227.1;Silo16
Cr1046;2024-03-03 15:00:00;;Wheat;25143.2;Silo40
Cr1691;2024-03-03 15:00:00;;Wheat;44240.8;Silo20
Cr1499;2024-03-03 15:00:00;;Corn;33590.5;Silo19
Cr259;2024-03-03 15:00:00;;Rice;62287.1;Silo43
Cr1699;2024-03-03 15:00:00;;Other;57129.6;Silo38
Cr1289;2024-03-03 15:00:00;;Rice;58976.2;Silo8
Cr1335;2024-03-03 15:00:00;;Potato;60962.7;Silo40
Cr1317;2024-03-03 15:00:00;;Other;37041.9;Silo28
Cr182;2024-03-03 15:00:00;;Other;36723.6;Silo5
Cr1620;2024-03-03 15:00:00;;Wheat;58158.8;Silo18
Cr1301;2024-03-03 15:00:00;;Potato;54085.6;Silo33
Cr164;2024-03-03 15:00:00;;Rice;34682.0;Silo30
Cr1930;2024-03-03 15:00:00;;Corn;30494.6;Silo39
Cr386;2024-03-03 15:00:00;;Potato;46062.0;Silo41
Cr134;2024-03-03 15:00:00;;Potato;35574.7;Silo34
Cr511;2024-03-03 15:00:00;;Other;41153.6;Silo40
Cr1194;2024-03-03 15:00:00;;Rice;56047.5;Silo38
Cr1443;2024-03-03 15:00:00;;Other;46777.8;Silo9
Cr810;2024-03-03 15:00:00;;Other;34030.5;Silo45
Cr1617;2024-03-03 15:00:00;;Wheat;40447.3;Silo7
Cr1900;2024-03-03 15:00:00;;Potato;45074.6;Silo37
Cr410;2024-03-03 15:00:00;;Potato;57218.2;Silo15
Cr866;2024-03-03 15:00:00;;Other;25830.9;Silo13
Cr837;2024-03-03 15:00:00;;Potato;41192.5;Silo5
Cr1118;2024-03-03 15:00:00;;Rice;34285.4;Silo24
Cr972;2024-03-03 15:00:00;;Wheat;44718.5;Silo29
Cr824;2024-03-03 15:00:00;;Corn;61588.2;Silo8
Cr42;2024-03-03 15:00:00;;Wheat;64453.9;Silo47
Cr1821;2024-03-03 15:00:00;;Rice;44684.1;Silo29
Cr797;2024-03-03 15:00:00;;Corn;64863.3;Silo27
Cr1633;2024-03-03 15:00:00;;Potato;36141.1;Silo20
Cr947;2024-03-03 15:00:00;;Wheat;57578.8;Silo24
Cr1490;2024-03-03 15:00:00;;Potato;30949.4;Silo34
Cr821;2024-03-03 15:00:00;;Potato;29911.6;Silo44
Cr884;2024-03-03 15:00:00;;Corn;26403.8;Silo49
Cr1049;2024-03-03 15:00:00;;Corn;50165.0;Silo43
Cr667;2024-03-03 15:00:00;;Potato;62162.9;Silo22
Cr684;2024-03-03 15:00:00;;Wheat;42479.7;Silo21
Cr1234;2024-03-03 15:00:00;;Potato;29942.3;Silo15
Cr1402;2024-03-03 15:00:00;;Other;27536.8;Silo26
Cr988;2024-03-03 15:00:00;;Corn;57252.0;Silo10
Cr710;2024-03-03 15:00:00;;Potato;34559.4;Silo2
Cr1128;2024-03-03 15:00:00;;Corn;45206.2;Silo44
Cr1950;2024-03-03 15:00:00;;Other;34050.9;Silo7
Cr372;2024-03-03 15:00:00;;Other;42716.1;Silo39
Cr1106;2024-03-03 15:00:00;;Rice;33112.1;Silo10
Cr8;2024-03-03 15:00:00;;Potato;58637.5;Silo17
Cr1238;2024-03-03 15:00:00;;Wheat;48447.9;Silo24
Cr928;2024-03-03 15:00:00;;Wheat;51104.5;Silo47
Cr1372;2024-03-03 15:00:00;;Wheat;29572.5;Silo25
Cr3;2024-03-03 15:00:00;;Corn;62168.6;Silo24
Cr163;2024-03-03 15:00:00;;Other;41358.3;Silo17
Cr1579;2024-03-03 15:00:00;;Corn;48466.7;Silo42
Cr1527;2024-03-03 15:00:00;;Corn;35773.8;Silo37
Cr1608;2024-03-03 15:00:00;;Rice;54043.4;Silo4
Cr695;2024-03-03 15:00:00;;Other;59233.4;Silo44
Cr445;2024-03-03 15:00:00;;Rice;36929.6;Silo32
Cr1891;2024-03-03 15:00:00;;Potato;46578.6;Silo41
Cr1722;2024-03-03 15:00:00;;Corn;37456.8;Silo1
Cr784;2024-03-03 15:00:00;;Corn;51805.5;Silo5
Cr24;2024-03-03 15:00:00;;Rice;42916.3;Silo24
Cr1979;2024-03-03 15:00:00;;Other;35681.2;Silo29
Cr211;2024-03-03 15:00:00;;Potato;28217.6;Silo15
Cr602;2024-03-03 15:00:00;;Wheat;25958.8;Silo10
Cr986;2024-03-03 15:00:00;;Wheat;42836.0;Silo12
Cr72;2024-03-03 15:00:00;;Other;41425.9;Silo24
Cr85;2024-03-03 15:00:00;;Wheat;38408.1;Silo28
Cr658;2024-03-03 15:00:00;;Potato;64678.0;Silo14
Cr1040;2024-03-03 15:00:00;;Other;50495.7;Silo15
Cr1559;2024-03-03 15:00:00;;Other;26612.7;Silo49
Cr1391;2024-03-03 15:00:00;;Wheat;48061.4;Silo42
Cr1414;2024-03-03 15:00:00;;Other;48243.8;Silo29
Cr318;2024-03-03 15:00:00;;Other;35216.1;Silo50
Cr629;2024-03-03 15:00:00;;Other;35124.8;Silo39
Cr67;2024-03-03 15:00:00;;Rice;28978.0;Silo2
Cr54;2024-03-03 15:00:00;;Other;30780.8;Silo24
Cr465;2024-03-03 15:00:00;;Wheat;54556.3;Silo37
Cr606;2024-03-03 15:00:00;;Other;57697.3;Silo47
Cr640;2024-03-03 15:00:00;;Potato;45611.2;Silo11
Cr167;2024-03-03 15:00:00;;Wheat;29739.3;Silo33
Cr1525;2024-03-03 15:00:00;;Other;32293.2;Silo33
Cr27;2024-03-03 15:00:00;;Corn;59153.0;Silo13
Cr556;2024-03-03 15:00:00;;Other;45471.2;Silo2
Cr488;2024-03-03 15:00:00;;Rice;40279.9;Silo33
Cr948;2024-03-03 15:00:00;;Rice;30334.4;Silo29
Cr1870;2024-03-03 15:00:00;;Potato;44566.3;Silo32
Cr1764;2024-03-03 15:00:00;;Rice;61360.9;Silo6
Cr96;2024-03-03 15:00:00;;Potato;32371.9;Silo46
Cr467;2024-03-03 15:00:00;;Other;51696.2;Silo25
Cr160;2024-03-03 15:00:00;;Corn;45413.6;Silo45
Cr99;2024-03-03 15:00:00;;Rice;30387.8;Silo12
Cr578;2024-03-03 15:00:00;;Rice;55084.9;Silo15
Cr1014;2024-03-03 15:00:00;;Potato;30994.0;Silo11
Cr697;2024-03-03 15:00:00;;Rice;35235.6;Silo11
Cr1488;2024-03-03 15:00:00;;Other;63265.6;Silo29
Cr990;2024-03-03 15:00:00;;Wheat;62580.9;Silo49
Cr1929;2024-03-03 15:00:00;;Wheat;38764.3;Silo32
Cr303;2024-03-03 15:00:00;;Wheat;53822.9;Silo11
Cr1349;2024-03-03 15:00:00;;Rice;64610.8;Silo8
Cr1103;2024-03-03 15:00:00;;Potato;38977.0;Silo6
Cr1941;2024-03-03 15:00:00;;Other;55705.2;Silo40
Cr1674;2024-03-03 15:00:00;;Other;50246.8;Silo23
Cr589;2024-03-03 15:00:00;;Rice;27480.0;Silo44
Cr174;2024-03-03 15:00:00;;Potato;37675.7;Silo25
Cr794;2024-03-03 15:00:00;;Wheat;52982.2;Silo9
Cr1051;2024-03-03 15:00:00;;Potato;57024.6;Silo6
Cr1790;2024-03-03 15:00:00;;Rice;58613.3;Silo26
Cr1668;2024-03-03 15:00:00;;Corn;50439.4;Silo11
Cr1503;2024-03-03 15:00:00;;Rice;47780.2;Silo18
Cr1064;2024-03-03 15:00:00;;Potato;38222.0;Silo2
Cr183;2024-03-03 15:00:00;;Other;48608.2;Silo38
Cr248;2024-03-03 15:00:00;;Corn;37028.6;Silo50
Cr39;2024-03-03 15:00:00;;Potato;54587.6;Silo16
Cr1002;2024-03-03 15:00:00;;Rice;39286.4;Silo17
Cr1353;2024-03-03 15:00:00;;Wheat;58398.5;Silo36
Cr1039;2024-03-03 15:00:00;;Rice;40129.2;Silo38
Cr232;2024-03-03 15:00:00;;Potato;32112.2;Silo14
Cr1779;2024-03-03 15:00:00;;Wheat;64905.2;Silo31
Cr979;2024-03-03 15:00:00;;Corn;50292.7;Silo13
Cr799;2024-03-03 15:00:00;;Potato;57808.2;Silo31
Cr1256;2024-03-03 15:00:00;;Rice;57323.8;Silo14
Cr719;2024-03-03 15:00:00;;Corn;58599.7;Silo38
Cr1630;2024-03-03 15:00:00;;Potato;50928.3;Silo19
Cr1458;2024-03-03 15:00:00;;Rice;57344.1;Silo20
Cr942;2024-03-03 15:00:00;;Wheat;29793.9;Silo25
Cr1383;2024-03-03 15:00:00;;Rice;25812.8;Silo8
Cr544;2024-03-03 15:00:00;;Potato;55714.4;Silo2
Cr1109;2024-03-03 15:00:00;;Other;47025.8;Silo50
Cr1455;2024-03-03 15:00:00;;Other;55207.1;Silo34
Cr807;2024-03-03 15:00:00;;Potato;45094.8;Silo31
Cr1707;2024-03-03 15:00:00;;Corn;57970.9;Silo37
Cr219;2024-03-03 15:00:00;;Rice;49149.1;Silo40
Cr974;2024-03-03 15:00:00;;Other;56459.7;Silo31
Cr1816;2024-03-03 15:00:00;;Wheat;60409.9;Silo42
Cr907;2024-03-03 15:00:00;;Wheat;56481.5;Silo17
Cr783;2024-03-03 15:00:00;;Rice;50727.5;Silo43
Cr495;2024-03-03 15:00:00;;Other;30095.4;Silo8
Cr25;2024-03-03 15:00:00;;Rice;54090.6;Silo40
Cr1471;2024-03-03 15:00:00;;Other;48016.5;Silo9
Cr1309;2024-03-03 15:00:00;;Rice;46742.4;Silo3
Cr1138;2024-03-03 15:00:00;;Wheat;41373.9;Silo18
Cr1753;2024-03-03 15:00:00;;Rice;39080.3;Silo30
Cr342;2024-03-03 15:00:00;;Corn;55681.2;Silo47
Cr277;2024-03-03 15:00:00;;Wheat;37666.2;Silo9
Cr1534;2024-03-03 15:00:00;;Rice;42942.0;Silo31
Cr351;2024-03-03 15:00:00;;Rice;57322.5;Silo12
Cr1430;2024-03-03 15:00:00;;Wheat;27753.5;Silo37
Cr1628;2024-03-03 15:00:00;;Rice;28419.5;Silo17
Cr1494;2024-03-03 15:00:00;;Rice;41682.0;Silo29
Cr137;2024-03-03 15:00:00;;Corn;55421.3;Silo9
Cr1297;2024-03-03 15:00:00;;Corn;44099.2;Silo46
Cr521;2024-03-03 15:00:00;;Wheat;51936.7;Silo18
Cr1491;2024-03-03 15:00:00;;Potato;57641.9;Silo41
Cr1057;2024-03-03 15:00:00;;Corn;43401.3;Silo46
Cr804;2024-03-03 15:00:00;;Potato;45354.3;Silo24
Cr1361;2024-03-03 15:00:00;;Wheat;59309.7;Silo35
Cr1192;2024-03-03 15:00:00;;Wheat;56627.1;Silo24
Cr1861;2024-03-03 15:00:00;;Other;44864.7;Silo42
Cr1264;2024-03-03 15:00:00;;Wheat;64156.4;Silo45
Cr1063;2024-03-03 15:00:00;;Wheat;29634.5;Silo28
Cr816;2024-03-03 15:00:00;;Other;41597.8;Silo45
Cr46;2024-03-03 15:00:00;;Other;38389.4;Silo32
Cr1325;2024-03-03 15:00:00;;Potato;31923.2;Silo16
Cr936;2024-03-03 15:00:00;;Corn;64281.6;Silo36
Cr1154;2024-03-03 15:00:00;;Corn;62547.2;Silo35
Cr276;2024-03-03 15:00:00;;Potato;36309.0;Silo45
Cr1190;2024-03-03 15:00:00;;Other;38315.5;Silo19
Cr1217;2024-03-03 15:00:00;;Other;25507.8;Silo37
Cr251;2024-03-03 15:00:00;;Other;38880.7;Silo41
Cr140;2024-03-03 15:00:00;;Corn;26719.7;Silo34
Cr1927;2024-03-03 15:00:00;;Corn;36088.9;Silo19
Cr1407;2024-03-03 15:00:00;;Wheat;29923.2;Silo16
Cr954;2024-03-03 15:00:00;;Rice;50502.1;Silo22
Cr1409;2024-03-03 15:00:00;;Other;51011.5;Silo44
Cr430;2024-03-03 15:00:00;;Other;39233.5;Silo50
Cr881;2024-03-03 15:00:00;;Corn;56611.2;Silo48
Cr592;2024-03-03 15:00:00;;Wheat;28091.4;Silo28
Cr460;2024-03-03 15:00:00;;Wheat;29724.1;Silo31
Cr1373;2024-03-03 15:00:00;;Wheat;37652.8;Silo35
Cr1989;2024-03-03 15:00:00;;Other;35754.3;Silo40
Cr958;2024-03-03 15:00:00;;Corn;32132.4;Silo31
Cr844;2024-03-03 15:00:00;;Other;35223.4;Silo18
Cr452;2024-03-03 15:00:00;;Corn;50974.8;Silo19
Cr478;2024-03-03 15:00:00;;Wheat;54537.7;Silo23
Cr12;2024-03-03 15:00:00;;Other;33381.1;Silo13
Cr497;2024-03-03 15:00:00;;Other;50266.3;Silo43
Cr895;2024-03-03 15:00:00;;Other;30595.4;Silo6
Cr792;2024-03-03 15:00:00;;Potato;40328.8;Silo35
Cr47;2024-03-03 15:00:00;;Rice;55506.1;Silo23
Cr197;2024-03-03 15:00:00;;Potato;25655.3;Silo15
Cr1766;2024-03-03 15:00:00;;Corn;36590.0;Silo48
Cr1231;2024-03-03 15:00:00;;Corn;39567.4;Silo16
Cr1505;2024-03-03 15:00:00;;Corn;42738.5;Silo26
Cr104;2024-03-03 15:00:00;;Other;46418.3;Silo28
Cr446;2024-03-03 15:00:00;;Wheat;45296.4;Silo27
Cr779;2024-03-03 15:00:00;;Potato;60820.0;Silo20
Cr472;2024-03-03 15:00:00;;Wheat;35637.5;Silo43
Cr305;2024-03-03 15:00:00;;Other;57449.5;Silo18
Cr616;2024-03-03 15:00:00;;Wheat;60885.8;Silo19
Cr536;2024-03-03 15:00:00;;Other;37580.6;Silo42
Cr256;2024-03-03 15:00:00;;Rice;25459.8;Silo7
Cr1482;2024-03-03 15:00:00;;Wheat;50849.9;Silo50
Cr1555;2024-03-03 15:00:00;;Wheat;30937.4;Silo47
Cr1936;2024-03-03 15:00:00;;Wheat;57709.0;Silo19
Cr688;2024-03-03 15:00:00;;Rice;43832.1;Silo25
Cr897;2024-03-03 15:00:00;;Other;33674.0;Silo49
Cr1540;2024-03-03 15:00:00;;Corn;47306.7;Silo15
Cr1170;2024-03-03 15:00:00;;Other;25943.3;Silo15
Cr1058;2024-03-03 15:00:00;;Corn;47391.5;Silo50
Cr1805;2024-03-03 15:00:00;;Other;35139.7;Silo30
Cr1631;2024-03-03 15:00:00;;Other;61952.8;Silo35
Cr677;2024-03-03 15:00:00;;Other;31062.5;Silo19
Cr1841;2024-03-03 15:00:00;;Wheat;38315.9;Silo33
Cr1185;2024-03-03 15:00:00;;Other;42564.5;Silo28
Cr1316;2024-03-03 15:00:00;;Other;49271.1;Silo15
Cr1507;2024-03-03 15:00:00;;Wheat;58503.1;Silo6
Cr830;2024-03-03 15:00:00;;Potato;41598.7;Silo31
Cr106;2024-03-03 15:00:00;;Other;25064.3;Silo1
Cr1401;2024-03-03 15:00:00;;Potato;41247.3;Silo23
Cr610;2024-03-03 15:00:00;;Other;34357.3;Silo24
Cr1538;2024-03-03 15:00:00;;Other;57584.1;Silo25
Cr1143;2024-03-03 15:00:00;;Corn;40018.9;Silo22
Cr1561;2024-03-03 15:00:00;;Other;40476.1;Silo20
Cr1428;2024-03-03 15:00:00;;Other;59952.9;Silo26
Cr268;2024-03-03 15:00:00;;Potato;41025.3;Silo15
Cr1436;2024-03-03 15:00:00;;Wheat;55057.3;Silo30
Cr375;2024-03-03 15:00:00;;Other;26343.8;Silo18
Cr1208;2024-03-03 15:00:00;;Other;38992.9;Silo28
Cr659;2024-03-03 15:00:00;;Rice;53351.3;Silo24
Cr95;2024-03-03 15:00:00;;Potato;57123.5;Silo14
Cr548;2024-03-03 15:00:00;;Corn;37682.0;Silo45
Cr1302;2024-03-03 15:00:00;;Corn;48145.0;Silo42
Cr1462;2024-03-03 15:00:00;;Rice;52459.4;Silo10
Cr225;2024-03-03 15:00:00;;Other;37174.6;Silo10
Cr724;2024-03-03 15:00:00;;Wheat;48522.1;Silo11
Cr380;2024-03-03 15:00:00;;Wheat;36872.2;Silo3
Cr1400;2024-03-03 15:00:00;;Wheat;28989.0;Silo43
Cr133;2024-03-03 15:00:00;;Rice;57452.6;Silo14
Cr1585;2024-03-03 15:00:00;;Corn;58479.3;Silo46
Cr526;2024-03-03 15:00:00;;Rice;57077.6;Silo46
Cr1300;2024-03-03 15:00:00;;Corn;51128.7;Silo13
Cr883;2024-03-03 15:00:00;;Other;52308.0;Silo24
Cr315;2024-03-03 15:00:00;;Other;32724.5;Silo14
Cr743;2024-03-03 15:00:00;;Corn;31049.1;Silo22
Cr744;2024-03-03 15:00:00;;Potato;39825.0;Silo3
Cr1031;2024-03-03 15:00:00;;Potato;38349.2;Silo35
Cr442;2024-03-03 15:00:00;;Other;58591.5;Silo44
Cr441;2024-03-03 15:00:00;;Corn;30168.1;Silo8
Cr671;2024-03-03 15:00:00;;Potato;58609.6;Silo17
Cr317;2024-03-03 15:00:00;;Rice;58761.0;Silo2
Cr1423;2024-03-03 15:00:00;;Other;47562.5;Silo13
Cr1147;2024-03-03 15:00:00;;Wheat;34050.0;Silo36
Cr1708;2024-03-03 15:00:00;;Wheat;29759.1;Silo26
Cr1537;2024-03-03 15:00:00;;Rice;42327.2;Silo16
Cr92;2024-03-03 15:00:00;;Rice;30193.6;Silo30
Cr141;2024-03-03 15:00:00;;Rice;58967.9;Silo2
Cr80;2024-03-03 15:00:00;;Potato;44539.8;Silo43
Cr1012;2024-03-03 15:00:00;;Rice;38177.4;Silo15
Cr1605;2024-03-03 15:00:00;;Rice;61045.3;Silo19
Cr941;2024-03-03 15:00:00;;Wheat;34293.8;Silo31
Cr1248;2024-03-03 15:00:00;;Wheat;39201.8;Silo36
Cr1957;2024-03-03 15:00:00;;Other;37195.3;Silo2
Cr1830;2024-03-03 15:00:00;;Other;41067.7;Silo19
Cr172;2024-03-03 15:00:00;;Corn;59388.9;Silo30
Cr679;2024-03-03 15:00:00;;Potato;33960.9;Silo3
Cr1656;2024-03-03 15:00:00;;Corn;38620.3;Silo6
Cr924;2024-03-03 15:00:00;;Corn;61164.2;Silo7
Cr200;2024-03-03 15:00:00;;Wheat;26323.9;Silo37
Cr1679;2024-03-03 15:00:00;;Wheat;55021.1;Silo30
Cr1011;2024-03-03 15:00:00;;Other;34908.9;Silo32
Cr1694;2024-03-03 15:00:00;;Other;46922.7;Silo15
Cr641;2024-03-03 15:00:00;;Rice;57678.1;Silo12
Cr189;2024-03-03 15:00:00;;Potato;31247.0;Silo25
Cr1518;2024-03-03 15:00:00;;Wheat;46465.2;Silo20
Cr1405;2024-03-03 15:00:00;;Potato;42026.6;Silo1
Cr1193;2024-03-03 15:00:00;;Corn;53241.9;Silo16
Cr1732;2024-03-03 15:00:00;;Rice;50168.5;Silo29
Cr1263;2024-03-03 15:00:00;;Wheat;63196.0;Silo14
Cr407;2024-03-03 15:00:00;;Potato;32174.2;Silo47
Cr781;2024-03-03 15:00:00;;Potato;36260.1;Silo11
Cr1224;2024-03-03 15:00:00;;Wheat;30534.4;Silo14
Cr644;2024-03-03 15:00:00;;Other;59297.8;Silo11
Cr1835;2024-03-03 15:00:00;;Rice;52230.0;Silo21
Cr2;2024-03-03 15:00:00;;Rice;39197.3;Silo10
Cr1814;2024-03-03 15:00:00;;Other;30758.7;Silo9
Cr976;2024-03-03 15:00:00;;Wheat;47822.2;Silo32
Cr475;2024-03-03 15:00:00;;Rice;36572.1;Silo23
Cr631;2024-03-03 15:00:00;;Rice;39982.6;Silo24
Cr357;2024-03-03 15:00:00;;Potato;37994.5;Silo2
Cr1042;2024-03-03 15:00:00;;Corn;40085.0;Silo33
Cr1028;2024-03-03 15:00:00;;Wheat;38526.0;Silo42
Cr537;2024-03-03 15:00:00;;Wheat;44143.9;Silo38
Cr1475;2024-03-03 15:00:00;;Corn;26674.9;Silo26
Cr1284;2024-03-03 15:00:00;;Potato;31978.1;Silo26
Cr622;2024-03-03 15:00:00;;Wheat;35706.2;Silo14
Cr534;2024-03-03 15:00:00;;Rice;47637.1;Silo50
Cr1270;2024-03-03 15:00:00;;Wheat;40488.6;Silo32
Cr275;2024-03-03 15:00:00;;Potato;51285.7;Silo3
Cr1448;2024-03-03 15:00:00;;Rice;27292.0;Silo4
Cr1669;2024-03-03 15:00:00;;Potato;58029.2;Silo15
Cr772;2024-03-03 15:00:00;;Corn;29555.9;Silo22
Cr1351;2024-03-03 15:00:00;;Other;47916.7;Silo41
Cr707;2024-03-03 15:00:00;;Potato;46100.9;Silo6
Cr1804;2024-03-03 15:00:00;;Wheat;51772.4;Silo35
Cr1769;2024-03-03 15:00:00;;Other;29976.1;Silo16
Cr1613;2024-03-03 15:00:00;;Corn;58574.0;Silo31
Cr877;2024-03-03 15:00:00;;Potato;43572.1;Silo36
Cr1733;2024-03-03 15:00:00;;Other;58066.3;Silo36
Cr181;2024-03-03 15:00:00;;Potato;48703.7;Silo3
Cr1347;2024-03-03 15:00:00;;Wheat;63491.9;Silo19
Cr1303;2024-03-03 15:00:00;;Wheat;64071.5;Silo9
Cr700;2024-03-03 15:00:00;;Corn;49602.5;Silo28
Cr349;2024-03-03 15:00:00;;Wheat;32752.6;Silo42
Cr795;2024-03-03 15:00:00;;Potato;63812.6;Silo48
Cr760;2024-03-03 15:00:00;;Potato;25600.5;Silo12
Cr1126;2024-03-03 15:00:00;;Corn;54714.1;Silo37
Cr1357;2024-03-03 15:00:00;;Corn;58775.4;Silo46
Cr1802;2024-03-03 15:00:00;;Potato;26396.5;Silo44
Cr1457;2024-03-03 15:00:00;;Other;63162.5;Silo2
Cr510;2024-03-03 15:00:00;;Other;56970.2;Silo12
Cr1808;2024-03-03 15:00:00;;Other;50053.8;Silo27
Cr694;2024-03-03 15:00:00;;Wheat;52703.7;Silo43
Cr1642;2024-03-03 15:00:00;;Rice;49379.6;Silo42
Cr668;2024-03-03 15:00:00;;Corn;30528.3;Silo24
Cr1925;2024-03-03 15:00:00;;Other;56181.7;Silo46
Cr1626;2024-03-03 15:00:00;;Wheat;55658.5;Silo47
Cr864;2024-03-03 15:00:00;;Wheat;58367.9;Silo29
Cr1210;2024-03-03 15:00:00;;Corn;60090.5;Silo34
Cr1750;2024-03-03 15:00:00;;Wheat;41166.6;Silo28
Cr565;2024-03-03 15:00:00;;Corn;35458.5;Silo7
Cr529;2024-03-03 15:00:00;;Rice;47528.2;Silo50
Cr1545;2024-03-03 15:00:00;;Other;43680.0;Silo19
Cr1276;2024-03-03 15:00:00;;Corn;44447.7;Silo42
Cr1918;2024-03-03 15:00:00;;Rice;31333.3;Silo24
Cr4;2024-03-03 15:00:00;;Rice;25151.5;Silo1
Cr464;2024-03-03 15:00:00;;Corn;56793.5;Silo40
Cr423;2024-03-03 15:00:00;;Wheat;50961.2;Silo44
Cr1059;2024-03-03 15:00:00;;Wheat;43889.1;Silo26
Cr333;2024-03-03 15:00:00;;Other;45545.6;Silo12
Cr839;2024-03-03 15:00:00;;Corn;48243.5;Silo14
Cr1650;2024-03-03 15:00:00;;Potato;49733.6;Silo24
Cr58;2024-03-03 15:00:00;;Other;55531.7;Silo27
Cr366;2024-03-03 15:00:00;;Other;54449.5;Silo35
Cr833;2024-03-03 15:00:00;;Corn;60487.8;Silo28
Cr709;2024-03-03 15:00:00;;Wheat;45541.6;Silo18
Cr1432;2024-03-03 15:00:00;;Other;33632.2;Silo25
Cr1003;2024-03-03 15:00:00;;Wheat;32229.8;Silo16
Cr787;2024-03-03 15:00:00;;Wheat;47544.0;Silo20
Cr161;2024-03-03 15:00:00;;Potato;51643.4;Silo19
Cr1652;2024-03-03 15:00:00;;Other;26498.7;Silo1
Cr1781;2024-03-03 15:00:00;;Wheat;28026.1;Silo20
Cr1601;2024-03-03 15:00:00;;Corn;59786.7;Silo11
Cr282;2024-03-03 15:00:00;;Potato;48392.4;Silo46
Cr855;2024-03-03 15:00:00;;Rice;30385.8;Silo13
Cr1001;2024-03-03 15:00:00;;Other;28310.0;Silo17
Cr1338;2024-03-03 15:00:00;;Wheat;34920.1;Silo4
Cr861;2024-03-03 15:00:00;;Wheat;37745.6;Silo2
Cr1110;2024-03-03 15:00:00;;Wheat;41548.6;Silo46
Cr875;2024-03-03 15:00:00;;Wheat;25890.7;Silo28
Cr1227;2024-03-03 15:00:00;;Other;45702.6;Silo46
Cr650;2024-03-03 15:00:00;;Other;61200.7;Silo36
Cr590;2024-03-03 15:00:00;;Potato;51785.1;Silo37
Cr712;2024-03-03 15:00:00;;Other;33521.1;Silo8
Cr1875;2024-03-03 15:00:00;;Potato;56250.7;Silo30
Cr296;2024-03-03 15:00:00;;Potato;45326.1;Silo29
Cr377;2024-03-03 15:00:00;;Potato;62615.6;Silo25
Cr1502;2024-03-03 15:00:00;;Rice;29052.8;Silo33
Cr1595;2024-03-03 15:00:00;;Rice;63750.5;Silo43
Cr561;2024-03-03 15:00:00;;Other;28568.5;Silo17
Cr955;2024-03-03 15:00:00;;Other;51614.9;Silo19
Cr1243;2024-03-03 15:00:00;;Rice;50215.2;Silo20
Cr1252;2024-03-03 15:00:00;;Corn;36036.6;Silo49
Cr1123;2024-03-03 15:00:00;;Corn;61990.6;Silo35
Cr1133;2024-03-03 15:00:00;;Rice;25862.4;Silo33
Cr1095;2024-03-03 15:00:00;;Corn;33031.2;Silo16
Cr1848;2024-03-03 15:00:00;;Corn;50804.3;Silo12
Cr923;2024-03-03 15:00:00;;Corn;54750.0;Silo3
Cr930;2024-03-03 15:00:00;;Potato;55833.8;Silo27
Cr1504;2024-03-03 15:00:00;;Potato;50762.1;Silo44
Cr1999;2024-03-03 15:00:00;;Other;48621.7;Silo27
Cr16;2024-03-03 15:00:00;;Potato;62405.9;Silo26
Cr1948;2024-03-03 15:00:00;;Potato;50420.0;Silo24
Cr35;2024-03-03 15:00:00;;Potato;51652.6;Silo27
Cr1076;2024-03-03 15:00:00;;Corn;47407.8;Silo2
Cr269;2024-03-03 15:00:00;;Wheat;43327.8;Silo45
Cr888;2024-03-03 15:00:00;;Potato;47094.6;Silo38
Cr1685;2024-03-03 15:00:00;;Potato;63301.8;Silo43
Cr1577;2024-03-03 15:00:00;;Wheat;40135.7;Silo27
Cr1052;2024-03-03 15:00:00;;Rice;50001.3;Silo10
Cr1292;2024-03-03 15:00:00;;Rice;36865.9;Silo41
Cr405;2024-03-03 15:00:00;;Wheat;39270.3;Silo10
Cr1851;2024-03-03 15:00:00;;Other;26752.2;Silo22
Cr1696;2024-03-03 15:00:00;;Wheat;25487.9;Silo37
Cr1829;2024-03-03 15:00:00;;Rice;56825.8;Silo48
Cr1406;2024-03-03 15:00:00;;Wheat;56477.0;Silo49
Cr433;2024-03-03 15:00:00;;Potato;55961.4;Silo1
Cr1974;2024-03-03 15:00:00;;Potato;50030.8;Silo1
Cr1625;2024-03-03 15:00:00;;Potato;34660.1;Silo15
Cr378;2024-03-03 15:00:00;;Rice;41648.0;Silo26
Cr237;2024-03-03 15:00:00;;Potato;54747.7;Silo25
Cr1200;2024-03-03 15:00:00;;Potato;60351.6;Silo11
Cr22;2024-03-03 15:00:00;;Corn;59888.0;Silo23
Cr1141;2024-03-03 15:00:00;;Potato;41396.2;Silo20
Cr1849;2024-03-03 15:00:00;;Other;41181.0;Silo17
Cr826;2024-03-03 15:00:00;;Potato;50590.8;Silo3
Cr1677;2024-03-03 15:00:00;;Rice;41932.9;Silo35
Cr439;2024-03-03 15:00:00;;Rice;56125.1;Silo42
Cr812;2024-03-03 15:00:00;;Potato;26945.9;Silo46
Cr502;2024-03-03 15:00:00;;Rice;34320.5;Silo40
Cr750;2024-03-03 15:00:00;;Wheat;47332.8;Silo13
Cr1937;2024-03-03 15:00:00;;Rice;60326.4;Silo3
Cr977;2024-03-03 15:00:00;;Potato;60027.2;Silo26
Cr634;2024-03-03 15:00:00;;Rice;63138.0;Silo37
Cr965;2024-03-03 15:00:00;;Other;31503.0;Silo29
Cr1862;2024-03-03 15:00:00;;Other;61692.4;Silo3
Cr739;2024-03-03 15:00:00;;Corn;52432.9;Silo44
Cr1175;2024-03-03 15:00:00;;Corn;54230.1;Silo23
Cr1348;2024-03-03 15:00:00;;Wheat;51726.0;Silo30
Cr171;2024-03-03 15:00:00;;Potato;29125.6;Silo20
Cr1137;2024-03-03 15:00:00;;Other;44251.2;Silo33
Cr1343;2024-03-03 15:00:00;;Potato;51113.0;Silo27
Cr306;2024-03-03 15:00:00;;Corn;30337.3;Silo13
Cr1543;2024-03-03 15:00:00;;Rice;62774.1;Silo31
Cr420;2024-03-03 15:00:00;;Wheat;45098.9;Silo50
Cr1396;2024-03-03 15:00:00;;Other;42450.3;Silo36
Cr753;2024-03-03 15:00:00;;Other;31264.1;Silo42
Cr1088;2024-03-03 15:00:00;;Corn;38918.4;Silo45
Cr803;2024-03-03 15:00:00;;Potato;38663.0;Silo2
Cr196;2024-03-03 15:00:00;;Wheat;43860.9;Silo14
Cr419;2024-03-03 15:00:00;;Potato;41452.2;Silo46
Cr701;2024-03-03 15:00:00;;Wheat;30182.7;Silo14
Cr70;2024-03-03 15:00:00;;Wheat;43629.2;Silo25
Cr873;2024-03-03 15:00:00;;Rice;34149.5;Silo50
Cr813;2024-03-03 15:00:00;;Corn;53254.9;Silo40
Cr1789;2024-03-03 15:00:00;;Other;58420.5;Silo16
Cr900;2024-03-03 15:00:00;;Potato;50956.0;Silo38
Cr1544;2024-03-03 15:00:00;;Potato;27341.6;Silo18
Cr1211;2024-03-03 15:00:00;;Rice;30222.5;Silo45
Cr1326;2024-03-03 15:00:00;;Other;40341.3;Silo34
Cr1374;2024-03-03 15:00:00;;Other;52525.1;Silo33
Cr1435;2024-03-03 15:00:00;;Rice;59643.2;Silo19
Cr1651;2024-03-03 15:00:00;;Corn;37137.4;Silo41
Cr1367;2024-03-03 15:00:00;;Corn;58823.8;Silo19
Cr669;2024-03-03 15:00:00;;Potato;51097.6;Silo27
Cr541;2024-03-03 15:00:00;;Wheat;49931.2;Silo2
Cr254;2024-03-03 15:00:00;;Corn;29900.7;Silo1
Cr398;2024-03-03 15:00:00;;Corn;42193.5;Silo31
Cr1734;2024-03-03 15:00:00;;Other;47052.5;Silo23
Cr69;2024-03-03 15:00:00;;Wheat;32366.7;Silo30
Cr1904;2024-03-03 15:00:00;;Rice;29405.2;Silo46
Cr325;2024-03-03 15:00:00;;Other;40222.0;Silo27
Cr388;2024-03-03 15:00:00;;Potato;61100.2;Silo30
Cr298;2024-03-03 15:00:00;;Other;30952.8;Silo27
Cr1718;2024-03-03 15:00:00;;Other;61075.3;Silo26
Cr44;2024-03-03 15:00:00;;Potato;41541.9;Silo40
Cr690;2024-03-03 15:00:00;;Other;31788.7;Silo36
Cr1933;2024-03-03 15:00:00;;Potato;54462.7;Silo8
Cr549;2024-03-03 15:00:00;;Corn;44535.8;Silo28
Cr301;2024-03-03 15:00:00;;Other;59666.5;Silo26
Cr1020;2024-03-03 15:00:00;;Wheat;60263.1;Silo38
Cr507;2024-03-03 15:00:00;;Wheat;60569.0;Silo49
Cr725;2024-03-03 15:00:00;;Potato;40338.9;Silo2
Cr1282;2024-03-03 15:00:00;;Other;49989.0;Silo2
Cr1408;2024-03-03 15:00:00;;Other;42866.5;Silo36
Cr1801;2024-03-03 15:00:00;;Other;31780.6;Silo17
Cr1795;2024-03-03 15:00:00;;Potato;46132.3;Silo49
Cr1080;2024-03-03 15:00:00;;Corn;55621.8;Silo7
Cr1909;2024-03-03 15:00:00;;Rice;26114.3;Silo11
Cr1953;2024-03-03 15:00:00;;Potato;45030.0;Silo12
Cr1947;2024-03-03 15:00:00;;Corn;48960.3;Silo35
Cr1385;2024-03-03 15:00:00;;Wheat;44648.5;Silo1
Cr448;2024-03-03 15:00:00;;Other;53903.5;Silo16
Cr1182;2024-03-03 15:00:00;;Rice;63219.0;Silo25
Cr685;2024-03-03 15:00:00;;Wheat;27206.1;Silo46
Cr1663;2024-03-03 15:00:00;;Other;43051.2;Silo19
Cr330;2024-03-03 15:00:00;;Potato;34231.5;Silo20
Cr1394;2024-03-03 15:00:00;;Potato;59929.8;Silo9
Cr1644;2024-03-03 15:00:00;;Rice;37721.7;Silo21
Cr294;2024-03-03 15:00:00;;Corn;47042.5;Silo31
Cr190;2024-03-03 15:00:00;;Corn;34429.5;Silo50
Cr533;2024-03-03 15:00:00;;Other;54793.2;Silo6
Cr1758;2024-03-03 15:00:00;;Corn;61628.2;Silo10
Cr1946;2024-03-03 15:00:00;;Other;61168.6;Silo13
Cr1770;2024-03-03 15:00:00;;Rice;32396.4;Silo17
Cr352;2024-03-03 15:00:00;;Other;26804.0;Silo31
Cr1716;2024-03-03 15:00:00;;Other;41931.5;Silo30
Cr1763;2024-03-03 15:00:00;;Potato;35581.2;Silo13
Cr1794;2024-03-03 15:00:00;;Other;47307.0;Silo36
Cr1562;2024-03-03 15:00:00;;Wheat;44659.4;Silo3
Cr713;2024-03-03 15:00:00;;Wheat;47061.9;Silo36
Cr1223;2024-03-03 15:00:00;;Potato;64201.3;Silo7
Cr53;2024-03-03 15:00:00;;Potato;36995.2;Silo3
Cr1983;2024-03-03 15:00:00;;Potato;36155.5;Silo16
Cr417;2024-03-03 15:00:00;;Potato;25053.1;Silo1
Cr998;2024-03-03 15:00:00;;Other;51560.5;Silo38
Cr1700;2024-03-03 15:00:00;;Potato;32686.7;Silo34
Cr1876;2024-03-03 15:00:00;;Other;47055.8;Silo2
Cr1169;2024-03-03 15:00:00;;Rice;64504.6;Silo2
Cr1632;2024-03-03 15:00:00;;Other;27630.7;Silo24
Cr421;2024-03-03 15:00:00;;Rice;41430.8;Silo16
Cr243;2024-03-03 15:00:00;;Other;36006.2;Silo4
Cr449;2024-03-03 15:00:00;;Corn;50498.8;Silo29
Cr1371;2024-03-03 15:00:00;;Potato;48838.0;Silo3
Cr1100;2024-03-03 15:00:00;;Other;33609.9;Silo29
Cr108;2024-03-03 15:00:00;;Rice;45319.4;Silo24
Cr874;2024-03-03 15:00:00;;Rice;36127.7;Silo11
Cr1942;2024-03-03 15:00:00;;Corn;40469.6;Silo31
Cr775;2024-03-03 15:00:00;;Corn;35219.0;Silo41
Cr1506;2024-03-03 15:00:00;;Wheat;62546.7;Silo49
Cr1483;2024-03-03 15:00:00;;Other;27638.7;Silo33
Cr1747;2024-03-03 15:00:00;;Rice;33657.9;Silo19
Cr1358;2024-03-03 15:00:00;;Other;31328.0;Silo43
Cr290;2024-03-03 15:00:00;;Wheat;55545.9;Silo31
Cr1745;2024-03-03 15:00:00;;Potato;36026.5;Silo48
Cr1778;2024-03-03 15:00:00;;Rice;36538.3;Silo32
Cr1422;2024-03-03 15:00:00;;Corn;62388.5;Silo11
Cr636;2024-03-03 15:00:00;;Other;27358.0;Silo50
Cr1464;2024-03-03 15:00:00;;Other;32997.2;Silo1
Cr192;2024-03-03 15:00:00;;Potato;31846.0;Silo47
Cr1279;2024-03-03 15:00:00;;Other;52821.4;Silo26
Cr1959;2024-03-03 15:00:00;;Corn;35897.2;Silo37
Cr1022;2024-03-03 15:00:00;;Rice;60130.0;Silo7
Cr425;2024-03-03 15:00:00;;Potato;34764.6;Silo45
Cr723;2024-03-03 15:00:00;;Corn;30224.8;Silo23
Cr267;2024-03-03 15:00:00;;Rice;31324.8;Silo39
Cr1084;2024-03-03 15:00:00;;Wheat;30976.3;Silo5
Cr621;2024-03-03 15:00:00;;Wheat;53219.0;Silo28
Cr1575;2024-03-03 15:00:00;;Corn;46245.8;Silo29
Cr1871;2024-03-03 15:00:00;;Rice;37884.9;Silo17
Cr1199;2024-03-03 15:00:00;;Potato;40525.9;Silo35
Cr522;2024-03-03 15:00:00;;Corn;42735.1;Silo16
Cr41;2024-03-03 15:00:00;;Other;40259.4;Silo27
Cr339;2024-03-03 15:00:00;;Corn;62869.6;Silo5
Cr829;2024-03-03 15:00:00;;Potato;31407.4;Silo6
Cr1161;2024-03-03 15:00:00;;Rice;36068.6;Silo18
Cr103;2024-03-03 15:00:00;;Corn;39579.8;Silo39
Cr1017;2024-03-03 15:00:00;;Rice;53453.5;Silo43
Cr1973;2024-03-03 15:00:00;;Other;64912.7;Silo17
Cr1159;2024-03-03 15:00:00;;Corn;31943.9;Silo29
Cr31;2024-03-03 15:00:00;;Potato;39339.7;Silo50
Cr1186;2024-03-03 15:00:00;;Other;33811.8;Silo10
Cr1454;2024-03-03 15:00:00;;Rice;28879.9;Silo30
Cr369;2024-03-03 15:00:00;;Other;38279.8;Silo46
Cr746;2024-03-03 15:00:00;;Potato;60684.0;Silo9
Cr1611;2024-03-03 15:00:00;;Other;41120.7;Silo27
Cr1093;2024-03-03 15:00:00;;Rice;38454.2;Silo18
Cr156;2024-03-03 15:00:00;;Potato;38199.8;Silo42
Cr1730;2024-03-03 15:00:00;;Corn;46762.2;Silo45
Cr367;2024-03-03 15:00:00;;Wheat;41094.9;Silo45
Cr557;2024-03-03 15:00:00;;Other;52118.2;Silo37
Cr1533;2024-03-03 15:00:00;;Corn;63066.5;Silo26
Cr1546;2024-03-03 15:00:00;;Wheat;27440.7;Silo13
Cr1078;2024-03-03 15:00:00;;Rice;39135.9;Silo24
Cr1440;2024-03-03 15:00:00;;Potato;50781.7;Silo41
Cr1705;2024-03-03 15:00:00;;Corn;40039.9;Silo44
Cr435;2024-03-03 15:00:00;;Potato;48284.6;Silo50
Cr1382;2024-03-03 15:00:00;;Potato;42341.3;Silo15
Cr860;2024-03-03 15:00:00;;Potato;35366.9;Silo44
Cr271;2024-03-03 15:00:00;;Potato;25823.8;Silo18
Cr1312;2024-03-03 15:00:00;;Potato;40423.2;Silo41
Cr519;2024-03-03 15:00:00;;Wheat;39669.0;Silo9
Cr543;2024-03-03 15:00:00;;Corn;49221.8;Silo47
Cr1939;2024-03-03 15:00:00;;Wheat;51957.6;Silo39
Cr863;2024-03-03 15:00:00;;Rice;38800.4;Silo13
Cr1775;2024-03-03 15:00:00;;Rice;48342.1;Silo7
Cr1854;2024-03-03 15:00:00;;Wheat;62600.0;Silo3
Cr632;2024-03-03 15:00:00;;Wheat;58956.4;Silo19
Cr1920;2024-03-03 15:00:00;;Rice;37566.4;Silo18
Cr945;2024-03-03 15:00:00;;Rice;56657.9;Silo11
Cr91;2024-03-03 15:00:00;;Potato;49281.3;Silo41
Cr1366;2024-03-03 15:00:00;;Rice;29260.7;Silo19
Cr173;2024-03-03 15:00:00;;Corn;47774.9;Silo13
Cr838;2024-03-03 15:00:00;;Rice;59248.4;Silo43
Cr1615;2024-03-03 15:00:00;;Corn;63937.8;Silo12
Cr109;2024-03-03 15:00:00;;Corn;56030.8;Silo49
Cr1344;2024-03-03 15:00:00;;Rice;55355.8;Silo33
Cr758;2024-03-03 15:00:00;;Corn;58800.5;Silo44
Cr1352;2024-03-03 15:00:00;;Other;54351.7;Silo10
Cr800;2024-03-03 15:00:00;;Potato;36439.8;Silo30
Cr964;2024-03-03 15:00:00;;Wheat;42152.5;Silo23
Cr840;2024-03-03 15:00:00;;Rice;39303.2;Silo27
Cr1283;2024-03-03 15:00:00;;Wheat;41434.4;Silo22
Cr62;2024-03-03 15:00:00;;Other;64997.4;Silo46
Cr1184;2024-03-03 15:00:00;;Wheat;32321.0;Silo10
Cr1098;2024-03-03 15:00:00;;Rice;49330.5;Silo5
Cr646;2024-03-03 15:00:00;;Other;59586.4;Silo2
Cr1131;2024-03-03 15:00:00;;Wheat;46861.4;Silo40
Cr1618;2024-03-03 15:00:00;;Corn;38743.9;Silo31
Cr143;2024-03-03 15:00:00;;Corn;46428.5;Silo24
Cr1010;2024-03-03 15:00:00;;Rice;25383.7;Silo17
Cr168;2024-03-03 15:00:00;;Other;33730.3;Silo45
Cr412;2024-03-03 15:00:00;;Potato;49475.6;Silo21
Cr332;2024-03-03 15:00:00;;Corn;52630.8;Silo5
Cr1310;2024-03-03 15:00:00;;Rice;43984.1;Silo40
Cr52;2024-03-03 15:00:00;;Potato;35333.2;Silo24
Cr429;2024-03-03 15:00:00;;Wheat;47432.9;Silo26
Cr563;2024-03-03 15:00:00;;Potato;55826.9;Silo49
Cr1239;2024-03-03 15:00:00;;Potato;43801.7;Silo11
Cr1709;2024-03-03 15:00:00;;Rice;59223.3;Silo17
Cr235;2024-03-03 15:00:00;;Wheat;53287.4;Silo15
Cr1196;2024-03-03 15:00:00;;Rice;52254.1;Silo8
Cr745;2024-03-03 15:00:00;;Wheat;35919.7;Silo18
Cr574;2024-03-03 15:00:00;;Other;41712.3;Silo16
Cr1735;2024-03-03 15:00:00;;Potato;35053.3;Silo39
Cr1167;2024-03-03 15:00:00;;Wheat;59437.6;Silo25
Cr136;2024-03-03 15:00:00;;Corn;45735.0;Silo33
Cr513;2024-03-03 15:00:00;;Potato;32244.4;Silo43
Cr1139;2024-03-03 15:00:00;;Other;60613.0;Silo19
Cr1660;2024-03-03 15:00:00;;Potato;64576.3;Silo19
Cr289;2024-03-03 15:00:00;;Potato;38026.5;Silo7
Cr285;2024-03-03 15:00:00;;Wheat;46994.0;Silo6
Cr648;2024-03-03 15:00:00;;Potato;29257.8;Silo50
Cr415;2024-03-03 15:00:00;;Wheat;63023.0;Silo11
Cr1823;2024-03-03 15:00:00;;Other;38654.8;Silo45
Cr113;2024-03-03 15:00:00;;Rice;53147.3;Silo20
Cr1552;2024-03-03 15:00:00;;Other;60080.6;Silo42
Cr1074;2024-03-03 15:00:00;;Other;28150.7;Silo41
Cr1295;2024-03-03 15:00:00;;Wheat;32469.1;Silo25
Cr1237;2024-03-03 15:00:00;;Rice;33441.5;Silo34
Cr264;2024-03-03 15:00:00;;Potato;31824.3;Silo2
Cr434;2024-03-03 15:00:00;;Other;43529.3;Silo18
Cr112;2024-03-03 15:00:00;;Other;60282.2;Silo1
Cr1564;2024-03-03 15:00:00;;Wheat;59256.2;Silo20
Cr198;2024-03-03 15:00:00;;Rice;36804.6;Silo11
Cr224;2024-03-03 15:00:00;;Rice;46813.1;Silo36
Cr867;2024-03-03 15:00:00;;Rice;31673.9;Silo12
Cr575;2024-03-03 15:00:00;;Potato;42534.8;Silo49
Cr801;2024-03-03 15:00:00;;Rice;57981.5;Silo28
Cr1419;2024-03-03 15:00:00;;Other;61404.1;Silo38
Cr1073;2024-03-03 15:00:00;;Corn;57874.1;Silo18
Cr596;2024-03-03 15:00:00;;Wheat;59873.4;Silo40
Cr827;2024-03-03 15:00:00;;Corn;27243.1;Silo6
Cr252;2024-03-03 15:00:00;;Potato;53372.2;Silo14
Cr891;2024-03-03 15:00:00;;Wheat;56187.6;Silo1
Cr716;2024-03-03 15:00:00;;Corn;28149.4;Silo23
Cr1359;2024-03-03 15:00:00;;Wheat;26428.8;Silo18
Cr229;2024-03-03 15:00:00;;Rice;39788.8;Silo21
Cr676;2024-03-03 15:00:00;;Other;47926.8;Silo32
Cr381;2024-03-03 15:00:00;;Corn;54353.4;Silo31
Cr1711;2024-03-03 15:00:00;;Rice;51452.9;Silo25
Cr915;2024-03-03 15:00:00;;Potato;41809.1;Silo35
Cr818;2024-03-03 15:00:00;;Potato;33254.4;Silo33
Cr702;2024-03-03 15:00:00;;Wheat;55485.7;Silo50
Cr1306;2024-03-03 15:00:00;;Wheat;31205.2;Silo49
Cr1205;2024-03-03 15:00:00;;Potato;46116.5;Silo24
Cr469;2024-03-03 15:00:00;;Potato;30615.2;Silo1
Cr1287;2024-03-03 15:00:00;;Wheat;49430.7;Silo23
Cr1209;2024-03-03 15:00:00;;Rice;63105.9;Silo40
Cr1065;2024-03-03 15:00:00;;Wheat;40013.4;Silo8
Cr706;2024-03-03 15:00:00;;Wheat;43301.9;Silo20
Cr1751;2024-03-03 15:00:00;;Wheat;60208.5;Silo36
Cr75;2024-03-03 15:00:00;;Other;31483.4;Silo10
Cr1894;2024-03-03 15:00:00;;Corn;32901.3;Silo9
Cr1582;2024-03-03 15:00:00;;Potato;63672.5;Silo9
Cr857;2024-03-03 15:00:00;;Other;50921.0;Silo16
Cr1329;2024-03-03 15:00:00;;Corn;45144.1;Silo18
Cr785;2024-03-03 15:00:00;;Wheat;36424.8;Silo13
Cr1427;2024-03-03 15:00:00;;Wheat;46634.9;Silo49
Cr681;2024-03-03 15:00:00;;Other;53620.1;Silo21
Cr1602;2024-03-03 15:00:00;;Wheat;50481.6;Silo5
Cr735;2024-03-03 15:00:00;;Corn;62063.0;Silo32
Cr150;2024-03-03 15:00:00;;Other;52496.0;Silo17
Cr1062;2024-03-03 15:00:00;;Corn;25237.5;Silo33
Cr1127;2024-03-03 15:00:00;;Rice;53927.6;Silo2
Cr170;2024-03-03 15:00:00;;Rice;28256.2;Silo8
Cr114;2024-03-03 15:00:00;;Other;32554.6;Silo49
Cr1339;2024-03-03 15:00:00;;Potato;52940.4;Silo18
Cr932;2024-03-03 15:00:00;;Wheat;38460.2;Silo48
Cr1469;2024-03-03 15:00:00;;Rice;34368.1;Silo3
Cr1360;2024-03-03 15:00:00;;Potato;29113.9;Silo30
Cr1782;2024-03-03 15:00:00;;Corn;38400.8;Silo38
Cr1665;2024-03-03 15:00:00;;Rice;48621.2;Silo18
Cr1773;2024-03-03 15:00:00;;Wheat;56326.7;Silo39
Cr916;2024-03-03 15:00:00;;Potato;63780.8;Silo5
Cr1688;2024-03-03 15:00:00;;Rice;57670.6;Silo35
Cr856;2024-03-03 15:00:00;;Wheat;36967.2;Silo24
Cr135;2024-03-03 15:00:00;;Potato;44226.2;Silo38
Cr345;2024-03-03 15:00:00;;Corn;42522.7;Silo38
Cr1083;2024-03-03 15:00:00;;Rice;35947.7;Silo2
Cr1817;2024-03-03 15:00:00;;Other;26469.3;Silo33
Cr431;2024-03-03 15:00:00;;Potato;51568.2;Silo11
Cr408;2024-03-03 15:00:00;;Corn;59913.6;Silo36
Cr620;2024-03-03 15:00:00;;Other;38948.9;Silo38
Cr584;2024-03-03 15:00:00;;Wheat;60416.6;Silo30
Cr1768;2024-03-03 15:00:00;;Wheat;55918.9;Silo12
Cr1923;2024-03-03 15:00:00;;Wheat;53823.3;Silo47
Cr1828;2024-03-03 15:00:00;;Corn;38842.9;Silo16
Cr1571;2024-03-03 15:00:00;;Other;53321.1;Silo11
Cr1880;2024-03-03 15:00:00;;Rice;35288.8;Silo25
Cr329;2024-03-03 15:00:00;;Rice;61434.4;Silo18
Cr1892;2024-03-03 15:00:00;;Potato;41575.5;Silo4
Cr1102;2024-03-03 15:00:00;;Rice;64756.2;Silo39
Cr1079;2024-03-03 15:00:00;;Rice;59676.9;Silo24
Cr896;2024-03-03 15:00:00;;Wheat;32951.0;Silo4
Cr1216;2024-03-03 15:00:00;;Rice;54748.4;Silo5
Cr422;2024-03-03 15:00:00;;Wheat;58124.2;Silo11
Cr568;2024-03-03 15:00:00;;Wheat;25421.0;Silo30
Cr1590;2024-03-03 15:00:00;;Potato;28049.5;Silo22
Cr1005;2024-03-03 15:00:00;;Corn;40729.7;Silo45
Cr820;2024-03-03 15:00:00;;Potato;62910.5;Silo50
Cr1115;2024-03-03 15:00:00;;Other;41120.3;Silo31
Cr1592;2024-03-03 15:00:00;;Wheat;54539.6;Silo41
Cr1714;2024-03-03 15:00:00;;Other;59673.2;Silo44
Cr765;2024-03-03 15:00:00;;Potato;63981.8;Silo30
Cr1662;2024-03-03 15:00:00;;Wheat;37526.9;Silo7
Cr280;2024-03-03 15:00:00;;Wheat;60677.6;Silo5
Cr1847;2024-03-03 15:00:00;;Rice;45818.2;Silo39
Cr1812;2024-03-03 15:00:00;;Wheat;59988.2;Silo3
Cr9;2024-03-03 15:00:00;;Wheat;38982.3;Silo23
Cr902;2024-03-03 15:00:00;;Corn;51233.6;Silo37
Cr1797;2024-03-03 15:00:00;;Potato;29577.3;Silo1
Cr1034;2024-03-03 15:00:00;;Corn;28215.9;Silo6
Cr1255;2024-03-03 15:00:00;;Rice;29538.8;Silo39
Cr1417;2024-03-03 15:00:00;;Wheat;38241.7;Silo43
Cr1637;2024-03-03 15:00:00;;Rice;53499.4;Silo4
Cr527;2024-03-03 15:00:00;;Rice;42374.5;Silo2
Cr1593;2024-03-03 15:00:00;;Wheat;29878.7;Silo3
Cr204;2024-03-03 15:00:00;;Wheat;50050.9;Silo22
Cr872;2024-03-03 15:00:00;;Corn;37668.4;Silo17
Cr854;2024-03-03 15:00:00;;Other;50632.2;Silo19
Cr323;2024-03-03 15:00:00;;Wheat;42659.4;Silo7
Cr959;2024-03-03 15:00:00;;Rice;36928.4;Silo25
Cr1869;2024-03-03 15:00:00;;Other;31962.9;Silo38
Cr18;2024-03-03 15:00:00;;Corn;52657.7;Silo36
Cr780;2024-03-03 15:00:00;;Other;33590.1;Silo6
Cr466;2024-03-03 15:00:00;;Other;39095.7;Silo18
Cr665;2024-03-03 15:00:00;;Other;40862.9;Silo45
Cr1529;2024-03-03 15:00:00;;Wheat;47388.0;Silo27
Cr920;2024-03-03 15:00:00;;Corn;53870.0;Silo34
Cr1148;2024-03-03 15:00:00;;Rice;58189.2;Silo26
Cr1756;2024-03-03 15:00:00;;Wheat;39152.9;Silo18
Cr720;2024-03-03 15:00:00;;Corn;29951.2;Silo15
Cr1450;2024-03-03 15:00:00;;Other;32260.8;Silo8
Cr11;2024-03-03 15:00:00;;Potato;47421.2;Silo39
Cr1737;2024-03-03 15:00:00;;Potato;51222.4;Silo31
Cr1713;2024-03-03 15:00:00;;Other;39834.8;Silo11
Cr178;2024-03-03 15:00:00;;Rice;46136.5;Silo35
Cr1124;2024-03-03 15:00:00;;Rice;61603.7;Silo48
Cr730;2024-03-03 15:00:00;;Other;44251.1;Silo26
Cr312;2024-03-03 15:00:00;;Rice;31167.4;Silo34
Cr1991;2024-03-03 15:00:00;;Rice;39015.7;Silo27
Cr825;2024-03-03 15:00:00;;Corn;54873.1;Silo22
Cr304;2024-03-03 15:00:00;;Corn;50557.1;Silo12
Cr755;2024-03-03 15:00:00;;Wheat;29659.4;Silo32
Cr1157;2024-03-03 15:00:00;;Corn;38841.1;Silo35
Cr1313;2024-03-03 15:00:00;;Other;29622.8;Silo34
Cr570;2024-03-03 15:00:00;;Wheat;54551.4;Silo14
Cr572;2024-03-03 15:00:00;;Potato;50561.1;Silo35
Cr1664;2024-03-03 15:00:00;;Potato;32869.7;Silo37
Cr226;2024-03-03 15:00:00;;Wheat;63107.0;Silo23
Cr1934;2024-03-03 15:00:00;;Rice;60062.1;Silo16
Cr1717;2024-03-03 15:00:00;;Potato;44394.1;Silo13
Cr1724;2024-03-03 15:00:00;;Corn;30177.3;Silo25
Cr1164;2024-03-03 15:00:00;;Rice;44583.7;Silo20
Cr1269;2024-03-03 15:00:00;;Rice;55543.1;Silo37
Cr1;2024-03-03 15:00:00;;Potato;61638.6;Silo19
Cr1183;2024-03-03 15:00:00;;Potato;58372.7;Silo42
Cr889;2024-03-03 15:00:00;;Other;64310.1;Silo44
Cr88;2024-03-03 15:00:00;;Wheat;49519.2;Silo50
Cr132;2024-03-03 15:00:00;;Rice;32024.0;Silo29
Cr1796;2024-03-03 15:00:00;;Potato;57075.6;Silo50
Cr344;2024-03-03 15:00:00;;Other;35908.1;Silo34
Cr82;2024-03-03 15:00:00;;Rice;52892.5;Silo39
Cr588;2024-03-03 15:00:00;;Wheat;37779.2;Silo15
Cr473;2024-03-03 15:00:00;;Wheat;27383.7;Silo33
Cr737;2024-03-03 15:00:00;;Rice;36594.9;Silo26
Cr1337;2024-03-03 15:00:00;;Wheat;26611.7;Silo25
Cr708;2024-03-03 15:00:00;;Corn;47465.3;Silo23
Cr286;2024-03-03 15:00:00;;Potato;61199.8;Silo49
Cr1254;2024-03-03 15:00:00;;Other;41196.7;Silo24
Cr59;2024-03-03 15:00:00;;Other;40828.6;Silo9
Cr169;2024-03-03 15:00:00;;Wheat;51579.9;Silo3
Cr870;2024-03-03 15:00:00;;Corn;36723.6;Silo30
Cr1140;2024-03-03 15:00:00;;Corn;33567.6;Silo39
Cr107;2024-03-03 15:00:00;;Rice;57786.3;Silo32
Cr392;2024-03-03 15:00:00;;Other;25303.0;Silo13
Cr487;2024-03-03 15:00:00;;Wheat;36988.7;Silo22
Cr491;2024-03-03 15:00:00;;Potato;64420.4;Silo13
Cr1926;2024-03-03 15:00:00;;Other;27057.9;Silo24
Cr835;2024-03-03 15:00:00;;Wheat;43349.5;Silo34
Cr119;2024-03-03 15:00:00;;Other;40963.2;Silo3
Cr1698;2024-03-03 15:00:00;;Wheat;27516.7;Silo33
Cr1293;2024-03-03 15:00:00;;Corn;30003.0;Silo12
Cr1219;2024-03-03 15:00:00;;Corn;46869.4;Silo36
Cr1108;2024-03-03 15:00:00;;Corn;55820.6;Silo5
Cr1021;2024-03-03 15:00:00;;Wheat;59201.6;Silo26
Cr1498;2024-03-03 15:00:00;;Corn;37010.4;Silo48
Cr692;2024-03-03 15:00:00;;Corn;58842.8;Silo45
Cr1557;2024-03-03 15:00:00;;Rice;29891.0;Silo39
Cr1018;2024-03-03 15:00:00;;Rice;27896.8;Silo8
Cr853;2024-03-03 15:00:00;;Potato;57818.7;Silo16
Cr1994;2024-03-03 15:00:00;;Rice;62711.5;Silo33
Cr1162;2024-03-03 15:00:00;;Wheat;42302.6;Silo15
Cr689;2024-03-03 15:00:00;;Potato;31180.1;Silo50
Cr927;2024-03-03 15:00:00;;Corn;55273.6;Silo43
Cr1883;2024-03-03 15:00:00;;Corn;41415.8;Silo18
Cr1466;2024-03-03 15:00:00;;Corn;59072.6;Silo3
Cr1480;2024-03-03 15:00:00;;Wheat;58115.5;Silo38
Cr1176;2024-03-03 15:00:00;;Corn;50050.2;Silo25
Cr847;2024-03-03 15:00:00;;Corn;43122.1;Silo9
Cr1907;2024-03-03 15:00:00;;Corn;45944.2;Silo43
Cr1362;2024-03-03 15:00:00;;Other;36070.0;Silo40
Cr334;2024-03-03 15:00:00;;Rice;49425.3;Silo18
Cr319;2024-03-03 15:00:00;;Wheat;47341.0;Silo18
Cr1964;2024-03-03 15:00:00;;Potato;43192.3;Silo18
Cr1047;2024-03-03 15:00:00;;Wheat;35441.4;Silo38
Cr809;2024-03-03 15:00:00;;Wheat;57123.7;Silo33
Cr274;2024-03-03 15:00:00;;Rice;39292.2;Silo1
Cr1107;2024-03-03 15:00:00;;Other;59914.3;Silo46
Cr1213;2024-03-03 15:00:00;;Potato;62225.6;Silo35
Cr859;2024-03-03 15:00:00;;Rice;25185.1;Silo35
Cr1803;2024-03-03 15:00:00;;Wheat;28222.1;Silo3
Cr969;2024-03-03 15:00:00;;Corn;40788.8;Silo15
Cr834;2024-03-03 15:00:00;;Corn;51214.8;Silo31
Cr1549;2024-03-03 15:00:00;;Other;63618.0;Silo24
Cr1982;2024-03-03 15:00:00;;Rice;58973.4;Silo5
Cr250;2024-03-03 15:00:00;;Rice;59483.9;Silo42
Cr1517;2024-03-03 15:00:00;;Rice;47249.2;Silo2
Cr1087;2024-03-03 15:00:00;;Corn;40493.4;Silo26
Cr1520;2024-03-03 15:00:00;;Corn;27946.9;Silo19
Cr1060;2024-03-03 15:00:00;;Rice;41136.2;Silo30
Cr217;2024-03-03 15:00:00;;Wheat;28451.3;Silo17
Cr503;2024-03-03 15:00:00;;Wheat;40785.5;Silo5
Cr1067;2024-03-03 15:00:00;;Wheat;39687.3;Silo3
Cr768;2024-03-03 15:00:00;;Rice;38650.0;Silo30
Cr1117;2024-03-03 15:00:00;;Potato;28669.9;Silo24
Cr893;2024-03-03 15:00:00;;Potato;61775.5;Silo45
Cr71;2024-03-03 15:00:00;;Wheat;43728.4;Silo37
Cr547;2024-03-03 15:00:00;;Wheat;30338.4;Silo8
Cr1265;2024-03-03 15:00:00;;Wheat;42727.4;Silo29
Cr1599;2024-03-03 15:00:00;;Wheat;48044.8;Silo15
Cr295;2024-03-03 15:00:00;;Wheat;44329.0;Silo36
Cr742;2024-03-03 15:00:00;;Rice;57085.2;Silo2
Cr1508;2024-03-03 15:00:00;;Corn;31506.1;Silo38
Cr531;2024-03-03 15:00:00;;Wheat;27170.6;Silo49
Cr1434;2024-03-03 15:00:00;;Corn;55468.4;Silo41
Cr1241;2024-03-03 15:00:00;;Other;57736.0;Silo50
Cr346;2024-03-03 15:00:00;;Wheat;53543.2;Silo31
Cr100;2024-03-03 15:00:00;;Potato;39398.6;Silo25
Cr911;2024-03-03 15:00:00;;Other;25042.2;Silo39
Cr1619;2024-03-03 15:00:00;;Wheat;30456.9;Silo17
Cr1911;2024-03-03 15:00:00;;Potato;29742.4;Silo16
Cr849;2024-03-03 15:00:00;;Other;34509.5;Silo19
Cr1163;2024-03-03 15:00:00;;Other;44386.0;Silo9
Cr1266;2024-03-03 15:00:00;;Potato;40203.1;Silo49
Cr1459;2024-03-03 15:00:00;;Potato;35124.5;Silo48
Cr1004;2024-03-03 15:00:00;;Wheat;44794.3;Silo12
Cr925;2024-03-03 15:00:00;;Rice;42917.1;Silo1
Cr786;2024-03-03 15:00:00;;Other;62188.1;Silo41
Cr931;2024-03-03 15:00:00;;Other;40629.3;Silo22
Cr1101;2024-03-03 15:00:00;;Corn;44187.0;Silo38
Cr1253;2024-03-03 15:00:00;;Other;46780.8;Silo39
Cr1479;2024-03-03 15:00:00;;Other;32874.6;Silo27
Cr1831;2024-03-03 15:00:00;;Other;35630.7;Silo25
Cr989;2024-03-03 15:00:00;;Potato;57271.5;Silo17
Cr230;2024-03-03 15:00:00;;Wheat;34692.3;Silo21
Cr1981;2024-03-03 15:00:00;;Potato;27905.2;Silo43
Cr1447;2024-03-03 15:00:00;;Rice;31203.3;Silo46
Cr951;2024-03-03 15:00:00;;Other;62350.9;Silo25
Cr1623;2024-03-03 15:00:00;;Other;29582.1;Silo11
Cr968;2024-03-03 15:00:00;;Potato;63415.6;Silo20
Cr1425;2024-03-03 15:00:00;;Potato;32750.5;Silo22
Cr1247;2024-03-03 15:00:00;;Rice;34829.9;Silo38
Cr554;2024-03-03 15:00:00;;Rice;37958.5;Silo39
Cr450;2024-03-03 15:00:00;;Wheat;37870.2;Silo9
Cr1548;2024-03-03 15:00:00;;Corn;27145.5;Silo26
Cr1345;2024-03-03 15:00:00;;Corn;31805.1;Silo45
Cr1055;2024-03-03 15:00:00;;Wheat;35497.9;Silo46
Cr1013;2024-03-03 15:00:00;;Corn;32289.5;Silo29
Cr624;2024-03-03 15:00:00;;Potato;41267.4;Silo8
Cr207;2024-03-03 15:00:00;;Other;40942.0;Silo41
Cr569;2024-03-03 15:00:00;;Other;34656.1;Silo25
Cr221;2024-03-03 15:00:00;;Corn;48555.5;Silo43
Cr754;2024-03-03 15:00:00;;Wheat;52182.2;Silo49
Cr999;2024-03-03 15:00:00;;Corn;35115.1;Silo32
Cr1903;2024-03-03 15:00:00;;Rice;50888.2;Silo42
Cr731;2024-03-03 15:00:00;;Potato;30575.3;Silo45
Cr535;2024-03-03 15:00:00;;Potato;25986.4;Silo25
Cr365;2024-03-03 15:00:00;;Wheat;32969.2;Silo10
Cr1519;2024-03-03 15:00:00;;Other;55979.5;Silo48
Cr1712;2024-03-03 15:00:00;;Rice;53796.7;Silo42
Cr613;2024-03-03 15:00:00;;Wheat;58215.3;Silo38
Cr982;2024-03-03 15:00:00;;Wheat;56516.6;Silo32
Cr1993;2024-03-03 15:00:00;;Rice;49148.8;Silo45
Cr1413;2024-03-03 15:00:00;;Other;34188.1;Silo12
Cr402;2024-03-03 15:00:00;;Wheat;30961.3;Silo3
Cr1915;2024-03-03 15:00:00;;Other;38405.3;Silo9
Cr696;2024-03-03 15:00:00;;Rice;62148.0;Silo42
Cr1844;2024-03-03 15:00:00;;Other;39576.6;Silo16
Cr34;2024-03-03 15:00:00;;Other;40199.8;Silo22
Cr1214;2024-03-03 15:00:00;;Corn;29432.5;Silo36
Cr1692;2024-03-03 15:00:00;;Rice;56725.8;Silo17
Cr805;2024-03-03 15:00:00;;Other;61727.9;Silo44
Cr1596;2024-03-03 15:00:00;;Other;43991.6;Silo18
Cr1288;2024-03-03 15:00:00;;Other;64657.8;Silo10
Cr647;2024-03-03 15:00:00;;Corn;43838.6;Silo13
Cr105;2024-03-03 15:00:00;;Wheat;48364.0;Silo32
Cr766;2024-03-03 15:00:00;;Wheat;40856.8;Silo4
Cr73;2024-03-03 15:00:00;;Rice;54883.4;Silo49
Cr767;2024-03-03 15:00:00;;Corn;28942.7;Silo47
Cr1760;2024-03-03 15:00:00;;Other;31022.3;Silo49
Cr10;2024-03-03 15:00:00;;Wheat;41886.6;Silo1
Cr1815;2024-03-03 15:00:00;;Wheat;55333.0;Silo37
Cr151;2024-03-03 15:00:00;;Rice;61604.8;Silo15
Cr1244;2024-03-03 15:00:00;;Other;55094.6;Silo5
Cr1809;2024-03-03 15:00:00;;Wheat;37391.6;Silo41
Cr1314;2024-03-03 15:00:00;;Corn;38329.3;Silo1
Cr1676;2024-03-03 15:00:00;;Corn;25759.7;Silo34
Cr736;2024-03-03 15:00:00;;Rice;55454.9;Silo26
Cr987;2024-03-03 15:00:00;;Potato;26176.1;Silo27
Cr1524;2024-03-03 15:00:00;;Wheat;43724.5;Silo1
Cr1684;2024-03-03 15:00:00;;Wheat;43914.0;Silo8
Cr654;2024-03-03 15:00:00;;Potato;47101.8;Silo45
Cr15;2024-03-03 15:00:00;;Potato;59867.6;Silo4
Cr749;2024-03-03 15:00:00;;Rice;49307.4;Silo5
Cr1741;2024-03-03 15:00:00;;Wheat;62308.0;Silo38
Cr260;2024-03-03 15:00:00;;Other;50311.7;Silo42
Cr1589;2024-03-03 15:00:00;;Potato;60379.1;Silo5
Cr265;2024-03-03 15:00:00;;Potato;46694.3;Silo18
Cr1153;2024-03-03 15:00:00;;Other;37787.6;Silo18
Cr122;2024-03-03 15:00:00;;Wheat;40901.3;Silo30
Cr186;2024-03-03 15:00:00;;Other;37797.1;Silo2
Cr50;2024-03-03 15:00:00;;Wheat;54111.8;Silo8
Cr216;2024-03-03 15:00:00;;Other;64942.5;Silo42
Cr585;2024-03-03 15:00:00;;Corn;37989.3;Silo22
Cr790;2024-03-03 15:00:00;;Wheat;40973.5;Silo20
Cr841;2024-03-03 15:00:00;;Other;35757.6;Silo17
Cr1584;2024-03-03 15:00:00;;Other;36742.5;Silo29
Cr1085;2024-03-03 15:00:00;;Corn;26364.5;Silo50
Cr1865;2024-03-03 15:00:00;;Corn;38595.2;Silo31
Cr1144;2024-03-03 15:00:00;;Potato;47092.9;Silo44
Cr461;2024-03-03 15:00:00;;Potato;63431.4;Silo48
Cr1866;2024-03-03 15:00:00;;Other;61773.7;Silo40
Cr1896;2024-03-03 15:00:00;;Rice;42655.0;Silo31
Cr1513;2024-03-03 15:00:00;;Other;44087.7;Silo8
Cr1271;2024-03-03 15:00:00;;Other;40355.8;Silo14
Cr997;2024-03-03 15:00:00;;Wheat;40698.3;Silo36
Cr905;2024-03-03 15:00:00;;Potato;34729.2;Silo3
Cr1235;2024-03-03 15:00:00;;Corn;37107.0;Silo10
Cr241;2024-03-03 15:00:00;;Potato;63400.2;Silo14
Cr147;2024-03-03 15:00:00;;Potato;59392.6;Silo20
Cr674;2024-03-03 15:00:00;;Corn;55458.9;Silo31
Cr1980;2024-03-03 15:00:00;;Corn;48523.8;Silo3
Cr1530;2024-03-03 15:00:00;;Corn;37649.6;Silo46
Cr350;2024-03-03 15:00:00;;Corn;33732.3;Silo17
Cr1444;2024-03-03 15:00:00;;Wheat;60742.1;Silo22
Cr400;2024-03-03 15:00:00;;Wheat;61295.5;Silo14
Cr776;2024-03-03 15:00:00;;Potato;50674.9;Silo46
Cr1531;2024-03-03 15:00:00;;Potato;46480.5;Silo34
Cr1030;2024-03-03 15:00:00;;Rice;47733.6;Silo49
Cr703;2024-03-03 15:00:00;;Wheat;49640.0;Silo17
Cr1113;2024-03-03 15:00:00;;Other;26097.7;Silo16
Cr65;2024-03-03 15:00:00;;Corn;38392.6;Silo48
Cr272;2024-03-03 15:00:00;;Potato;29920.4;Silo19
Cr1174;2024-03-03 15:00:00;;Other;30638.8;Silo18
Cr157;2024-03-03 15:00:00;;Wheat;57545.4;Silo16
Cr653;2024-03-03 15:00:00;;Corn;31254.1;Silo31
Cr258;2024-03-03 15:00:00;;Potato;62863.0;Silo44
Cr1258;2024-03-03 15:00:00;;Rice;61133.3;Silo34
Cr612;2024-03-03 15:00:00;;Potato;62315.8;Silo34
Cr1437;2024-03-03 15:00:00;;Potato;48837.1;Silo18
Cr1319;2024-03-03 15:00:00;;Corn;54000.0;Silo35
Cr1855;2024-03-03 15:00:00;;Rice;29781.6;Silo34
Cr1928;2024-03-03 15:00:00;;Rice;47810.9;Silo11
Cr496;2024-03-03 15:00:00;;Wheat;62866.7;Silo13
Cr214;2024-03-03 15:00:00;;Wheat;63276.6;Silo30
Cr26;2024-03-03 15:00:00;;Other;54737.4;Silo23
Cr614;2024-03-03 15:00:00;;Other;43364.2;Silo18
Cr1697;2024-03-03 15:00:00;;Wheat;34960.0;Silo27
Cr1033;2024-03-03 15:00:00;;Corn;54389.0;Silo11
Cr498;2024-03-03 15:00:00;;Other;26684.0;Silo6
Cr1478;2024-03-03 15:00:00;;Wheat;59693.1;Silo13
Cr1099;2024-03-03 15:00:00;;Potato;28691.0;Silo4
Cr1467;2024-03-03 15:00:00;;Rice;34174.8;Silo22
Cr1588;2024-03-03 15:00:00;;Wheat;51589.8;Silo5
Cr1573;2024-03-03 15:00:00;;Potato;25270.4;Silo9
Cr291;2024-03-03 15:00:00;;Corn;61095.9;Silo43
Cr912;2024-03-03 15:00:00;;Potato;35085.5;Silo9
Cr717;2024-03-03 15:00:00;;Corn;48895.6;Silo40
Cr626;2024-03-03 15:00:00;;Wheat;30306.5;Silo20
Cr1978;2024-03-03 15:00:00;;Other;62757.4;Silo44
Cr1908;2024-03-03 15:00:00;;Potato;31936.4;Silo6
Cr791;2024-03-03 15:00:00;;Wheat;54710.1;Silo39
Cr1410;2024-03-03 15:00:00;;Corn;61171.0;Silo12
Cr740;2024-03-03 15:00:00;;Potato;60494.0;Silo1
Cr1172;2024-03-03 15:00:00;;Potato;32958.6;Silo15
Cr57;2024-03-03 15:00:00;;Rice;59752.5;Silo50
Cr1071;2024-03-03 15:00:00;;Other;46277.7;Silo7
Cr335;2024-03-03 15:00:00;;Rice;42171.6;Silo37
Cr890;2024-03-03 15:00:00;;Potato;59247.0;Silo17
Cr1748;2024-03-03 15:00:00;;Wheat;55432.0;Silo32
Cr5;2024-03-03 15:00:00;;Potato;39887.9;Silo35
Cr20;2024-03-03 15:00:00;;Other;49607.7;Silo47
Cr1860;2024-03-03 15:00:00;;Other;53224.5;Silo11
Cr993;2024-03-03 15:00:00;;Other;34106.2;Silo29
Cr1646;2024-03-03 15:00:00;;Potato;50753.3;Silo37
Cr1879;2024-03-03 15:00:00;;Wheat;32526.9;Silo35
Cr782;2024-03-03 15:00:00;;Rice;32230.5;Silo41
Cr808;2024-03-03 15:00:00;;Other;49577.6;Silo40
Cr326;2024-03-03 15:00:00;;Rice;63481.6;Silo26
Cr1451;2024-03-03 15:00:00;;Wheat;51164.3;Silo5
Cr1997;2024-03-03 15:00:00;;Wheat;56462.6;Silo45
Cr78;2024-03-03 15:00:00;;Corn;27960.0;Silo46
Cr87;2024-03-03 15:00:00;;Potato;51343.4;Silo2
Cr1742;2024-03-03 15:00:00;;Potato;29677.0;Silo19
Cr278;2024-03-03 15:00:00;;Corn;55515.0;Silo22
Cr1156;2024-03-03 15:00:00;;Potato;38967.6;Silo2
Cr1496;2024-03-03 15:00:00;;Potato;52991.7;Silo2
Cr1472;2024-03-03 15:00:00;;Rice;47848.7;Silo46
Cr509;2024-03-03 15:00:00;;Other;46300.8;Silo44
Cr48;2024-03-03 15:00:00;;Other;30610.7;Silo10
Cr715;2024-03-03 15:00:00;;Rice;36461.2;Silo45
Cr1913;2024-03-03 15:00:00;;Wheat;37409.4;Silo6
Cr1560;2024-03-03 15:00:00;;Corn;48662.3;Silo27
Cr517;2024-03-03 15:00:00;;Corn;59515.8;Silo44
Cr1648;2024-03-03 15:00:00;;Rice;59560.8;Silo14
Cr564;2024-03-03 15:00:00;;Corn;49691.8;Silo6
Cr508;2024-03-03 15:00:00;;Wheat;31918.9;Silo4
Cr1853;2024-03-03 15:00:00;;Other;63266.6;Silo43
Cr1971;2024-03-03 15:00:00;;Other;53207.4;Silo10
Cr246;2024-03-03 15:00:00;;Corn;61624.1;Silo19
Cr973;2024-03-03 15:00:00;;Potato;26893.5;Silo39
Cr1027;2024-03-03 15:00:00;;Wheat;35989.6;Silo16
Cr1678;2024-03-03 15:00:00;;Other;60030.5;Silo5
Cr512;2024-03-03 15:00:00;;Wheat;63603.5;Silo20
Cr555;2024-03-03 15:00:00;;Rice;27184.6;Silo43
Cr878;2024-03-03 15:00:00;;Potato;55080.3;Silo35
Cr796;2024-03-03 15:00:00;;Potato;47869.6;Silo19
Cr1563;2024-03-03 15:00:00;;Potato;42248.3;Silo32
Cr1784;2024-03-03 15:00:00;;Other;43750.0;Silo41
Cr238;2024-03-03 15:00:00;;Other;36464.5;Silo28
Cr1229;2024-03-03 15:00:00;;Wheat;43882.3;Silo7
Cr1969;2024-03-03 15:00:00;;Rice;62591.8;Silo13
Cr340;2024-03-03 15:00:00;;Other;41284.7;Silo34
Cr894;2024-03-03 15:00:00;;Corn;59832.5;Silo28
Cr1365;2024-03-03 15:00:00;;Other;48583.6;Silo23
Cr628;2024-03-03 15:00:00;;Corn;38705.5;Silo19
Cr1404;2024-03-03 15:00:00;;Wheat;27223.1;Silo25
Cr1960;2024-03-03 15:00:00;;Corn;41370.8;Silo42
Cr728;2024-03-03 15:00:00;;Potato;53380.7;Silo46
Cr79;2024-03-03 15:00:00;;Corn;29154.3;Silo5
Cr1787;2024-03-03 15:00:00;;Corn;50455.8;Silo26
Cr1029;2024-03-03 15:00:00;;Rice;25596.1;Silo18
Cr1259;2024-03-03 15:00:00;;Rice;43441.8;Silo36
Cr985;2024-03-03 15:00:00;;Wheat;51202.2;Silo41
Cr399;2024-03-03 15:00:00;;Other;41401.7;Silo12
Cr562;2024-03-03 15:00:00;;Corn;38511.4;Silo14
Cr1056;2024-03-03 15:00:00;;Other;40087.6;Silo33
Cr1096;2024-03-03 15:00:00;;Corn;56562.1;Silo29
Cr1168;2024-03-03 15:00:00;;Rice;59669.3;Silo44
Cr778;2024-03-03 15:00:00;;Rice;40139.2;Silo15
Cr1215;2024-03-03 15:00:00;;Wheat;30853.5;Silo13
Cr1893;2024-03-03 15:00:00;;Wheat;28488.6;Silo13
Cr1654;2024-03-03 15:00:00;;Other;40456.0;Silo35
Cr130;2024-03-03 15:00:00;;Wheat;42826.9;Silo47
Cr297;2024-03-03 15:00:00;;Corn;58676.7;Silo6
Cr617;2024-03-03 15:00:00;;Other;57632.3;Silo23
Cr1267;2024-03-03 15:00:00;;Potato;53739.4;Silo37
Cr764;2024-03-03 15:00:00;;Wheat;44352.3;Silo47
Cr662;2024-03-03 15:00:00;;Corn;40144.1;Silo27
Cr266;2024-03-03 15:00:00;;Potato;46766.9;Silo9
Cr789;2024-03-03 15:00:00;;Other;25853.1;Silo18
Cr1859;2024-03-03 15:00:00;;Wheat;61977.2;Silo10
Cr593;2024-03-03 15:00:00;;Rice;54863.1;Silo8
Cr1032;2024-04-29 17:00:00;Cargo stock weight(scheduled);;0.0
Cr1312;2024-05-01 06:00:00;Cargo stock weight(scheduled);;0.0
Cr1414;2024-05-02 14:30:00;Cargo stock weight(scheduled);;0.0
Cr1545;2024-05-04 09:30:00;Cargo stock weight(scheduled);;0.0
Cr976;2024-05-04 13:30:00;Cargo stock weight(scheduled);;15400.1
Cr289;2024-05-06 10:00:00;Cargo stock weight(scheduled);;0.0
Cr957;2024-05-07 21:30:00;Cargo stock weight(scheduled);;24754.5
Cr1882;2024-05-08 13:00:00;Cargo stock weight(scheduled);;0.0
