ocel_id;ocel_time;ocel_changed_field;Amount of Goods
co1;2023-05-22 13:54:42;;950
co2;2023-05-22 20:33:30;;1300
co3;2023-05-23 14:14:57;;1200
co4;2023-05-23 20:34:15;;1250
co5;2023-05-24 14:16:04;;1000
co6;2023-05-24 20:37:36;;1400
co7;2023-05-25 14:21:06;;400
co8;2023-05-25 20:52:42;;1150
co9;2023-05-26 17:01:20;;1300
co10;2023-05-29 11:50:58;;650
co11;2023-05-29 18:06:38;;1200
co12;2023-05-30 12:07:58;;450
co13;2023-05-30 17:40:38;;600
co14;2023-05-31 12:15:58;;1200
co15;2023-05-31 17:56:38;;1500
co16;2023-06-01 12:47:58;;350
co17;2023-06-01 19:00:38;;800
co18;2023-06-02 14:49:13;;1300
co19;2023-06-05 11:06:22;;950
co20;2023-06-05 16:37:26;;1350
co21;2023-06-06 11:09:34;;700
co22;2023-06-06 16:43:50;;1450
co23;2023-06-07 11:22:22;;1300
co24;2023-06-07 17:09:26;;1150
co25;2023-06-08 11:13:34;;1050
co26;2023-06-08 16:51:50;;1050
co27;2023-06-09 12:36:53;;550
co28;2023-06-12 09:05:55;;1400
co29;2023-06-12 14:36:32;;350
co30;2023-06-13 08:39:00;;750
co31;2023-06-13 14:53:12;;1100
co32;2023-06-14 09:29:00;;600
co33;2023-06-14 15:22:42;;1500
co34;2023-06-15 09:40:06;;900
co35;2023-06-15 15:44:54;;300
co36;2023-06-16 10:54:19;;1250
co37;2023-06-16 19:32:29;;1500
co38;2023-06-19 13:56:33;;1000
co39;2023-06-19 20:39:03;;350
co40;2023-06-20 14:23:16;;300
co41;2023-06-20 20:59:12;;300
co42;2023-06-21 14:53:30;;500
co43;2023-06-22 09:29:54;;750
co44;2023-06-22 15:24:30;;850
co45;2023-06-23 10:04:47;;1050
co46;2023-06-23 17:53:25;;800
co47;2023-06-26 13:19:30;;850
co48;2023-06-26 19:03:42;;1500
co49;2023-06-27 13:00:15;;1400
co50;2023-06-27 18:25:12;;1000
co51;2023-06-28 12:45:06;;1200
co52;2023-06-28 18:54:54;;300
co53;2023-06-29 13:44:30;;800
co54;2023-06-29 20:02:54;;350
co55;2023-06-30 15:35:58;;700
co56;2023-07-03 11:25:50;;1050
co57;2023-07-03 17:16:22;;300
co58;2023-07-04 11:27:26;;550
co59;2023-07-04 17:19:34;;1100
co60;2023-07-05 11:33:50;;350
co61;2023-07-05 17:32:22;;550
co62;2023-07-06 11:59:26;;1350
co63;2023-07-06 18:23:34;;1250
co64;2023-07-07 14:19:39;;800
co65;2023-07-10 10:16:06;;1000
co66;2023-07-10 15:56:54;;600
co67;2023-07-11 10:48:30;;1200
co68;2023-07-11 17:01:42;;550
co69;2023-07-12 10:58:06;;1250
co70;2023-07-12 17:20:54;;1450
co71;2023-07-13 11:36:30;;1400
co72;2023-07-13 17:37:42;;700
co73;2023-07-14 13:28:16;;350
co74;2023-07-17 09:48:45;;850
co75;2023-07-17 16:02:12;;300
co76;2023-07-18 09:59:06;;350
co77;2023-07-18 16:22:54;;900
co78;2023-07-19 10:40:30;;1450
co79;2023-07-19 16:45:42;;1350
co80;2023-07-20 11:26:06;;1100
co81;2023-07-20 17:16:54;;1150
co82;2023-07-21 12:37:45;;400
co83;2023-07-24 09:08:00;;1050
co84;2023-07-24 14:40:42;;1100
co85;2023-07-25 08:51:30;;1450
co86;2023-07-25 15:11:57;;400
co87;2023-07-26 09:18:36;;1400
co88;2023-07-26 15:01:54;;1200
co89;2023-07-27 08:55:06;;850
co90;2023-07-27 15:17:21;;1300
co91;2023-07-28 09:47:25;;500
co92;2023-07-28 18:18:41;;550
co93;2023-07-31 13:02:28;;950
co94;2023-07-31 18:29:38;;500
co95;2023-08-01 12:53:58;;950
co96;2023-08-01 19:12:38;;1450
co97;2023-08-02 13:13:39;;400
co98;2023-08-02 18:52:00;;1500
co99;2023-08-03 13:38:42;;1350
co100;2023-08-03 19:45:30;;750
co101;2023-08-04 16:06:08;;1100
co102;2023-08-07 11:17:07;;1400
co103;2023-08-07 16:58:56;;1150
co104;2023-08-08 11:52:34;;300
co105;2023-08-08 18:09:50;;950
co106;2023-08-09 12:14:22;;1350
co107;2023-08-09 17:53:26;;500
co108;2023-08-10 12:41:34;;700
co109;2023-08-10 18:47:50;;700
co110;2023-08-11 15:18:35;;1250
co111;2023-08-14 10:56:17;;400
co112;2023-08-14 17:17:16;;900
co113;2023-08-15 11:29:14;;1400
co114;2023-08-15 17:23:10;;650
co115;2023-08-16 11:41:02;;450
co116;2023-08-16 17:46:46;;850
co117;2023-08-17 12:28:14;;1350
co118;2023-08-17 18:21:10;;600
co119;2023-08-18 14:13:50;;1300
co120;2023-08-21 10:06:13;;800
co121;2023-08-21 15:37:08;;400
co122;2023-08-22 10:08:58;;600
co123;2023-08-22 15:42:38;;1300
co124;2023-08-23 10:19:58;;1100
co125;2023-08-23 16:04:38;;900
co126;2023-08-24 10:03:58;;1300
co127;2023-08-24 15:32:38;;1050
co128;2023-08-25 10:24:32;;1250
co129;2023-08-25 18:32:55;;700
co130;2023-08-28 13:26:39;;550
co131;2023-08-28 19:18:00;;450
co132;2023-08-29 13:21:42;;750
co133;2023-08-29 19:08:06;;550
co134;2023-08-30 13:06:51;;1000
co135;2023-08-30 18:38:24;;1200
co136;2023-08-31 13:11:30;;900
co137;2023-08-31 18:47:42;;300
co138;2023-09-01 15:18:16;;500
co139;2023-09-04 10:55:45;;1050
co140;2023-09-04 17:16:12;;1200
co141;2023-09-05 11:27:06;;1500
co142;2023-09-05 17:18:54;;300
co143;2023-09-06 11:32:30;;1500
co144;2023-09-06 17:29:42;;300
co145;2023-09-07 11:54:06;;650
co146;2023-09-07 18:12:54;;950
co147;2023-09-08 13:53:45;;1300
co148;2023-09-11 10:32:04;;300
co149;2023-09-11 16:28:50;;1450
co150;2023-09-12 10:52:22;;550
co151;2023-09-12 17:09:26;;1050
co152;2023-09-13 11:13:34;;1050
co153;2023-09-13 16:51:50;;400
co154;2023-09-14 11:38:22;;1400
co155;2023-09-14 17:41:26;;1350
co156;2023-09-15 13:37:20;;750
co157;2023-09-18 10:04:10;;650
co158;2023-09-18 15:33:02;;750
co159;2023-09-19 10:00:46;;300
co160;2023-09-19 15:26:14;;1100
co161;2023-09-20 09:47:10;;1200
co162;2023-09-20 15:59:02;;600
co163;2023-09-21 10:52:46;;1150
co164;2023-09-21 17:10:14;;600
co165;2023-09-22 12:21:34;;1200
co166;2023-09-25 08:29:09;;300
co167;2023-09-25 14:38:25;;1450
co168;2023-09-26 08:44:39;;650
co169;2023-09-26 15:01:40;;1100
co170;2023-09-27 08:54:24;;1250
co171;2023-09-27 15:16:18;;750
co172;2023-09-28 09:27:18;;1150
co173;2023-09-28 15:19:18;;1250
co174;2023-09-29 09:52:09;;650
co175;2023-09-29 18:28:09;;850
co176;2023-10-02 13:18:33;;500
co177;2023-10-02 19:01:48;;800
co178;2023-10-03 12:57:24;;1350
co179;2023-10-03 19:19:30;;850
co180;2023-10-04 13:23:57;;850
co181;2023-10-04 19:12:36;;650
co182;2023-10-05 13:13:36;;950
co183;2023-10-05 18:51:54;;1300
co184;2023-10-06 15:28:28;;700
co185;2023-10-09 11:13:05;;1200
co186;2023-10-09 16:50:52;;850
co187;2023-10-10 11:36:26;;900
co188;2023-10-10 17:37:34;;1100
co189;2023-10-11 12:09:50;;1500
co190;2023-10-11 17:44:22;;1200
co191;2023-10-12 12:23:26;;1350
co192;2023-10-12 18:11:34;;1500
co193;2023-10-13 13:50:31;;1350
co194;2023-10-16 10:26:35;;300
co195;2023-10-16 16:17:52;;1100
co196;2023-10-17 10:30:26;;1100
co197;2023-10-17 16:25:34;;650
co198;2023-10-18 10:45:50;;1100
co199;2023-10-18 16:56:22;;600
co200;2023-10-19 11:47:26;;300
co201;2023-10-19 17:59:34;;600
co202;2023-10-20 14:21:22;;1400
co203;2023-10-23 10:19:01;;1250
co204;2023-10-23 16:02:44;;750
co205;2023-10-24 10:00:10;;300
co206;2023-10-24 15:25:02;;650
co207;2023-10-25 09:44:46;;1000
co208;2023-10-25 15:54:14;;800
co209;2023-10-26 10:43:10;;1450
co210;2023-10-26 16:51:02;;800
co211;2023-10-27 12:34:56;;500
co212;2023-10-30 09:01:14;;750
co213;2023-10-30 14:27:10;;1350
co214;2023-10-30 21:10:54;;500
co215;2023-10-31 14:05:36;;700
co216;2023-10-31 20:06:12;;800
co217;2023-11-01 13:34:00;;300
co218;2023-11-01 19:32:42;;1050
co219;2023-11-02 13:43:45;;400
co220;2023-11-02 20:00:39;;800
co221;2023-11-03 15:32:07;;750
co222;2023-11-06 11:19:18;;950
co223;2023-11-06 17:03:18;;1400
co224;2023-11-07 11:01:18;;450
co225;2023-11-07 16:27:18;;1200
co226;2023-11-08 10:49:18;;1100
co227;2023-11-08 17:03:18;;550
co228;2023-11-09 11:01:18;;800
co229;2023-11-09 16:27:18;;350
co230;2023-11-10 11:37:18;;950
co231;2023-11-10 20:19:36;;400
co232;2023-11-13 14:00:09;;1050
co233;2023-11-13 19:49:51;;950
co234;2023-11-14 14:09:28;;1400
co235;2023-11-14 20:17:48;;1300
co236;2023-11-15 13:51:24;;600
co237;2023-11-15 20:23:36;;750
co238;2023-11-16 14:00:06;;800
co239;2023-11-16 19:49:42;;1300
co240;2023-11-17 16:13:20;;1100
co241;2023-11-20 11:29:22;;1150
co242;2023-11-20 17:23:26;;600
co243;2023-11-21 11:41:34;;750
co244;2023-11-21 17:47:50;;950
co245;2023-11-22 12:30:22;;1000
co246;2023-11-22 18:25:26;;300
co247;2023-11-23 12:45:34;;750
co248;2023-11-23 18:55:50;;1300
co249;2023-11-24 15:38:01;;1250
co250;2023-11-27 11:29:20;;900
co251;2023-11-27 17:23:22;;1050
co252;2023-11-28 11:41:26;;1400
co253;2023-11-28 17:47:34;;1200
co254;2023-11-29 12:29:50;;750
co255;2023-11-29 18:24:22;;1250
co256;2023-11-30 12:43:26;;1350
co257;2023-11-30 18:51:34;;1200
co258;2023-12-01 15:27:39;;400
co259;2023-12-04 11:11:42;;1350
co260;2023-12-04 16:48:06;;1450
co261;2023-12-05 11:30:54;;600
co262;2023-12-05 17:26:30;;1300
co263;2023-12-06 11:47:42;;1450
co264;2023-12-06 18:00:06;;1150
co265;2023-12-07 11:54:54;;900
co266;2023-12-07 18:14:30;;750
co267;2023-12-08 13:57:38;;1350
co268;2023-12-11 10:38:40;;1050
co269;2023-12-11 16:42:02;;1050
co270;2023-12-12 11:18:46;;1350
co271;2023-12-12 17:02:14;;1300
co272;2023-12-13 10:59:10;;500
co273;2023-12-13 17:23:02;;1300
co274;2023-12-14 11:40:46;;350
co275;2023-12-14 17:46:14;;1300
co276;2023-12-15 13:48:59;;350
co277;2023-12-18 10:23:58;;350
co278;2023-12-18 16:12:38;;900
co279;2023-12-19 10:19:58;;1200
co280;2023-12-19 16:04:38;;1150
co281;2023-12-20 10:03:58;;1350
co282;2023-12-20 15:32:38;;1000
co283;2023-12-21 09:59:58;;1250
co284;2023-12-21 16:24:38;;450
co285;2023-12-22 11:30:49;;850
co286;2023-12-22 20:00:09;;400
co287;2023-12-25 13:33:54;;550
co288;2023-12-25 19:32:30;;1400
co289;2023-12-26 13:43:27;;300
co290;2023-12-26 19:59:45;;1300
co291;2023-12-27 14:24:19;;1200
co292;2023-12-27 21:02:21;;700
co293;2023-12-28 13:57:03;;500
co294;2023-12-28 20:40:33;;1000
co295;2023-12-29 16:40:31;;1150
co296;2024-01-01 12:15:35;;850
co297;2024-01-01 17:55:52;;400
co298;2024-01-02 12:46:26;;1400
co299;2024-01-02 18:57:34;;750
co300;2024-01-03 13:49:50;;1050
co301;2024-01-03 20:18:54;;350
co302;2024-01-04 13:53:03;;1250
co303;2024-01-04 20:28:33;;1050
co304;2024-01-05 16:19:56;;800
co305;2024-01-08 11:40:35;;1100
co306;2024-01-08 17:45:52;;700
co307;2024-01-09 12:26:26;;1400
co308;2024-01-09 18:17:34;;750
co309;2024-01-10 12:29:50;;600
co310;2024-01-10 18:24:22;;1100
co311;2024-01-11 12:43:26;;1000
co312;2024-01-11 18:51:34;;800
co313;2024-01-12 15:27:39;;950
co314;2024-01-15 11:11:42;;1100
co315;2024-01-15 16:48:06;;800
co316;2024-01-16 11:30:54;;1450
co317;2024-01-16 17:26:30;;1050
co318;2024-01-17 11:47:42;;300
co319;2024-01-17 18:00:06;;1200
co320;2024-01-18 11:54:54;;1500
co321;2024-01-18 18:14:30;;800
co322;2024-01-19 13:57:38;;1200
co323;2024-01-22 10:38:40;;400
co324;2024-01-22 16:42:02;;800
co325;2024-01-23 11:18:46;;550
co326;2024-01-23 17:02:14;;900
co327;2024-01-24 10:59:10;;650
co328;2024-01-24 17:23:02;;800
co329;2024-01-25 11:40:46;;1050
co330;2024-01-25 17:46:14;;450
co331;2024-01-26 13:48:59;;1000
co332;2024-01-29 10:23:58;;650
co333;2024-01-29 16:12:38;;1000
co334;2024-01-30 10:19:58;;650
co335;2024-01-30 16:04:38;;1050
co336;2024-01-31 10:03:58;;1100
co337;2024-01-31 15:32:38;;650
co338;2024-02-01 09:59:58;;400
co339;2024-02-01 16:24:38;;350
co340;2024-02-02 11:30:49;;400
co341;2024-02-02 20:00:09;;1000
co342;2024-02-05 13:33:54;;550
co343;2024-02-05 19:32:30;;1400
co344;2024-02-06 13:43:27;;1350
co345;2024-02-06 19:59:45;;500
co346;2024-02-07 14:24:19;;1400
co347;2024-02-07 21:02:21;;1300
co348;2024-02-08 13:57:03;;350
co349;2024-02-08 20:40:33;;400
co350;2024-02-09 16:40:31;;900
co351;2024-02-12 12:15:35;;1450
co352;2024-02-12 17:55:52;;900
co353;2024-02-13 12:46:26;;1050
co354;2024-02-13 18:57:34;;1050
co355;2024-02-14 13:49:50;;950
co356;2024-02-14 20:18:54;;1250
co357;2024-02-15 13:53:03;;1500
co358;2024-02-15 20:28:33;;1250
co359;2024-02-16 16:19:56;;1050
co360;2024-02-19 11:40:35;;900
co361;2024-02-19 17:45:52;;1450
co362;2024-02-20 12:26:26;;1200
co363;2024-02-20 18:17:34;;700
co364;2024-02-21 12:29:50;;750
co365;2024-02-21 18:24:22;;1450
co366;2024-02-22 12:43:26;;700
co367;2024-02-22 18:51:34;;1400
co368;2024-02-23 15:27:39;;1100
co369;2024-02-26 11:11:42;;1450
co370;2024-02-26 16:48:06;;800
co371;2024-02-27 11:30:54;;1250
co372;2024-02-27 17:26:30;;650
co373;2024-02-28 11:47:42;;500
co374;2024-02-28 18:00:06;;400
co375;2024-02-29 11:54:54;;450
co376;2024-02-29 18:14:30;;500
co377;2024-03-01 13:57:38;;1200
co378;2024-03-04 10:38:40;;800
co379;2024-03-04 16:42:02;;1050
co380;2024-03-05 11:18:46;;950
co381;2024-03-05 17:02:14;;500
co382;2024-03-06 10:59:10;;1450
co383;2024-03-06 17:23:02;;850
co384;2024-03-07 11:40:46;;1450
co385;2024-03-07 17:46:14;;650
co386;2024-03-08 13:48:59;;1000
co387;2024-03-11 10:23:58;;1250
co388;2024-03-11 16:12:38;;1050
co389;2024-03-12 10:19:58;;650
co390;2024-03-12 16:04:38;;550
co391;2024-03-13 10:03:58;;1350
co392;2024-03-13 15:32:38;;850
co393;2024-03-14 09:59:58;;1150
co394;2024-03-14 16:24:38;;300
co395;2024-03-15 11:30:49;;950
co396;2024-03-15 20:00:09;;600
co397;2024-03-18 13:33:54;;1100
co398;2024-03-18 19:32:30;;350
co399;2024-03-19 13:43:27;;1250
co400;2024-03-19 19:59:45;;900
co401;2024-03-20 14:24:19;;550
co402;2024-03-20 21:02:21;;300
co403;2024-03-21 13:57:03;;600
co404;2024-03-21 20:40:33;;450
co405;2024-03-22 16:40:31;;850
co406;2024-03-25 12:15:35;;850
co407;2024-03-25 17:55:52;;1050
co408;2024-03-26 12:46:26;;850
co409;2024-03-26 18:57:34;;500
co410;2024-03-27 13:49:50;;850
co411;2024-03-27 20:18:54;;1400
co412;2024-03-28 13:53:03;;450
co413;2024-03-28 20:28:33;;1000
co414;2024-03-29 16:19:56;;800
co415;2024-04-01 11:40:35;;1250
co416;2024-04-01 17:45:52;;300
co417;2024-04-02 12:26:26;;1050
co418;2024-04-02 18:17:34;;850
co419;2024-04-03 12:29:50;;1500
co420;2024-04-03 18:24:22;;1350
co421;2024-04-04 12:43:26;;1300
co422;2024-04-04 18:51:34;;1200
co423;2024-04-05 15:27:39;;1000
co424;2024-04-08 11:11:42;;350
co425;2024-04-08 16:48:06;;1250
co426;2024-04-09 11:30:54;;1100
co427;2024-04-09 17:26:30;;550
co428;2024-04-10 11:47:42;;1300
co429;2024-04-10 18:00:06;;950
co430;2024-04-11 11:54:54;;1250
co431;2024-04-11 18:14:30;;1000
co432;2024-04-12 13:57:38;;400
co433;2024-04-15 10:38:40;;450
co434;2024-04-15 16:42:02;;300
co435;2024-04-16 11:18:46;;700
co436;2024-04-16 17:02:14;;1500
co437;2024-04-17 10:59:10;;350
co438;2024-04-17 17:23:02;;1200
co439;2024-04-18 11:40:46;;1000
co440;2024-04-18 17:46:14;;1450
co441;2024-04-19 13:48:59;;750
co442;2024-04-22 10:23:58;;300
co443;2024-04-22 16:12:38;;1300
co444;2024-04-23 10:19:58;;450
co445;2024-04-23 16:04:38;;1500
co446;2024-04-24 10:03:58;;750
co447;2024-04-24 15:32:38;;1300
co448;2024-04-25 09:59:58;;550
co449;2024-04-25 16:24:38;;900
co450;2024-04-26 11:30:49;;1250
co451;2024-04-26 20:00:09;;1000
co452;2024-04-29 13:33:54;;900
co453;2024-04-29 19:32:30;;1150
co454;2024-04-30 13:43:27;;1450
co455;2024-04-30 19:59:45;;800
co456;2024-05-01 14:24:19;;900
co457;2024-05-01 21:02:21;;950
co458;2024-05-02 13:57:03;;450
co459;2024-05-02 20:40:33;;1100
co460;2024-05-03 16:40:31;;850
co461;2024-05-06 12:15:35;;1450
co462;2024-05-06 17:55:52;;1300
co463;2024-05-07 12:46:26;;900
co464;2024-05-07 18:57:34;;400
co465;2024-05-08 13:49:50;;300
co466;2024-05-08 20:18:54;;1050
co467;2024-05-09 13:53:03;;800
co468;2024-05-09 20:28:33;;950
co469;2024-05-10 16:19:56;;1300
co470;2024-05-13 11:40:35;;1500
co471;2024-05-13 17:45:52;;850
co472;2024-05-14 12:26:26;;1350
co473;2024-05-14 18:17:34;;650
co474;2024-05-15 12:29:50;;900
co475;2024-05-15 18:24:22;;1250
co476;2024-05-16 12:43:26;;300
co477;2024-05-16 18:51:34;;1450
co478;2024-05-17 15:27:39;;450
co479;2024-05-20 11:11:42;;900
co480;2024-05-20 16:48:06;;300
co481;2024-05-21 11:30:54;;650
co482;2024-05-21 17:26:30;;1150
co483;2024-05-22 11:47:42;;800
co484;2024-05-22 18:00:06;;850
co485;2024-05-23 11:54:54;;1400
co486;2024-05-23 18:14:30;;1200
co487;2024-05-24 13:57:38;;1300
co488;2024-05-27 10:38:40;;300
co489;2024-05-27 16:42:02;;650
co490;2024-05-28 11:18:46;;450
co491;2024-05-28 17:02:14;;1450
co492;2024-05-29 10:59:10;;1500
co493;2024-05-29 17:23:02;;1500
co494;2024-05-30 11:40:46;;350
co495;2024-05-30 17:46:14;;1150
co496;2024-05-31 13:48:59;;1050
co497;2024-06-03 10:23:58;;450
co498;2024-06-03 16:12:38;;450
co499;2024-06-04 10:19:58;;800
co500;2024-06-04 16:04:38;;800
co501;2024-06-05 10:03:58;;500
co502;2024-06-05 15:32:38;;1100
co503;2024-06-06 09:59:58;;1350
co504;2024-06-06 16:24:38;;1000
co505;2024-06-07 11:30:49;;600
co506;2024-06-07 20:00:09;;1500
co507;2024-06-10 13:33:54;;500
co508;2024-06-10 19:32:30;;1450
co509;2024-06-11 13:43:27;;1000
co510;2024-06-11 19:59:45;;550
co511;2024-06-12 14:24:19;;1150
co512;2024-06-12 21:02:21;;550
co513;2024-06-13 13:57:03;;1050
co514;2024-06-13 20:40:33;;1500
co515;2024-06-14 16:40:31;;700
co516;2024-06-17 12:15:35;;1100
co517;2024-06-17 17:55:52;;1500
co518;2024-06-18 12:46:26;;800
co519;2024-06-18 18:57:34;;1400
co520;2024-06-19 13:49:50;;1250
co521;2024-06-19 20:18:54;;750
co522;2024-06-20 13:53:03;;350
co523;2024-06-20 20:28:33;;400
co524;2024-06-21 16:19:56;;750
co525;2024-06-24 11:40:35;;850
co526;2024-06-24 17:45:52;;1100
co527;2024-06-25 12:26:26;;1150
co528;2024-06-25 18:17:34;;850
co529;2024-06-26 12:29:50;;450
co530;2024-06-26 18:24:22;;350
co531;2024-06-27 12:43:26;;600
co532;2024-06-27 18:51:34;;650
co533;2024-06-28 15:27:39;;1450
co534;2024-07-01 11:11:42;;550
co535;2024-07-01 16:48:06;;300
co536;2024-07-02 11:30:54;;1450
co537;2024-07-02 17:26:30;;1350
co538;2024-07-03 11:47:42;;550
co539;2024-07-03 18:00:06;;1300
co540;2024-07-04 11:54:54;;900
co541;2024-07-04 18:14:30;;1450
co542;2024-07-05 13:57:38;;300
co543;2024-07-08 10:38:40;;1200
co544;2024-07-08 16:42:02;;1350
co545;2024-07-09 11:18:46;;800
co546;2024-07-09 17:02:14;;1350
co547;2024-07-10 10:59:10;;700
co548;2024-07-10 17:23:02;;750
co549;2024-07-11 11:40:46;;1500
co550;2024-07-11 17:46:14;;1400
co551;2024-07-12 13:48:59;;600
co552;2024-07-15 10:23:58;;900
co553;2024-07-15 16:12:38;;800
co554;2024-07-16 10:19:58;;1050
co555;2024-07-16 16:04:38;;600
co556;2024-07-17 10:03:58;;1450
co557;2024-07-17 15:32:38;;400
co558;2024-07-18 09:59:58;;600
co559;2024-07-18 16:24:38;;700
co560;2024-07-19 11:30:49;;1150
co561;2024-07-19 20:00:09;;1350
co562;2024-07-22 13:33:54;;700
co563;2024-07-22 19:32:30;;1100
co564;2024-07-23 13:43:27;;1000
co565;2024-07-23 19:59:45;;1450
co566;2024-07-24 14:24:19;;1450
co567;2024-07-24 21:02:21;;900
co568;2024-07-25 13:57:03;;1400
co569;2024-07-25 20:40:33;;1200
co570;2024-07-26 16:40:31;;950
co571;2024-07-29 12:15:35;;400
co572;2024-07-29 17:55:52;;350
co573;2024-07-30 12:46:26;;900
co574;2024-07-30 18:57:34;;950
co575;2024-07-31 13:49:50;;850
co576;2024-07-31 20:18:54;;550
co577;2024-08-01 13:53:03;;1100
co578;2024-08-01 20:28:33;;1500
co579;2024-08-02 16:19:56;;1450
co580;2024-08-05 11:40:35;;850
co581;2024-08-05 17:45:52;;900
co582;2024-08-06 12:26:26;;450
co583;2024-08-06 18:17:34;;400
co584;2024-08-07 12:29:50;;1300
co585;2024-08-07 18:24:22;;1200
co586;2024-08-08 12:43:26;;1350
co587;2024-08-08 18:51:34;;550
co588;2024-08-09 15:27:39;;1200
co589;2024-08-12 11:11:42;;900
co590;2024-08-12 16:48:06;;950
co591;2024-08-13 11:30:54;;1250
co592;2024-08-13 17:26:30;;500
co593;2024-08-14 11:47:42;;500
co594;2024-08-14 18:00:06;;650
co595;2024-08-15 11:54:54;;1050
co596;2024-08-15 18:14:30;;950
co597;2024-08-16 13:57:38;;1400
co598;2024-08-19 10:38:40;;850
co599;2024-08-19 16:42:02;;950
co600;2024-08-20 11:18:46;;1150
co601;2024-08-20 17:02:14;;1300
co602;2024-08-21 10:59:10;;1250
co603;2024-08-21 17:23:02;;850
co604;2024-08-22 11:40:46;;650
co605;2024-08-22 17:46:14;;1150
co606;2024-08-23 13:48:59;;1250
co607;2024-08-26 10:23:58;;750
co608;2024-08-26 16:12:38;;1000
co609;2024-08-27 10:19:58;;1100
co610;2024-08-27 16:04:38;;700
co611;2024-08-28 10:03:58;;350
co612;2024-08-28 15:32:38;;300
co613;2024-08-29 09:59:58;;1300
co614;2024-08-29 16:24:38;;850
co615;2024-08-30 11:30:49;;1350
co616;2024-08-30 20:00:09;;400
co617;2024-09-02 13:33:54;;1300
co618;2024-09-02 19:32:30;;900
co619;2024-09-03 13:43:27;;300
co620;2024-09-03 19:59:45;;1300
co621;2024-09-04 14:24:19;;1400
co622;2024-09-04 21:02:21;;1350
co623;2024-09-05 13:57:03;;550
co624;2024-09-05 20:40:33;;650
co625;2024-09-06 16:40:31;;1100
co626;2024-09-09 12:15:35;;1300
co627;2024-09-09 17:55:52;;1250
co628;2024-09-10 12:46:26;;1100
co629;2024-09-10 18:57:34;;800
co630;2024-09-11 13:49:50;;1050
co631;2024-09-11 20:18:54;;1000
co632;2024-09-12 13:53:03;;1000
co633;2024-09-12 20:28:33;;750
co634;2024-09-13 16:19:56;;1350
co635;2024-09-16 11:40:35;;400
co636;2024-09-16 17:45:52;;1400
co637;2024-09-17 12:26:26;;750
co638;2024-09-17 18:17:34;;1250
co639;2024-09-18 12:29:50;;350
co640;2024-09-18 18:24:22;;1250
co641;2024-09-19 12:43:26;;1500
co642;2024-09-19 18:51:34;;1150
co643;2024-09-20 15:27:39;;1350
co644;2024-09-23 11:11:42;;1200
co645;2024-09-23 16:48:06;;700
co646;2024-09-24 11:30:54;;1500
co647;2024-09-24 17:26:30;;1050
co648;2024-09-25 11:47:42;;1250
co649;2024-09-25 18:00:06;;900
co650;2024-09-26 11:54:54;;1150
co651;2024-09-26 18:14:30;;850
co652;2024-09-27 13:57:38;;1050
co653;2024-09-30 10:38:40;;400
co654;2024-09-30 16:42:02;;850
co655;2024-10-01 11:18:46;;550
co656;2024-10-01 17:02:14;;500
co657;2024-10-02 10:59:10;;1000
co658;2024-10-02 17:23:02;;1050
co659;2024-10-03 11:40:46;;1350
co660;2024-10-03 17:46:14;;950
co661;2024-10-04 13:48:59;;1400
co662;2024-10-07 10:23:58;;750
co663;2024-10-07 16:12:38;;600
co664;2024-10-08 10:19:58;;1150
co665;2024-10-08 16:04:38;;1050
co666;2024-10-09 10:03:58;;1400
co667;2024-10-09 15:32:38;;600
co668;2024-10-10 09:59:58;;1450
co669;2024-10-10 16:24:38;;1450
co670;2024-10-11 11:30:49;;900
co671;2024-10-11 20:00:09;;1450
co672;2024-10-14 13:33:54;;350
co673;2024-10-14 19:32:30;;850
co674;2024-10-15 13:43:27;;700
co675;2024-10-15 19:59:45;;1350
co676;2024-10-16 14:24:19;;550
co677;2024-10-16 21:02:21;;800
co678;2024-10-17 13:57:03;;1300
co679;2024-10-17 20:40:33;;800
co680;2024-10-18 16:40:31;;450
co681;2024-10-21 12:15:35;;1350
co682;2024-10-21 17:55:52;;800
co683;2024-10-22 12:46:26;;1000
co684;2024-10-22 18:57:34;;700
co685;2024-10-23 13:49:50;;1200
co686;2024-10-23 20:18:54;;1500
co687;2024-10-24 13:53:03;;1250
co688;2024-10-24 20:28:33;;450
co689;2024-10-25 16:19:56;;1300
co690;2024-10-28 11:40:35;;1250
co691;2024-10-28 17:45:52;;1050
co692;2024-10-29 12:26:26;;450
co693;2024-10-29 18:17:34;;1250
co694;2024-10-30 12:29:50;;750
co695;2024-10-30 18:24:22;;650
co696;2024-10-31 12:43:26;;1350
co697;2024-10-31 18:51:34;;1000
co698;2024-11-01 15:27:39;;1200
co699;2024-11-04 11:11:42;;700
co700;2024-11-04 16:48:06;;750
co701;2024-11-05 11:30:54;;950
co702;2024-11-05 17:26:30;;950
co703;2024-11-06 11:47:42;;1400
co704;2024-11-06 18:00:06;;1200
co705;2024-11-07 11:54:54;;450
co706;2024-11-07 18:14:30;;850
co707;2024-11-08 13:57:38;;500
co708;2024-11-11 10:38:40;;1150
co709;2024-11-11 16:42:02;;1450
co710;2024-11-12 11:18:46;;1150
co711;2024-11-12 17:02:14;;1100
co712;2024-11-13 10:59:10;;350
co713;2024-11-13 17:23:02;;850
co714;2024-11-14 11:40:46;;550
co715;2024-11-14 17:46:14;;800
co716;2024-11-15 13:48:59;;300
co717;2024-11-18 10:23:58;;950
co718;2024-11-18 16:12:38;;500
co719;2024-11-19 10:19:58;;1000
co720;2024-11-19 16:04:38;;450
co721;2024-11-20 10:03:58;;450
co722;2024-11-20 15:32:38;;600
co723;2024-11-21 09:59:58;;1100
co724;2024-11-21 16:24:38;;800
co725;2024-11-22 11:30:49;;650
co726;2024-11-22 20:00:09;;650
co727;2024-11-25 13:33:54;;350
co728;2024-11-25 19:32:30;;750
co729;2024-11-26 13:43:27;;500
co730;2024-11-26 19:59:45;;850
co731;2024-11-27 14:24:19;;900
co732;2024-11-27 21:02:21;;650
co733;2024-11-28 13:57:03;;1350
co734;2024-11-28 20:40:33;;500
co735;2024-11-29 16:40:31;;950
co736;2024-12-02 12:15:35;;750
co737;2024-12-02 17:55:52;;1100
co738;2024-12-03 12:46:26;;650
co739;2024-12-03 18:57:34;;1450
co740;2024-12-04 13:49:50;;950
co741;2024-12-04 20:18:54;;1300
co742;2024-12-05 13:53:03;;1350
co743;2024-12-05 20:28:33;;1300
co744;2024-12-06 16:19:56;;1200
co745;2024-12-09 11:40:35;;1150
co746;2024-12-09 17:45:52;;950
co747;2024-12-10 12:26:26;;800
co748;2024-12-10 18:17:34;;1100
co749;2024-12-11 12:29:50;;1150
co750;2024-12-11 18:24:22;;750
co751;2024-12-12 12:43:26;;600
co752;2024-12-12 18:51:34;;1300
co753;2024-12-13 15:27:39;;650
co754;2024-12-16 11:11:42;;1500
co755;2024-12-16 16:48:06;;650
co756;2024-12-17 11:30:54;;450
co757;2024-12-17 17:26:30;;750
co758;2024-12-18 11:47:42;;350
co759;2024-12-18 18:00:06;;950
co760;2024-12-19 11:54:54;;1500
co761;2024-12-19 18:14:30;;1300
co762;2024-12-20 13:57:38;;1200
co763;2024-12-23 10:38:40;;500
co764;2024-12-23 16:42:02;;400
co765;2024-12-24 11:18:46;;350
co766;2024-12-24 17:02:14;;1250
co767;2024-12-25 10:59:10;;500
co768;2024-12-25 17:23:02;;1000
co769;2024-12-26 11:40:46;;1400
co770;2024-12-26 17:46:14;;600
co771;2024-12-27 13:48:59;;900
co772;2024-12-30 10:23:58;;1050
co773;2024-12-30 16:12:38;;1200
co774;2024-12-31 10:19:58;;700
co775;2024-12-31 16:04:38;;600
co776;2025-01-01 10:03:58;;900
co777;2025-01-01 15:32:38;;700
co778;2025-01-02 09:59:58;;1400
co779;2025-01-02 16:24:38;;1000
co780;2025-01-03 11:30:49;;1000
co781;2025-01-03 20:00:09;;750
co782;2025-01-06 13:33:54;;1100
co783;2025-01-06 19:32:30;;400
co784;2025-01-07 13:43:27;;300
co785;2025-01-07 19:59:45;;350
co786;2025-01-08 14:24:19;;1100
co787;2025-01-08 21:02:21;;500
co788;2025-01-09 13:57:03;;650
co789;2025-01-09 20:40:33;;1300
co790;2025-01-10 16:40:31;;1500
co791;2025-01-13 12:15:35;;1150
co792;2025-01-13 17:55:52;;750
co793;2025-01-14 12:46:26;;1150
co794;2025-01-14 18:57:34;;1100
co795;2025-01-15 13:49:50;;1300
co796;2025-01-15 20:18:54;;1000
co797;2025-01-16 13:53:03;;1500
co798;2025-01-16 20:28:33;;550
co799;2025-01-17 16:19:56;;1050
co800;2025-01-20 11:40:35;;1300
co801;2025-01-20 17:45:52;;650
co802;2025-01-21 12:26:26;;700
co803;2025-01-21 18:17:34;;1050
co804;2025-01-22 12:29:50;;650
co805;2025-01-22 18:24:22;;950
co806;2025-01-23 12:43:26;;1300
co807;2025-01-23 18:51:34;;600
co808;2025-01-24 15:27:39;;1250
co809;2025-01-27 11:11:42;;950
co810;2025-01-27 16:48:06;;400
co811;2025-01-28 11:30:54;;1400
co812;2025-01-28 17:26:30;;900
co813;2025-01-29 11:47:42;;500
co814;2025-01-29 18:00:06;;1400
co815;2025-01-30 11:54:54;;950
co816;2025-01-30 18:14:30;;1050
co817;2025-01-31 13:57:38;;600
co818;2025-02-03 10:38:40;;550
co819;2025-02-03 16:42:02;;600
co820;2025-02-04 11:18:46;;1300
co821;2025-02-04 17:02:14;;650
co822;2025-02-05 10:59:10;;800
co823;2025-02-05 17:23:02;;1500
co824;2025-02-06 11:40:46;;1450
co825;2025-02-06 17:46:14;;1300
co826;2025-02-07 13:48:59;;1100
co827;2025-02-10 10:23:58;;1150
co828;2025-02-10 16:12:38;;800
co829;2025-02-11 10:19:58;;400
co830;2025-02-11 16:04:38;;950
co831;2025-02-12 10:03:58;;800
co832;2025-02-12 15:32:38;;450
co833;2025-02-13 09:59:58;;950
co834;2025-02-13 16:24:38;;550
co835;2025-02-14 11:30:49;;1000
co836;2025-02-14 20:00:09;;1250
co837;2025-02-17 13:33:54;;600
co838;2025-02-17 19:32:30;;700
co839;2025-02-18 13:43:27;;550
co840;2025-02-18 19:59:45;;1450
co841;2025-02-19 14:24:19;;350
co842;2025-02-19 21:02:21;;500
co843;2025-02-20 13:57:03;;1350
co844;2025-02-20 20:40:33;;800
co845;2025-02-21 16:40:31;;1050
co846;2025-02-24 12:15:35;;850
co847;2025-02-24 17:55:52;;750
co848;2025-02-25 12:46:26;;1450
co849;2025-02-25 18:57:34;;1450
co850;2025-02-26 13:49:50;;1400
co851;2025-02-26 20:18:54;;1150
co852;2025-02-27 13:53:03;;650
co853;2025-02-27 20:28:33;;1100
co854;2025-02-28 16:19:56;;1200
co855;2025-03-03 11:40:35;;1100
co856;2025-03-03 17:45:52;;900
co857;2025-03-04 12:26:26;;950
co858;2025-03-04 18:17:34;;500
co859;2025-03-05 12:29:50;;1000
co860;2025-03-05 18:24:22;;1500
co861;2025-03-06 12:43:26;;450
co862;2025-03-06 18:51:34;;1200
co863;2025-03-07 15:27:39;;1350
co864;2025-03-10 11:11:42;;950
co865;2025-03-10 16:48:06;;1300
co866;2025-03-11 11:30:54;;1200
co867;2025-03-11 17:26:30;;1000
co868;2025-03-12 11:47:42;;1350
co869;2025-03-12 18:00:06;;400
co870;2025-03-13 11:54:54;;1150
co871;2025-03-13 18:14:30;;350
co872;2025-03-14 13:57:38;;600
co873;2025-03-17 10:38:40;;750
co874;2025-03-17 16:42:02;;750
co875;2025-03-18 11:18:46;;1050
co876;2025-03-18 17:02:14;;500
co877;2025-03-19 10:59:10;;1050
co878;2025-03-19 17:23:02;;450
co879;2025-03-20 11:40:46;;1250
co880;2025-03-20 17:46:14;;1300
co881;2025-03-21 13:48:59;;1500
co882;2025-03-24 10:23:58;;1200
co883;2025-03-24 16:12:38;;500
co884;2025-03-25 10:19:58;;1400
co885;2025-03-25 16:04:38;;1250
co886;2025-03-26 10:03:58;;800
co887;2025-03-26 15:32:38;;1400
co888;2025-03-27 09:59:58;;1200
co889;2025-03-27 16:24:38;;900
co890;2025-03-28 11:30:49;;1000
co891;2025-03-28 20:00:09;;1100
co892;2025-03-31 13:33:54;;950
co893;2025-03-31 19:32:30;;850
co894;2025-04-01 13:43:27;;1150
co895;2025-04-01 19:59:45;;700
co896;2025-04-02 14:24:19;;1200
co897;2025-04-02 21:02:21;;350
co898;2025-04-03 13:57:03;;1000
co899;2025-04-03 20:40:33;;850
co900;2025-04-04 16:40:31;;300
co901;2025-04-07 12:15:35;;1450
co902;2025-04-07 17:55:52;;1000
co903;2025-04-08 12:46:26;;700
co904;2025-04-08 18:57:34;;400
co905;2025-04-09 13:49:50;;1000
co906;2025-04-09 20:18:54;;1250
co907;2025-04-10 13:53:03;;1450
co908;2025-04-10 20:28:33;;550
co909;2025-04-11 16:19:56;;950
co910;2025-04-14 11:40:35;;1300
co911;2025-04-14 17:45:52;;900
co912;2025-04-15 12:26:26;;300
co913;2025-04-15 18:17:34;;450
co914;2025-04-16 12:29:50;;300
co915;2025-04-16 18:24:22;;600
co916;2025-04-17 12:43:26;;600
co917;2025-04-17 18:51:34;;1200
co918;2025-04-18 15:27:39;;300
co919;2025-04-21 11:11:42;;400
co920;2025-04-21 16:48:06;;1150
co921;2025-04-22 11:30:54;;700
co922;2025-04-22 17:26:30;;1200
co923;2025-04-23 11:47:42;;1050
co924;2025-04-23 18:00:06;;1050
co925;2025-04-24 11:54:54;;1150
co926;2025-04-24 18:14:30;;1200
co927;2025-04-25 13:57:38;;350
co928;2025-04-28 10:38:40;;1150
co929;2025-04-28 16:42:02;;800
co930;2025-04-29 11:18:46;;950
co931;2025-04-29 17:02:14;;1500
co932;2025-04-30 10:59:10;;1450
co933;2025-04-30 17:23:02;;1450
co934;2025-05-01 11:40:46;;700
co935;2025-05-01 17:46:14;;550
co936;2025-05-02 13:48:59;;400
co937;2025-05-05 10:23:58;;1100
co938;2025-05-05 16:12:38;;1400
co939;2025-05-06 10:19:58;;800
co940;2025-05-06 16:04:38;;800
co941;2025-05-07 10:03:58;;1250
co942;2025-05-07 15:32:38;;1250
co943;2025-05-08 09:59:58;;400
co944;2025-05-08 16:24:38;;300
co945;2025-05-09 11:30:49;;650
co946;2025-05-09 20:00:09;;1500
co947;2025-05-12 13:33:54;;1150
co948;2025-05-12 19:32:30;;600
co949;2025-05-13 13:43:27;;1000
co950;2025-05-13 19:59:45;;1250
co951;2025-05-14 14:24:19;;650
co952;2025-05-14 21:02:21;;600
co953;2025-05-15 13:57:03;;750
co954;2025-05-15 20:40:33;;1000
co955;2025-05-16 16:40:31;;1200
co956;2025-05-19 12:15:35;;750
co957;2025-05-19 17:55:52;;600
co958;2025-05-20 12:46:26;;1300
co959;2025-05-20 18:57:34;;450
co960;2025-05-21 13:49:50;;1400
co961;2025-05-21 20:18:54;;400
co962;2025-05-22 13:53:03;;400
co963;2025-05-22 20:28:33;;700
co964;2025-05-23 16:19:56;;650
co965;2025-05-26 11:40:35;;350
co966;2025-05-26 17:45:52;;1050
co967;2025-05-27 12:26:26;;1150
co968;2025-05-27 18:17:34;;1300
co969;2025-05-28 12:29:50;;1350
co970;2025-05-28 18:24:22;;850
co971;2025-05-29 12:43:26;;1100
co972;2025-05-29 18:51:34;;950
co973;2025-05-30 15:27:39;;1100
co974;2025-06-02 11:11:42;;300
co975;2025-06-02 16:48:06;;1200
co976;2025-06-03 11:30:54;;800
co977;2025-06-03 17:26:30;;850
co978;2025-06-04 11:47:42;;1350
co979;2025-06-04 18:00:06;;850
co980;2025-06-05 11:54:54;;350
co981;2025-06-05 18:14:30;;1500
co982;2025-06-06 13:57:38;;1300
co983;2025-06-09 10:38:40;;550
co984;2025-06-09 16:42:02;;1000
co985;2025-06-10 11:18:46;;500
co986;2025-06-10 17:02:14;;750
co987;2025-06-11 10:59:10;;1150
co988;2025-06-11 17:23:02;;1400
co989;2025-06-12 11:40:46;;1250
co990;2025-06-12 17:46:14;;1150
co991;2025-06-13 13:48:59;;1500
co992;2025-06-16 10:23:58;;450
co993;2025-06-16 16:12:38;;550
co994;2025-06-17 10:19:58;;650
co995;2025-06-17 16:04:38;;700
co996;2025-06-18 10:03:58;;300
co997;2025-06-18 15:32:38;;450
co998;2025-06-19 09:59:58;;600
co999;2025-06-19 16:24:38;;1350
co1000;2025-06-20 11:30:49;;1300
co1001;2025-06-20 20:00:09;;350
co1002;2025-06-23 13:33:54;;750
co1003;2025-06-23 19:32:30;;1250
co1004;2025-06-24 13:43:27;;700
co1005;2025-06-24 19:59:45;;1250
co1006;2025-06-25 14:24:19;;850
co1007;2025-06-25 21:02:21;;1500
co1008;2025-06-26 13:57:03;;750
co1009;2025-06-26 20:40:33;;450
co1010;2025-06-27 16:40:31;;1300
co1011;2025-06-30 12:15:35;;1450
co1012;2025-06-30 17:55:52;;550
co1013;2025-07-01 12:46:26;;1150
co1014;2025-07-01 18:57:34;;1000
co1015;2025-07-02 13:49:50;;1450
co1016;2025-07-02 20:18:54;;1350
co1017;2025-07-03 13:53:03;;1450
co1018;2025-07-03 20:28:33;;900
co1019;2025-07-04 16:19:56;;1100
co1020;2025-07-07 11:40:35;;950
co1021;2025-07-07 17:45:52;;1450
co1022;2025-07-08 12:26:26;;850
co1023;2025-07-08 18:17:34;;950
co1024;2025-07-09 12:29:50;;750
co1025;2025-07-09 18:24:22;;1250
co1026;2025-07-10 12:43:26;;550
co1027;2025-07-10 18:51:34;;1050
co1028;2025-07-11 15:27:39;;1100
co1029;2025-07-14 11:11:42;;950
co1030;2025-07-14 16:48:06;;700
co1031;2025-07-15 11:30:54;;850
co1032;2025-07-15 17:26:30;;950
co1033;2025-07-16 11:47:42;;700
co1034;2025-07-16 18:00:06;;950
co1035;2025-07-17 11:54:54;;1300
co1036;2025-07-17 18:14:30;;600
co1037;2025-07-18 13:57:38;;450
co1038;2025-07-21 10:38:40;;650
co1039;2025-07-21 16:42:02;;700
co1040;2025-07-22 11:18:46;;1400
co1041;2025-07-22 17:02:14;;550
co1042;2025-07-23 10:59:10;;950
co1043;2025-07-23 17:23:02;;1050
co1044;2025-07-24 11:40:46;;1500
co1045;2025-07-24 17:46:14;;1300
co1046;2025-07-25 13:48:59;;850
co1047;2025-07-28 10:23:58;;400
co1048;2025-07-28 16:12:38;;750
co1049;2025-07-29 10:19:58;;1100
co1050;2025-07-29 16:04:38;;400
co1051;2025-07-30 10:03:58;;1250
co1052;2025-07-30 15:32:38;;650
co1053;2025-07-31 09:59:58;;1500
co1054;2025-07-31 16:24:38;;1350
co1055;2025-08-01 11:30:49;;700
co1056;2025-08-01 20:00:09;;1150
co1057;2025-08-04 13:33:54;;650
co1058;2025-08-04 19:32:30;;1500
co1059;2025-08-05 13:43:27;;1300
co1060;2025-08-05 19:59:45;;1000
co1061;2025-08-06 14:24:19;;650
co1062;2025-08-06 21:02:21;;1150
co1063;2025-08-07 13:57:03;;500
co1064;2025-08-07 20:40:33;;800
co1065;2025-08-08 16:40:31;;800
co1066;2025-08-11 12:15:35;;450
co1067;2025-08-11 17:55:52;;1100
co1068;2025-08-12 12:46:26;;1350
co1069;2025-08-12 18:57:34;;1400
co1070;2025-08-13 13:49:50;;300
co1071;2025-08-13 20:18:54;;1150
co1072;2025-08-14 13:53:03;;750
co1073;2025-08-14 20:28:33;;1100
co1074;2025-08-15 16:19:56;;750
co1075;2025-08-18 11:40:35;;650
co1076;2025-08-18 17:45:52;;700
co1077;2025-08-19 12:26:26;;800
co1078;2025-08-19 18:17:34;;1400
co1079;2025-08-20 12:29:50;;1050
co1080;2025-08-20 18:24:22;;1200
co1081;2025-08-21 12:43:26;;550
co1082;2025-08-21 18:51:34;;900
co1083;2025-08-22 15:27:39;;700
co1084;2025-08-25 11:11:42;;1300
co1085;2025-08-25 16:48:06;;550
co1086;2025-08-26 11:30:54;;1300
co1087;2025-08-26 17:26:30;;1300
co1088;2025-08-27 11:47:42;;400
co1089;2025-08-27 18:00:06;;1000
co1090;2025-08-28 11:54:54;;1300
co1091;2025-08-28 18:14:30;;800
co1092;2025-08-29 13:57:38;;1100
co1093;2025-09-01 10:38:40;;650
co1094;2025-09-01 16:42:02;;1500
co1095;2025-09-02 11:18:46;;1100
co1096;2025-09-02 17:02:14;;1350
co1097;2025-09-03 10:59:10;;450
co1098;2025-09-03 17:23:02;;850
co1099;2025-09-04 11:40:46;;650
co1100;2025-09-04 17:46:14;;1350
co1101;2025-09-05 13:48:59;;1050
co1102;2025-09-08 10:23:58;;500
co1103;2025-09-08 16:12:38;;1150
co1104;2025-09-09 10:19:58;;450
co1105;2025-09-09 16:04:38;;400
co1106;2025-09-10 10:03:58;;600
co1107;2025-09-10 15:32:38;;1400
co1108;2025-09-11 09:59:58;;1000
co1109;2025-09-11 16:24:38;;1100
co1110;2025-09-12 11:30:49;;950
co1111;2025-09-12 20:00:09;;950
co1112;2025-09-15 13:33:54;;1500
co1113;2025-09-15 19:32:30;;1400
co1114;2025-09-16 13:43:27;;300
co1115;2025-09-16 19:59:45;;300
co1116;2025-09-17 14:24:19;;1450
co1117;2025-09-17 21:02:21;;950
co1118;2025-09-18 13:57:03;;500
co1119;2025-09-18 20:40:33;;1150
co1120;2025-09-19 16:40:31;;1350
co1121;2025-09-22 12:15:35;;950
co1122;2025-09-22 17:55:52;;350
co1123;2025-09-23 12:46:26;;1100
co1124;2025-09-23 18:57:34;;550
co1125;2025-09-24 13:49:50;;1350
co1126;2025-09-24 20:18:54;;350
co1127;2025-09-25 13:53:03;;800
co1128;2025-09-25 20:28:33;;450
co1129;2025-09-26 16:19:56;;350
co1130;2025-09-29 11:40:35;;500
co1131;2025-09-29 17:45:52;;550
co1132;2025-09-30 12:26:26;;500
co1133;2025-09-30 18:17:34;;650
co1134;2025-10-01 12:29:50;;900
co1135;2025-10-01 18:24:22;;350
co1136;2025-10-02 12:43:26;;850
co1137;2025-10-02 18:51:34;;400
co1138;2025-10-03 15:27:39;;1300
co1139;2025-10-06 11:11:42;;650
co1140;2025-10-06 16:48:06;;800
co1141;2025-10-07 11:30:54;;550
co1142;2025-10-07 17:26:30;;1100
co1143;2025-10-08 11:47:42;;1300
co1144;2025-10-08 18:00:06;;1350
co1145;2025-10-09 11:54:54;;1450
co1146;2025-10-09 18:14:30;;950
co1147;2025-10-10 13:57:38;;300
co1148;2025-10-13 10:38:40;;950
co1149;2025-10-13 16:42:02;;400
co1150;2025-10-14 11:18:46;;450
co1151;2025-10-14 17:02:14;;1250
co1152;2025-10-15 10:59:10;;700
co1153;2025-10-15 17:23:02;;1350
co1154;2025-10-16 11:40:46;;700
co1155;2025-10-16 17:46:14;;1500
co1156;2025-10-17 13:48:59;;650
co1157;2025-10-20 10:23:58;;1400
co1158;2025-10-20 16:12:38;;300
co1159;2025-10-21 10:19:58;;700
co1160;2025-10-21 16:04:38;;1450
co1161;2025-10-22 10:03:58;;800
co1162;2025-10-22 15:32:38;;400
co1163;2025-10-23 09:59:58;;350
co1164;2025-10-23 16:24:38;;1000
co1165;2025-10-24 11:30:49;;700
co1166;2025-10-24 20:00:09;;650
co1167;2025-10-27 13:33:54;;850
co1168;2025-10-27 19:32:30;;1300
co1169;2025-10-28 13:43:27;;400
co1170;2025-10-28 19:59:45;;1300
co1171;2025-10-29 14:24:19;;1150
co1172;2025-10-29 21:02:21;;1050
co1173;2025-10-30 13:57:03;;1350
co1174;2025-10-30 20:40:33;;1450
co1175;2025-10-31 16:40:31;;850
co1176;2025-11-03 12:15:35;;1100
co1177;2025-11-03 17:55:52;;1250
co1178;2025-11-04 12:46:26;;800
co1179;2025-11-04 18:57:34;;500
co1180;2025-11-05 13:49:50;;900
co1181;2025-11-05 20:18:54;;850
co1182;2025-11-06 13:53:03;;950
co1183;2025-11-06 20:28:33;;1500
co1184;2025-11-07 16:19:56;;450
co1185;2025-11-10 11:40:35;;950
co1186;2025-11-10 17:45:52;;1300
co1187;2025-11-11 12:26:26;;1100
co1188;2025-11-11 18:17:34;;1400
co1189;2025-11-12 12:29:50;;500
co1190;2025-11-12 18:24:22;;1300
co1191;2025-11-13 12:43:26;;400
co1192;2025-11-13 18:51:34;;400
co1193;2025-11-14 15:27:39;;1150
co1194;2025-11-17 11:11:42;;900
co1195;2025-11-17 16:48:06;;400
co1196;2025-11-18 11:30:54;;650
co1197;2025-11-18 17:26:30;;1350
co1198;2025-11-19 11:47:42;;700
co1199;2025-11-19 18:00:06;;300
co1200;2025-11-20 11:54:54;;1250
co1201;2025-11-20 18:14:30;;400
co1202;2025-11-21 13:57:38;;350
co1203;2025-11-24 10:38:40;;300
co1204;2025-11-24 16:42:02;;1350
co1205;2025-11-25 11:18:46;;900
co1206;2025-11-25 17:02:14;;1200
co1207;2025-11-26 10:59:10;;450
co1208;2025-11-26 17:23:02;;800
co1209;2025-11-27 11:40:46;;1300
co1210;2025-11-27 17:46:14;;800
co1211;2025-11-28 13:48:59;;350
co1212;2025-12-01 10:23:58;;300
co1213;2025-12-01 16:12:38;;1300
co1214;2025-12-02 10:19:58;;300
co1215;2025-12-02 16:04:38;;550
co1216;2025-12-03 10:03:58;;1300
co1217;2025-12-03 15:32:38;;1400
co1218;2025-12-04 09:59:58;;1100
co1219;2025-12-04 16:24:38;;400
co1220;2025-12-05 11:30:49;;650
co1221;2025-12-05 20:00:09;;1300
co1222;2025-12-08 13:33:54;;400
co1223;2025-12-08 19:32:30;;1250
co1224;2025-12-09 13:43:27;;800
co1225;2025-12-09 19:59:45;;1300
co1226;2025-12-10 14:24:19;;800
co1227;2025-12-10 21:02:21;;650
co1228;2025-12-11 13:57:03;;300
co1229;2025-12-11 20:40:33;;950
co1230;2025-12-12 16:40:31;;550
co1231;2025-12-15 12:15:35;;650
co1232;2025-12-15 17:55:52;;850
co1233;2025-12-16 12:46:26;;550
co1234;2025-12-16 18:57:34;;350
co1235;2025-12-17 13:49:50;;850
co1236;2025-12-17 20:18:54;;1250
co1237;2025-12-18 13:53:03;;450
co1238;2025-12-18 20:28:33;;1400
co1239;2025-12-19 16:19:56;;800
co1240;2025-12-22 11:40:35;;900
co1241;2025-12-22 17:45:52;;350
co1242;2025-12-23 12:26:26;;650
co1243;2025-12-23 18:17:34;;800
co1244;2025-12-24 12:29:50;;850
co1245;2025-12-24 18:24:22;;1100
co1246;2025-12-25 12:43:26;;1450
co1247;2025-12-25 18:51:34;;400
co1248;2025-12-26 15:27:39;;1250
co1249;2025-12-29 11:11:42;;550
co1250;2025-12-29 16:48:06;;350
co1251;2025-12-30 11:30:54;;650
co1252;2025-12-30 17:26:30;;1500
co1253;2025-12-31 11:47:42;;500
co1254;2025-12-31 18:00:06;;950
co1255;2026-01-01 11:54:54;;700
co1256;2026-01-01 18:14:30;;750
co1257;2026-01-02 13:57:38;;650
co1258;2026-01-05 10:38:40;;650
co1259;2026-01-05 16:42:02;;1000
co1260;2026-01-06 11:18:46;;1100
co1261;2026-01-06 17:02:14;;1450
co1262;2026-01-07 10:59:10;;650
co1263;2026-01-07 17:23:02;;1300
co1264;2026-01-08 11:40:46;;1050
co1265;2026-01-08 17:46:14;;1250
co1266;2026-01-09 13:48:59;;750
co1267;2026-01-12 10:23:58;;1150
co1268;2026-01-12 16:12:38;;650
co1269;2026-01-13 10:19:58;;1500
co1270;2026-01-13 16:04:38;;900
co1271;2026-01-14 10:03:58;;500
co1272;2026-01-14 15:32:38;;350
co1273;2026-01-15 09:59:58;;650
co1274;2026-01-15 16:24:38;;1200
co1275;2026-01-16 11:30:49;;650
co1276;2026-01-16 20:00:09;;1350
co1277;2026-01-19 13:33:54;;1000
co1278;2026-01-19 19:32:30;;1250
co1279;2026-01-20 13:43:27;;1350
co1280;2026-01-20 19:59:45;;550
co1281;2026-01-21 14:24:19;;500
co1282;2026-01-21 21:02:21;;1050
co1283;2026-01-22 13:57:03;;1450
co1284;2026-01-22 20:40:33;;950
co1285;2026-01-23 16:40:31;;800
co1286;2026-01-26 12:15:35;;300
co1287;2026-01-26 17:55:52;;1350
co1288;2026-01-27 12:46:26;;800
co1289;2026-01-27 18:57:34;;300
co1290;2026-01-28 13:49:50;;1400
co1291;2026-01-28 20:18:54;;1200
co1292;2026-01-29 13:53:03;;300
co1293;2026-01-29 20:28:33;;1250
co1294;2026-01-30 16:19:56;;400
co1295;2026-02-02 11:40:35;;1450
co1296;2026-02-02 17:45:52;;1450
co1297;2026-02-03 12:26:26;;1300
co1298;2026-02-03 18:17:34;;600
co1299;2026-02-04 12:29:50;;700
co1300;2026-02-04 18:24:22;;700
co1301;2026-02-05 12:43:26;;1000
co1302;2026-02-05 18:51:34;;450
co1303;2026-02-06 15:27:39;;1200
co1304;2026-02-09 11:11:42;;700
co1305;2026-02-09 16:48:06;;950
co1306;2026-02-10 11:30:54;;1200
co1307;2026-02-10 17:26:30;;550
co1308;2026-02-11 11:47:42;;700
co1309;2026-02-11 18:00:06;;1050
co1310;2026-02-12 11:54:54;;400
co1311;2026-02-12 18:14:30;;700
co1312;2026-02-13 13:57:38;;600
co1313;2026-02-16 10:38:40;;450
co1314;2026-02-16 16:42:02;;1100
co1315;2026-02-17 11:18:46;;550
co1316;2026-02-17 17:02:14;;1100
co1317;2026-02-18 10:59:10;;1250
co1318;2026-02-18 17:23:02;;700
co1319;2026-02-19 11:40:46;;900
co1320;2026-02-19 17:46:14;;300
co1321;2026-02-20 13:48:59;;1450
co1322;2026-02-23 10:23:58;;500
co1323;2026-02-23 16:12:38;;900
co1324;2026-02-24 10:19:58;;500
co1325;2026-02-24 16:04:38;;700
co1326;2026-02-25 10:03:58;;1350
co1327;2026-02-25 15:32:38;;650
co1328;2026-02-26 09:59:58;;1450
co1329;2026-02-26 16:24:38;;500
co1330;2026-02-27 11:30:49;;1250
co1331;2026-02-27 20:00:09;;800
co1332;2026-03-02 13:33:54;;550
co1333;2026-03-02 19:32:30;;1200
co1334;2026-03-03 13:43:27;;700
co1335;2026-03-03 19:59:45;;600
co1336;2026-03-04 14:24:19;;650
co1337;2026-03-04 21:02:21;;1450
co1338;2026-03-05 13:57:03;;800
co1339;2026-03-05 20:40:33;;800
co1340;2026-03-06 16:40:31;;1500
co1341;2026-03-09 12:15:35;;650
co1342;2026-03-09 17:55:52;;950
co1343;2026-03-10 12:46:26;;350
co1344;2026-03-10 18:57:34;;500
co1345;2026-03-11 13:49:50;;1500
co1346;2026-03-11 20:18:54;;1150
co1347;2026-03-12 13:53:03;;400
co1348;2026-03-12 20:28:33;;1400
co1349;2026-03-13 16:19:56;;350
co1350;2026-03-16 11:40:35;;800
co1351;2026-03-16 17:45:52;;1350
co1352;2026-03-17 12:26:26;;300
co1353;2026-03-17 18:17:34;;300
co1354;2026-03-18 12:29:50;;850
co1355;2026-03-18 18:24:22;;500
co1356;2026-03-19 12:43:26;;950
co1357;2026-03-19 18:51:34;;1100
co1358;2026-03-20 15:27:39;;1350
co1359;2026-03-23 11:11:42;;1450
co1360;2026-03-23 16:48:06;;850
co1361;2026-03-24 11:30:54;;1050
co1362;2026-03-24 17:26:30;;1050
co1363;2026-03-25 11:47:42;;900
co1364;2026-03-25 18:00:06;;300
co1365;2026-03-26 11:54:54;;400
co1366;2026-03-26 18:14:30;;1250
co1367;2026-03-27 13:57:38;;600
co1368;2026-03-30 10:38:40;;1300
co1369;2026-03-30 16:42:02;;1450
co1370;2026-03-31 11:18:46;;1350
co1371;2026-03-31 17:02:14;;750
co1372;2026-04-01 10:59:10;;850
co1373;2026-04-01 17:23:02;;1250
co1374;2026-04-02 11:40:46;;1300
co1375;2026-04-02 17:46:14;;700
co1376;2026-04-03 13:48:59;;600
co1377;2026-04-06 10:23:58;;500
co1378;2026-04-06 16:12:38;;1000
co1379;2026-04-07 10:19:58;;700
co1380;2026-04-07 16:04:38;;1300
co1381;2026-04-08 10:03:58;;1350
co1382;2026-04-08 15:32:38;;1350
co1383;2026-04-09 09:59:58;;1150
co1384;2026-04-09 16:24:38;;700
co1385;2026-04-10 11:30:49;;750
co1386;2026-04-10 20:00:09;;1250
co1387;2026-04-13 13:33:54;;650
co1388;2026-04-13 19:32:30;;1350
co1389;2026-04-14 13:43:27;;400
co1390;2026-04-14 19:59:45;;300
co1391;2026-04-15 14:24:19;;1000
co1392;2026-04-15 21:02:21;;1300
co1393;2026-04-16 13:57:03;;1100
co1394;2026-04-16 20:40:33;;300
co1395;2026-04-17 16:40:31;;300
co1396;2026-04-20 12:15:35;;1350
co1397;2026-04-20 17:55:52;;750
co1398;2026-04-21 12:46:26;;1200
co1399;2026-04-21 18:57:34;;1500
co1400;2026-04-22 13:49:50;;1350
co1401;2026-04-22 20:18:54;;1250
co1402;2026-04-23 13:53:03;;950
co1403;2026-04-23 20:28:33;;850
co1404;2026-04-24 16:19:56;;700
co1405;2026-04-27 11:40:35;;550
co1406;2026-04-27 17:45:52;;850
co1407;2026-04-28 12:26:26;;900
co1408;2026-04-28 18:17:34;;950
co1409;2026-04-29 12:29:50;;400
co1410;2026-04-29 18:24:22;;1000
co1411;2026-04-30 12:43:26;;1350
co1412;2026-04-30 18:51:34;;1100
co1413;2026-05-01 15:27:39;;550
co1414;2026-05-04 11:11:42;;750
co1415;2026-05-04 16:48:06;;1100
co1416;2026-05-05 11:30:54;;1300
co1417;2026-05-05 17:26:30;;550
co1418;2026-05-06 11:47:42;;700
co1419;2026-05-06 18:00:06;;1100
co1420;2026-05-07 11:54:54;;750
co1421;2026-05-07 18:14:30;;750
co1422;2026-05-08 13:57:38;;1350
co1423;2026-05-11 10:38:40;;750
co1424;2026-05-11 16:42:02;;1450
co1425;2026-05-12 11:18:46;;1250
co1426;2026-05-12 17:02:14;;900
co1427;2026-05-13 10:59:10;;1150
co1428;2026-05-13 17:23:02;;950
co1429;2026-05-14 11:40:46;;950
co1430;2026-05-14 17:46:14;;400
co1431;2026-05-15 13:48:59;;700
co1432;2026-05-18 10:23:58;;350
co1433;2026-05-18 16:12:38;;700
co1434;2026-05-19 10:19:58;;1250
co1435;2026-05-19 16:04:38;;450
co1436;2026-05-20 10:03:58;;1500
co1437;2026-05-20 15:32:38;;350
co1438;2026-05-21 09:59:58;;400
co1439;2026-05-21 16:24:38;;300
co1440;2026-05-22 11:30:49;;950
co1441;2026-05-22 20:00:09;;450
co1442;2026-05-25 13:33:54;;950
co1443;2026-05-25 19:32:30;;500
co1444;2026-05-26 13:43:27;;450
co1445;2026-05-26 19:59:45;;1200
co1446;2026-05-27 14:24:19;;450
co1447;2026-05-27 21:02:21;;700
co1448;2026-05-28 13:57:03;;1350
co1449;2026-05-28 20:40:33;;1250
co1450;2026-05-29 16:40:31;;500
co1451;2026-06-01 12:15:35;;700
co1452;2026-06-01 17:55:52;;1000
co1453;2026-06-02 12:46:26;;800
co1454;2026-06-02 18:57:34;;1450
co1455;2026-06-03 13:49:50;;1400
co1456;2026-06-03 20:18:54;;1500
co1457;2026-06-04 13:53:03;;1200
co1458;2026-06-04 20:28:33;;800
co1459;2026-06-05 16:19:56;;1450
co1460;2026-06-08 11:40:35;;800
co1461;2026-06-08 17:45:52;;950
co1462;2026-06-09 12:26:26;;1500
co1463;2026-06-09 18:17:34;;1400
co1464;2026-06-10 12:29:50;;650
co1465;2026-06-10 18:24:22;;1100
co1466;2026-06-11 12:43:26;;1250
co1467;2026-06-11 18:51:34;;1450
co1468;2026-06-12 15:27:39;;850
co1469;2026-06-15 11:11:42;;600
co1470;2026-06-15 16:48:06;;1200
co1471;2026-06-16 11:30:54;;900
co1472;2026-06-16 17:26:30;;900
co1473;2026-06-17 11:47:42;;750
co1474;2026-06-17 18:00:06;;1200
co1475;2026-06-18 11:54:54;;450
co1476;2026-06-18 18:14:30;;750
co1477;2026-06-19 13:57:38;;1350
co1478;2026-06-22 10:38:40;;1300
co1479;2026-06-22 16:42:02;;850
co1480;2026-06-23 11:18:46;;650
co1481;2026-06-23 17:02:14;;1200
co1482;2026-06-24 10:59:10;;950
co1483;2026-06-24 17:23:02;;950
co1484;2026-06-25 11:40:46;;850
co1485;2026-06-25 17:46:14;;1350
co1486;2026-06-26 13:48:59;;1150
co1487;2026-06-29 10:23:58;;350
co1488;2026-06-29 16:12:38;;850
co1489;2026-06-30 10:19:58;;1450
co1490;2026-06-30 16:04:38;;1350
co1491;2026-07-01 10:03:58;;850
co1492;2026-07-01 15:32:38;;1100
co1493;2026-07-02 09:59:58;;850
co1494;2026-07-02 16:24:38;;1250
co1495;2026-07-03 11:30:49;;1150
co1496;2026-07-03 20:00:09;;300
co1497;2026-07-06 13:33:54;;1500
co1498;2026-07-06 19:32:30;;650
co1499;2026-07-07 13:43:27;;800
co1500;2026-07-07 19:59:45;;750
co1501;2026-07-08 14:24:19;;500
co1502;2026-07-08 21:02:21;;1000
co1503;2026-07-09 13:57:03;;600
co1504;2026-07-09 20:40:33;;1400
co1505;2026-07-10 16:40:31;;1350
co1506;2026-07-13 12:15:35;;450
co1507;2026-07-13 17:55:52;;650
co1508;2026-07-14 12:46:26;;500
co1509;2026-07-14 18:57:34;;650
co1510;2026-07-15 13:49:50;;650
co1511;2026-07-15 20:18:54;;700
co1512;2026-07-16 13:53:03;;500
co1513;2026-07-16 20:28:33;;1450
co1514;2026-07-17 16:19:56;;750
co1515;2026-07-20 11:40:35;;750
co1516;2026-07-20 17:45:52;;550
co1517;2026-07-21 12:26:26;;1100
co1518;2026-07-21 18:17:34;;1500
co1519;2026-07-22 12:29:50;;700
co1520;2026-07-22 18:24:22;;1350
co1521;2026-07-23 12:43:26;;1150
co1522;2026-07-23 18:51:34;;400
co1523;2026-07-24 15:27:39;;650
co1524;2026-07-27 11:11:42;;700
co1525;2026-07-27 16:48:06;;800
co1526;2026-07-28 11:30:54;;950
co1527;2026-07-28 17:26:30;;1350
co1528;2026-07-29 11:47:42;;1000
co1529;2026-07-29 18:00:06;;1350
co1530;2026-07-30 11:54:54;;1150
co1531;2026-07-30 18:14:30;;1350
co1532;2026-07-31 13:57:38;;1000
co1533;2026-08-03 10:38:40;;800
co1534;2026-08-03 16:42:02;;1350
co1535;2026-08-04 11:18:46;;1500
co1536;2026-08-04 17:02:14;;1450
co1537;2026-08-05 10:59:10;;1150
co1538;2026-08-05 17:23:02;;1050
co1539;2026-08-06 11:40:46;;750
co1540;2026-08-06 17:46:14;;700
co1541;2026-08-07 13:48:59;;450
co1542;2026-08-10 10:23:58;;1300
co1543;2026-08-10 16:12:38;;1300
co1544;2026-08-11 10:19:58;;1300
co1545;2026-08-11 16:04:38;;550
co1546;2026-08-12 10:03:58;;1100
co1547;2026-08-12 15:32:38;;850
co1548;2026-08-13 09:59:58;;1250
co1549;2026-08-13 16:24:38;;400
co1550;2026-08-14 11:30:49;;1300
co1551;2026-08-14 20:00:09;;1250
co1552;2026-08-17 13:33:54;;600
co1553;2026-08-17 19:32:30;;350
co1554;2026-08-18 13:43:27;;900
co1555;2026-08-18 19:59:45;;300
co1556;2026-08-19 14:24:19;;650
co1557;2026-08-19 21:02:21;;950
co1558;2026-08-20 13:57:03;;300
co1559;2026-08-20 20:40:33;;600
co1560;2026-08-21 16:40:31;;600
co1561;2026-08-24 12:15:35;;700
co1562;2026-08-24 17:55:52;;1150
co1563;2026-08-25 12:46:26;;1350
co1564;2026-08-25 18:57:34;;700
co1565;2026-08-26 13:49:50;;550
co1566;2026-08-26 20:18:54;;1450
co1567;2026-08-27 13:53:03;;650
co1568;2026-08-27 20:28:33;;750
co1569;2026-08-28 16:19:56;;1150
co1570;2026-08-31 11:40:35;;900
co1571;2026-08-31 17:45:52;;900
co1572;2026-09-01 12:26:26;;1400
co1573;2026-09-01 18:17:34;;1000
co1574;2026-09-02 12:29:50;;1100
co1575;2026-09-02 18:24:22;;1300
co1576;2026-09-03 12:43:26;;800
co1577;2026-09-03 18:51:34;;1150
co1578;2026-09-04 15:27:39;;1250
co1579;2026-09-07 11:11:42;;1500
co1580;2026-09-07 16:48:06;;1100
co1581;2026-09-08 11:30:54;;1500
co1582;2026-09-08 17:26:30;;1400
co1583;2026-09-09 11:47:42;;550
co1584;2026-09-09 18:00:06;;1050
co1585;2026-09-10 11:54:54;;1250
co1586;2026-09-10 18:14:30;;1000
co1587;2026-09-11 13:57:38;;550
co1588;2026-09-14 10:38:40;;1450
co1589;2026-09-14 16:42:02;;550
co1590;2026-09-15 11:18:46;;1350
co1591;2026-09-15 17:02:14;;1200
co1592;2026-09-16 10:59:10;;350
co1593;2026-09-16 17:23:02;;1350
co1594;2026-09-17 11:40:46;;800
co1595;2026-09-17 17:46:14;;850
co1596;2026-09-18 13:48:59;;800
co1597;2026-09-21 10:23:58;;950
co1598;2026-09-21 16:12:38;;750
co1599;2026-09-22 10:19:58;;1300
co1600;2026-09-22 16:04:38;;450
co1601;2026-09-23 10:03:58;;750
co1602;2026-09-23 15:32:38;;300
co1603;2026-09-24 09:59:58;;850
co1604;2026-09-24 16:24:38;;1200
co1605;2026-09-25 11:30:49;;300
co1606;2026-09-25 20:00:09;;800
co1607;2026-09-28 13:33:54;;300
co1608;2026-09-28 19:32:30;;850
co1609;2026-09-29 13:43:27;;500
co1610;2026-09-29 19:59:45;;900
co1611;2026-09-30 14:24:19;;800
co1612;2026-09-30 21:02:21;;550
co1613;2026-10-01 13:57:03;;850
co1614;2026-10-01 20:40:33;;1500
co1615;2026-10-02 16:40:31;;1350
co1616;2026-10-05 12:15:35;;450
co1617;2026-10-05 17:55:52;;1150
co1618;2026-10-06 12:46:26;;1100
co1619;2026-10-06 18:57:34;;300
co1620;2026-10-07 13:49:50;;600
co1621;2026-10-07 20:18:54;;500
co1622;2026-10-08 13:53:03;;500
co1623;2026-10-08 20:28:33;;500
co1624;2026-10-09 16:19:56;;550
co1625;2026-10-12 11:40:35;;950
co1626;2026-10-12 17:45:52;;800
co1627;2026-10-13 12:26:26;;1450
co1628;2026-10-13 18:17:34;;850
co1629;2026-10-14 12:29:50;;950
co1630;2026-10-14 18:24:22;;600
co1631;2026-10-15 12:43:26;;1450
co1632;2026-10-15 18:51:34;;1050
co1633;2026-10-16 15:27:39;;900
co1634;2026-10-19 11:11:42;;1350
co1635;2026-10-19 16:48:06;;1450
co1636;2026-10-20 11:30:54;;1350
co1637;2026-10-20 17:26:30;;1350
co1638;2026-10-21 11:47:42;;550
co1639;2026-10-21 18:00:06;;1250
co1640;2026-10-22 11:54:54;;1400
co1641;2026-10-22 18:14:30;;650
co1642;2026-10-23 13:57:38;;400
co1643;2026-10-26 10:38:40;;1300
co1644;2026-10-26 16:42:02;;1450
co1645;2026-10-27 11:18:46;;550
co1646;2026-10-27 17:02:14;;1000
co1647;2026-10-28 10:59:10;;300
co1648;2026-10-28 17:23:02;;700
co1649;2026-10-29 11:40:46;;1000
co1650;2026-10-29 17:46:14;;650
co1651;2026-10-30 13:48:59;;450
co1652;2026-11-02 10:23:58;;1100
co1653;2026-11-02 16:12:38;;1450
co1654;2026-11-03 10:19:58;;350
co1655;2026-11-03 16:04:38;;350
co1656;2026-11-04 10:03:58;;950
co1657;2026-11-04 15:32:38;;1400
co1658;2026-11-05 09:59:58;;600
co1659;2026-11-05 16:24:38;;300
co1660;2026-11-06 11:30:49;;300
co1661;2026-11-06 20:00:09;;400
co1662;2026-11-09 13:33:54;;1100
co1663;2026-11-09 19:32:30;;300
co1664;2026-11-10 13:43:27;;950
co1665;2026-11-10 19:59:45;;1450
co1666;2026-11-11 14:24:19;;750
co1667;2026-11-11 21:02:21;;1300
co1668;2026-11-12 13:57:03;;1050
co1669;2026-11-12 20:40:33;;650
co1670;2026-11-13 16:40:31;;600
co1671;2026-11-16 12:15:35;;1150
co1672;2026-11-16 17:55:52;;1350
co1673;2026-11-17 12:46:26;;650
co1674;2026-11-17 18:57:34;;900
co1675;2026-11-18 13:49:50;;950
co1676;2026-11-18 20:18:54;;850
co1677;2026-11-19 13:53:03;;950
co1678;2026-11-19 20:28:33;;700
co1679;2026-11-20 16:19:56;;1200
co1680;2026-11-23 11:40:35;;1000
co1681;2026-11-23 17:45:52;;300
co1682;2026-11-24 12:26:26;;1300
co1683;2026-11-24 18:17:34;;500
co1684;2026-11-25 12:29:50;;1350
co1685;2026-11-25 18:24:22;;450
co1686;2026-11-26 12:43:26;;800
co1687;2026-11-26 18:51:34;;300
co1688;2026-11-27 15:27:39;;1450
co1689;2026-11-30 11:11:42;;850
co1690;2026-11-30 16:48:06;;750
co1691;2026-12-01 11:30:54;;1100
co1692;2026-12-01 17:26:30;;950
co1693;2026-12-02 11:47:42;;650
co1694;2026-12-02 18:00:06;;1500
co1695;2026-12-03 11:54:54;;400
co1696;2026-12-03 18:14:30;;1250
co1697;2026-12-04 13:57:38;;1000
co1698;2026-12-07 10:38:40;;1300
co1699;2026-12-07 16:42:02;;1400
co1700;2026-12-08 11:18:46;;650
co1701;2026-12-08 17:02:14;;750
co1702;2026-12-09 10:59:10;;1500
co1703;2026-12-09 17:23:02;;900
co1704;2026-12-10 11:40:46;;1000
co1705;2026-12-10 17:46:14;;650
co1706;2026-12-11 13:48:59;;1100
co1707;2026-12-14 10:23:58;;700
co1708;2026-12-14 16:12:38;;900
co1709;2026-12-15 10:19:58;;1150
co1710;2026-12-15 16:04:38;;300
co1711;2026-12-16 10:03:58;;1100
co1712;2026-12-16 15:32:38;;900
co1713;2026-12-17 09:59:58;;300
co1714;2026-12-17 16:24:38;;1100
co1715;2026-12-18 11:30:49;;550
co1716;2026-12-18 20:00:09;;800
co1717;2026-12-21 13:33:54;;900
co1718;2026-12-21 19:32:30;;1100
co1719;2026-12-22 13:43:27;;1150
co1720;2026-12-22 19:59:45;;650
co1721;2026-12-23 14:24:19;;400
co1722;2026-12-23 21:02:21;;1100
co1723;2026-12-24 13:57:03;;1100
co1724;2026-12-24 20:40:33;;1350
co1725;2026-12-25 16:40:31;;1150
co1726;2026-12-28 12:15:35;;550
co1727;2026-12-28 17:55:52;;1150
co1728;2026-12-29 12:46:26;;750
co1729;2026-12-29 18:57:34;;1350
co1730;2026-12-30 13:49:50;;550
co1731;2026-12-30 20:18:54;;850
co1732;2026-12-31 13:53:03;;1350
co1733;2026-12-31 20:28:33;;800
co1734;2027-01-01 16:19:56;;950
co1735;2027-01-04 11:40:35;;700
co1736;2027-01-04 17:45:52;;800
co1737;2027-01-05 12:26:26;;1250
co1738;2027-01-05 18:17:34;;1450
co1739;2027-01-06 12:29:50;;1300
co1740;2027-01-06 18:24:22;;750
co1741;2027-01-07 12:43:26;;1250
co1742;2027-01-07 18:51:34;;1500
co1743;2027-01-08 15:27:39;;750
co1744;2027-01-11 11:11:42;;800
co1745;2027-01-11 16:48:06;;300
co1746;2027-01-12 11:30:54;;1150
co1747;2027-01-12 17:26:30;;1500
co1748;2027-01-13 11:47:42;;1400
co1749;2027-01-13 18:00:06;;1000
co1750;2027-01-14 11:54:54;;350
co1751;2027-01-14 18:14:30;;850
co1752;2027-01-15 13:57:38;;1050
co1753;2027-01-18 10:38:40;;750
co1754;2027-01-18 16:42:02;;800
co1755;2027-01-19 11:18:46;;1350
co1756;2027-01-19 17:02:14;;1200
co1757;2027-01-20 10:59:10;;1000
co1758;2027-01-20 17:23:02;;1400
co1759;2027-01-21 11:40:46;;1400
co1760;2027-01-21 17:46:14;;800
co1761;2027-01-22 13:48:59;;1400
co1762;2027-01-25 10:23:58;;300
co1763;2027-01-25 16:12:38;;1300
co1764;2027-01-26 10:19:58;;500
co1765;2027-01-26 16:04:38;;700
co1766;2027-01-27 10:03:58;;450
co1767;2027-01-27 15:32:38;;300
co1768;2027-01-28 09:59:58;;700
co1769;2027-01-28 16:24:38;;1000
co1770;2027-01-29 11:30:49;;550
co1771;2027-01-29 20:00:09;;1350
co1772;2027-02-01 13:33:54;;1150
co1773;2027-02-01 19:32:30;;800
co1774;2027-02-02 13:43:27;;800
co1775;2027-02-02 19:59:45;;1450
co1776;2027-02-03 14:24:19;;550
co1777;2027-02-03 21:02:21;;550
co1778;2027-02-04 13:57:03;;500
co1779;2027-02-04 20:40:33;;1050
co1780;2027-02-05 16:40:31;;1450
co1781;2027-02-08 12:15:35;;650
co1782;2027-02-08 17:55:52;;450
co1783;2027-02-09 12:46:26;;1100
co1784;2027-02-09 18:57:34;;750
co1785;2027-02-10 13:49:50;;1100
co1786;2027-02-10 20:18:54;;750
co1787;2027-02-11 13:53:03;;500
co1788;2027-02-11 20:28:33;;1500
co1789;2027-02-12 16:19:56;;650
co1790;2027-02-15 11:40:35;;1050
co1791;2027-02-15 17:45:52;;1150
co1792;2027-02-16 12:26:26;;400
co1793;2027-02-16 18:17:34;;1150
co1794;2027-02-17 12:29:50;;1050
co1795;2027-02-17 18:24:22;;1200
co1796;2027-02-18 12:43:26;;400
co1797;2027-02-18 18:51:34;;900
co1798;2027-02-19 15:27:39;;350
co1799;2027-02-22 11:11:42;;1000
co1800;2027-02-22 16:48:06;;1050
co1801;2027-02-23 11:30:54;;300
co1802;2027-02-23 17:26:30;;1250
co1803;2027-02-24 11:47:42;;1300
co1804;2027-02-24 18:00:06;;750
co1805;2027-02-25 11:54:54;;1250
co1806;2027-02-25 18:14:30;;300
co1807;2027-02-26 13:57:38;;900
co1808;2027-03-01 10:38:40;;600
co1809;2027-03-01 16:42:02;;300
co1810;2027-03-02 11:18:46;;450
co1811;2027-03-02 17:02:14;;500
co1812;2027-03-03 10:59:10;;700
co1813;2027-03-03 17:23:02;;1000
co1814;2027-03-04 11:40:46;;950
co1815;2027-03-04 17:46:14;;1200
co1816;2027-03-05 13:48:59;;900
co1817;2027-03-08 10:23:58;;450
co1818;2027-03-08 16:12:38;;1000
co1819;2027-03-09 10:19:58;;950
co1820;2027-03-09 16:04:38;;600
co1821;2027-03-10 10:03:58;;550
co1822;2027-03-10 15:32:38;;600
co1823;2027-03-11 09:59:58;;1000
co1824;2027-03-11 16:24:38;;850
co1825;2027-03-12 11:30:49;;1000
co1826;2027-03-12 20:00:09;;900
co1827;2027-03-15 13:33:54;;550
co1828;2027-03-15 19:32:30;;500
co1829;2027-03-16 13:43:27;;1250
co1830;2027-03-16 19:59:45;;1300
co1831;2027-03-17 14:24:19;;1150
co1832;2027-03-17 21:02:21;;1250
co1833;2027-03-18 13:57:03;;1050
co1834;2027-03-18 20:40:33;;650
co1835;2027-03-19 16:40:31;;400
co1836;2027-03-22 12:15:35;;1300
co1837;2027-03-22 17:55:52;;950
co1838;2027-03-23 12:46:26;;700
co1839;2027-03-23 18:57:34;;600
co1840;2027-03-24 13:49:50;;1300
co1841;2027-03-24 20:18:54;;1100
co1842;2027-03-25 13:53:03;;1200
co1843;2027-03-25 20:28:33;;450
co1844;2027-03-26 16:19:56;;300
co1845;2027-03-29 11:40:35;;350
co1846;2027-03-29 17:45:52;;1350
co1847;2027-03-30 12:26:26;;1000
co1848;2027-03-30 18:17:34;;800
co1849;2027-03-31 12:29:50;;350
co1850;2027-03-31 18:24:22;;700
co1851;2027-04-01 12:43:26;;550
co1852;2027-04-01 18:51:34;;300
co1853;2027-04-02 15:27:39;;1100
co1854;2027-04-05 11:11:42;;700
co1855;2027-04-05 16:48:06;;350
co1856;2027-04-06 11:30:54;;1350
co1857;2027-04-06 17:26:30;;500
co1858;2027-04-07 11:47:42;;350
co1859;2027-04-07 18:00:06;;650
co1860;2027-04-08 11:54:54;;400
co1861;2027-04-08 18:14:30;;1500
co1862;2027-04-09 13:57:38;;850
co1863;2027-04-12 10:38:40;;550
co1864;2027-04-12 16:42:02;;1500
co1865;2027-04-13 11:18:46;;300
co1866;2027-04-13 17:02:14;;1400
co1867;2027-04-14 10:59:10;;1200
co1868;2027-04-14 17:23:02;;1050
co1869;2027-04-15 11:40:46;;750
co1870;2027-04-15 17:46:14;;350
co1871;2027-04-16 13:48:59;;750
co1872;2027-04-19 10:23:58;;1300
co1873;2027-04-19 16:12:38;;1050
co1874;2027-04-20 10:19:58;;450
co1875;2027-04-20 16:04:38;;1000
co1876;2027-04-21 10:03:58;;1200
co1877;2027-04-21 15:32:38;;550
co1878;2027-04-22 09:59:58;;900
co1879;2027-04-22 16:24:38;;1200
co1880;2027-04-23 11:30:49;;300
co1881;2027-04-23 20:00:09;;850
co1882;2027-04-26 13:33:54;;1200
co1883;2027-04-26 19:32:30;;400
co1884;2027-04-27 13:43:27;;1000
co1885;2027-04-27 19:59:45;;450
co1886;2027-04-28 14:24:19;;1050
co1887;2027-04-28 21:02:21;;1100
co1888;2027-04-29 13:57:03;;800
co1889;2027-04-29 20:40:33;;1350
co1890;2027-04-30 16:40:31;;350
co1891;2027-05-03 12:15:35;;1250
co1892;2027-05-03 17:55:52;;1300
co1893;2027-05-04 12:46:26;;600
co1894;2027-05-04 18:57:34;;1400
co1895;2027-05-05 13:49:50;;800
co1896;2027-05-05 20:18:54;;750
co1897;2027-05-06 13:53:03;;400
co1898;2027-05-06 20:28:33;;1100
co1899;2027-05-07 16:19:56;;850
co1900;2027-05-10 11:40:35;;1450
co1901;2027-05-10 17:45:52;;1150
co1902;2027-05-11 12:26:26;;350
co1903;2027-05-11 18:17:34;;1250
co1904;2027-05-12 12:29:50;;850
co1905;2027-05-12 18:24:22;;1500
co1906;2027-05-13 12:43:26;;1100
co1907;2027-05-13 18:51:34;;350
co1908;2027-05-14 15:27:39;;850
co1909;2027-05-17 11:11:42;;1000
co1910;2027-05-17 16:48:06;;300
co1911;2027-05-18 11:30:54;;650
co1912;2027-05-18 17:26:30;;900
co1913;2027-05-19 11:47:42;;1000
co1914;2027-05-19 18:00:06;;500
co1915;2027-05-20 11:54:54;;1200
co1916;2027-05-20 18:14:30;;450
co1917;2027-05-21 13:57:38;;1250
co1918;2027-05-24 10:38:40;;1050
co1919;2027-05-24 16:42:02;;650
co1920;2027-05-25 11:18:46;;1300
co1921;2027-05-25 17:02:14;;800
co1922;2027-05-26 10:59:10;;1150
co1923;2027-05-26 17:23:02;;450
co1924;2027-05-27 11:40:46;;500
co1925;2027-05-27 17:46:14;;400
co1926;2027-05-28 13:48:59;;950
co1927;2027-05-31 10:23:58;;800
co1928;2027-05-31 16:12:38;;750
co1929;2027-06-01 10:19:58;;750
co1930;2027-06-01 16:04:38;;400
co1931;2027-06-02 10:03:58;;700
co1932;2027-06-02 15:32:38;;900
co1933;2027-06-03 09:59:58;;1450
co1934;2027-06-03 16:24:38;;1500
co1935;2027-06-04 11:30:49;;1300
co1936;2027-06-04 20:00:09;;900
co1937;2027-06-07 13:33:54;;450
co1938;2027-06-07 19:32:30;;650
co1939;2027-06-08 13:43:27;;1050
co1940;2027-06-08 19:59:45;;1150
co1941;2027-06-09 14:24:19;;1450
co1942;2027-06-09 21:02:21;;750
co1943;2027-06-10 13:57:03;;1400
co1944;2027-06-10 20:40:33;;1400
co1945;2027-06-11 16:40:31;;700
co1946;2027-06-14 12:15:35;;1100
co1947;2027-06-14 17:55:52;;950
co1948;2027-06-15 12:46:26;;1000
co1949;2027-06-15 18:57:34;;550
co1950;2027-06-16 13:49:50;;850
co1951;2027-06-16 20:18:54;;900
co1952;2027-06-17 13:53:03;;850
co1953;2027-06-17 20:28:33;;1500
co1954;2027-06-18 16:19:56;;1300
co1955;2027-06-21 11:40:35;;800
co1956;2027-06-21 17:45:52;;350
co1957;2027-06-22 12:26:26;;350
co1958;2027-06-22 18:17:34;;300
co1959;2027-06-23 12:29:50;;1350
co1960;2027-06-23 18:24:22;;1450
co1961;2027-06-24 12:43:26;;550
co1962;2027-06-24 18:51:34;;1100
co1963;2027-06-25 15:27:39;;1050
co1964;2027-06-28 11:11:42;;1200
co1965;2027-06-28 16:48:06;;800
co1966;2027-06-29 11:30:54;;1000
co1967;2027-06-29 17:26:30;;650
co1968;2027-06-30 11:47:42;;950
co1969;2027-06-30 18:00:06;;1200
co1970;2027-07-01 11:54:54;;750
co1971;2027-07-01 18:14:30;;1400
co1972;2027-07-02 13:57:38;;1500
co1973;2027-07-05 10:38:40;;1450
co1974;2027-07-05 16:42:02;;400
co1975;2027-07-06 11:18:46;;950
co1976;2027-07-06 17:02:14;;350
co1977;2027-07-07 10:59:10;;1050
co1978;2027-07-07 17:23:02;;550
co1979;2027-07-08 11:40:46;;1400
co1980;2027-07-08 17:46:14;;1100
co1981;2027-07-09 13:48:59;;900
co1982;2027-07-12 10:23:58;;450
co1983;2027-07-12 16:12:38;;350
co1984;2027-07-13 10:19:58;;1300
co1985;2027-07-13 16:04:38;;500
co1986;2027-07-14 10:03:58;;1300
co1987;2027-07-14 15:32:38;;600
co1988;2027-07-15 09:59:58;;450
co1989;2027-07-15 16:24:38;;900
co1990;2027-07-16 11:30:49;;1100
co1991;2027-07-16 20:00:09;;650
co1992;2027-07-19 13:33:54;;350
co1993;2027-07-19 19:32:30;;900
co1994;2027-07-20 13:43:27;;1200
co1995;2027-07-20 19:59:45;;1400
co1996;2027-07-21 14:24:19;;700
co1997;2027-07-21 21:02:21;;350
co1998;2027-07-22 13:57:03;;600
co1999;2027-07-22 20:40:33;;900
co2000;2027-07-23 16:40:31;;850
